productId,name,cleanName,imageUrl,categoryId,groupId,url,modifiedOn,imageCount,extRarity,extNumber,extDescription,extCardType,extCardSubtype,extElement,extClass,extReserveCost,lowPrice,midPrice,highPrice,marketPrice,directLowPrice,subTypeName,extSpeed,extPower,extLife,extFlavorText,extMemoryCost,extDurability,extLevel
523538,Wildgrowth Elixir,Wildgrowth Elixir,https://tcgplayer-cdn.tcgplayer.com/product/523538_200w.jpg,74,23338,https://cpt.tcgcsv.com/Nqc6,2024-02-05T17:23:19.997,1,Uncommon,173,"Brew — Two Herbs
<br>
At the beginning of your recollection phase, put an age counter on Wildgrowth Elixir.
<br>
Sacrifice Wildgrowth Elixir: Put X buff counters on target ally, where X is the amount of age counters on Wildgrowth Elixir.",Item,Potion,Wind,Cleric,3,1.86,1.86,5.0,1.86,,Foil,,,,,,,
523538,Wildgrowth Elixir,Wildgrowth Elixir,https://tcgplayer-cdn.tcgplayer.com/product/523538_200w.jpg,74,23338,https://cpt.tcgcsv.com/Nqc6,2024-02-05T17:23:19.997,1,Uncommon,173,"Brew — Two Herbs
<br>
At the beginning of your recollection phase, put an age counter on Wildgrowth Elixir.
<br>
Sacrifice Wildgrowth Elixir: Put X buff counters on target ally, where X is the amount of age counters on Wildgrowth Elixir.",Item,Potion,Wind,Cleric,3,0.18,0.25,2.0,0.19,,Normal,,,,,,,
523541,Rapid Reload,Rapid Reload,https://tcgplayer-cdn.tcgplayer.com/product/523541_200w.jpg,74,23338,https://cpt.tcgcsv.com/Rqc6,2024-02-13T14:13:29.48,1,Uncommon,164,"[Class Bonus] Efficiency <em>(This card costs LV less to activate. LV refers to your champion's level. Apply this effect only if your champion's class matches this card's class.)</em>
<br>
Materialize a Bullet card from your material deck.",Action,Skill,Wind,Ranger,3,1.49,1.96,3.99,1.82,,Foil,Fast,,,,,,
523541,Rapid Reload,Rapid Reload,https://tcgplayer-cdn.tcgplayer.com/product/523541_200w.jpg,74,23338,https://cpt.tcgcsv.com/Rqc6,2024-02-13T14:13:29.48,1,Uncommon,164,"[Class Bonus] Efficiency <em>(This card costs LV less to activate. LV refers to your champion's level. Apply this effect only if your champion's class matches this card's class.)</em>
<br>
Materialize a Bullet card from your material deck.",Action,Skill,Wind,Ranger,3,0.15,0.25,1.0,0.19,,Normal,Fast,,,,,,
523542,Armored Valkyrie,Armored Valkyrie,https://tcgplayer-cdn.tcgplayer.com/product/523542_200w.jpg,74,23338,https://cpt.tcgcsv.com/Sqc6,2024-02-05T17:20:30.19,1,Common,153,"Steadfast <em>(This ally can retaliate while rested and doesn't rest to do so.)</em>
<br>
[Class Bonus] As long as Armored Valkyrie is retaliating, it gets +2 power. <em>(Apply this effect only if your champion's class matches this card's class.)</em>",Ally,Automaton,Wind,Guardian,3,0.04,0.19,1.0,0.1,,Normal,,2,2,,,,
523542,Armored Valkyrie,Armored Valkyrie,https://tcgplayer-cdn.tcgplayer.com/product/523542_200w.jpg,74,23338,https://cpt.tcgcsv.com/Sqc6,2024-02-05T17:20:30.19,1,Common,153,"Steadfast <em>(This ally can retaliate while rested and doesn't rest to do so.)</em>
<br>
[Class Bonus] As long as Armored Valkyrie is retaliating, it gets +2 power. <em>(Apply this effect only if your champion's class matches this card's class.)</em>",Ally,Automaton,Wind,Guardian,3,0.2,6.03,15.0,0.7,,Foil,,2,2,,,,
523546,Stream of Consciousness,Stream of Consciousness,https://tcgplayer-cdn.tcgplayer.com/product/523546_200w.jpg,74,23338,https://cpt.tcgcsv.com/Xqc6,2024-02-15T14:53:18.833,1,Common,148,"[Class Bonus] [Memory 4+] Glimpse 3. <em>(Apply this effect only if your champion's class matches this card's class and only if there are four or more cards in your memory.)</em>
<br>
Draw a card into your memory.",Action,Spell,Water,Cleric,2,0.03,0.18,1.0,0.06,,Normal,Fast,,,,,,
523546,Stream of Consciousness,Stream of Consciousness,https://tcgplayer-cdn.tcgplayer.com/product/523546_200w.jpg,74,23338,https://cpt.tcgcsv.com/Xqc6,2024-02-15T14:53:18.833,1,Common,148,"[Class Bonus] [Memory 4+] Glimpse 3. <em>(Apply this effect only if your champion's class matches this card's class and only if there are four or more cards in your memory.)</em>
<br>
Draw a card into your memory.",Action,Spell,Water,Cleric,2,1.93,5.39,18.99,2.49,,Foil,Fast,,,,,,
523550,Freezing Round,Freezing Round,https://tcgplayer-cdn.tcgplayer.com/product/523550_200w.jpg,74,23338,https://cpt.tcgcsv.com/0rc6,2024-02-05T17:23:04.607,1,Uncommon,133,"REST: Load Freezing Round into target unloaded Gun weapon you control.
<br>
On Champion Hit: That player banishes a card at random from their memory. Return that card to their memory at the beginning of their next end phase.
<br>
[Class Bonus] Floating Memory",Item,Bullet,Water,Ranger,2,2.91,4.24,14.99,4.24,,Foil,,2,,,,,
523550,Freezing Round,Freezing Round,https://tcgplayer-cdn.tcgplayer.com/product/523550_200w.jpg,74,23338,https://cpt.tcgcsv.com/0rc6,2024-02-05T17:23:04.607,1,Uncommon,133,"REST: Load Freezing Round into target unloaded Gun weapon you control.
<br>
On Champion Hit: That player banishes a card at random from their memory. Return that card to their memory at the beginning of their next end phase.
<br>
[Class Bonus] Floating Memory",Item,Bullet,Water,Ranger,2,0.09,0.2,2.0,0.18,,Normal,,2,,,,,
523556,Fanatical Devotee,Fanatical Devotee,https://tcgplayer-cdn.tcgplayer.com/product/523556_200w.jpg,74,23338,https://cpt.tcgcsv.com/8rc6,2024-02-15T14:58:12.9,1,Uncommon,102,"[Memory 4+] Fanatical Devotee gets +1 power. <em>(Apply this effect only if there are four or more cards in your memory.)</em>
<br>
[Class Bonus] On Death: You may banish two other fire element cards from your graveyard. When you do, deal 3 damage to target champion.",Ally,Automaton,Fire,Cleric;Tamer,3,9.69,11.14,18.95,11.66,,Foil,,2,2,,,,
523556,Fanatical Devotee,Fanatical Devotee,https://tcgplayer-cdn.tcgplayer.com/product/523556_200w.jpg,74,23338,https://cpt.tcgcsv.com/8rc6,2024-02-15T14:58:12.9,1,Uncommon,102,"[Memory 4+] Fanatical Devotee gets +1 power. <em>(Apply this effect only if there are four or more cards in your memory.)</em>
<br>
[Class Bonus] On Death: You may banish two other fire element cards from your graveyard. When you do, deal 3 damage to target champion.",Ally,Automaton,Fire,Cleric;Tamer,3,0.18,0.3,2.0,0.29,,Normal,,2,2,,,,
523566,Airship Engineer,Airship Engineer,https://tcgplayer-cdn.tcgplayer.com/product/523566_200w.jpg,74,23338,https://cpt.tcgcsv.com/lrc6,2024-02-15T14:59:13.947,1,Common,094,"[Class Bonus] Ranged 2 <em>(As long as this unit is distant, its attacks get +2 power. Apply this effect only if your champion's class matches this card's class.)</em>
<br>
On Enter: If you control a distant unit, draw a card into your memory.",Ally,Human,Fire,Ranger,2,1.99,2.75,7.99,2.45,,Foil,,1,2,,,,
523566,Airship Engineer,Airship Engineer,https://tcgplayer-cdn.tcgplayer.com/product/523566_200w.jpg,74,23338,https://cpt.tcgcsv.com/lrc6,2024-02-15T14:59:13.947,1,Common,094,"[Class Bonus] Ranged 2 <em>(As long as this unit is distant, its attacks get +2 power. Apply this effect only if your champion's class matches this card's class.)</em>
<br>
On Enter: If you control a distant unit, draw a card into your memory.",Ally,Human,Fire,Ranger,2,0.01,0.17,1.0,0.06,,Normal,,1,2,,,,
523571,Supply Drone,Supply Drone,https://tcgplayer-cdn.tcgplayer.com/product/523571_200w.jpg,74,23338,https://cpt.tcgcsv.com/rrc6,2024-04-09T11:48:27.27,1,Uncommon,085,"[Class Bonus] At the beginning of your recollection phase, materialize a Bullet card with memory cost 0 from your material deck. <em>(Apply this effect only if your champion's class matches this card's class.)</em>",Ally,Automaton,Norm,Ranger,3,0.12,0.2,2.0,0.14,,Normal,,0,4,<em>Armor-plated and heat-resistant to prevent the sympathetic detonation of critical munitions.</em>,,,
523571,Supply Drone,Supply Drone,https://tcgplayer-cdn.tcgplayer.com/product/523571_200w.jpg,74,23338,https://cpt.tcgcsv.com/rrc6,2024-04-09T11:48:27.27,1,Uncommon,085,"[Class Bonus] At the beginning of your recollection phase, materialize a Bullet card with memory cost 0 from your material deck. <em>(Apply this effect only if your champion's class matches this card's class.)</em>",Ally,Automaton,Norm,Ranger,3,1.95,2.75,5.8,3.06,,Foil,,0,4,<em>Armor-plated and heat-resistant to prevent the sympathetic detonation of critical munitions.</em>,,,
523602,Springleaf,Springleaf,https://tcgplayer-cdn.tcgplayer.com/product/523602_200w.jpg,74,23338,https://cpt.tcgcsv.com/3sc6,2024-02-15T14:56:10.437,1,Common,081,"Sacrifice Springleaf: Put a card from your hand on the bottom of your deck. If you do, draw a card.",Item;Token,Herb;Adjuvant;Leaf,Norm,Cleric,1,1.25,4.97,7.99,4.12,,Foil,,,,,,,
523602,Springleaf,Springleaf,https://tcgplayer-cdn.tcgplayer.com/product/523602_200w.jpg,74,23338,https://cpt.tcgcsv.com/3sc6,2024-02-15T14:56:10.437,1,Common,081,"Sacrifice Springleaf: Put a card from your hand on the bottom of your deck. If you do, draw a card.",Item;Token,Herb;Adjuvant;Leaf,Norm,Cleric,1,0.08,0.18,1.0,0.09,,Normal,,,,,,,
523613,Silvershine,Silvershine,https://tcgplayer-cdn.tcgplayer.com/product/523613_200w.jpg,74,23338,https://cpt.tcgcsv.com/hsc6,2024-02-05T17:23:13.43,1,Common,080,Sacrifice Silvershine: Recover 1.,Item;Token,Herb;Catalyst;Flower,Norm,Cleric,1,4.99,7.43,9.99,4.23,,Foil,,,,,,,
523613,Silvershine,Silvershine,https://tcgplayer-cdn.tcgplayer.com/product/523613_200w.jpg,74,23338,https://cpt.tcgcsv.com/hsc6,2024-02-05T17:23:13.43,1,Common,080,Sacrifice Silvershine: Recover 1.,Item;Token,Herb;Catalyst;Flower,Norm,Cleric,1,0.08,0.18,1.0,0.09,,Normal,,,,,,,
523620,Razorvine,Razorvine,https://tcgplayer-cdn.tcgplayer.com/product/523620_200w.jpg,74,23338,https://cpt.tcgcsv.com/qsc6,2024-02-26T19:29:34.017,1,Common,071,"Sacrifice Razorvine: Put a card from your hand on the bottom of your deck. If you do, draw a card.",Item;Token,Herb;Leaf;Catalyst,Norm,Cleric,1,1.94,6.95,13.0,2.98,,Foil,,,,,,,
523620,Razorvine,Razorvine,https://tcgplayer-cdn.tcgplayer.com/product/523620_200w.jpg,74,23338,https://cpt.tcgcsv.com/qsc6,2024-02-26T19:29:34.017,1,Common,071,"Sacrifice Razorvine: Put a card from your hand on the bottom of your deck. If you do, draw a card.",Item;Token,Herb;Leaf;Catalyst,Norm,Cleric,1,0.05,0.19,1.0,0.17,,Normal,,,,,,,
523623,Potion of Healing,Potion of Healing,https://tcgplayer-cdn.tcgplayer.com/product/523623_200w.jpg,74,23338,https://cpt.tcgcsv.com/tsc6,2024-02-15T14:46:57.787,1,Common,069,"Brew — Two Herbs <em>(You may sacrifice the listed objects rather than pay this card's reserve cost.)</em>
<br>
Sacrifice Healing Potion: Recover 5. <em>(To recover, remove that many damage counters from your champion.)</em>",Item,Potion,Norm,Cleric,3,0.05,0.2,1.0,0.13,,Normal,,,,,,,
523623,Potion of Healing,Potion of Healing,https://tcgplayer-cdn.tcgplayer.com/product/523623_200w.jpg,74,23338,https://cpt.tcgcsv.com/tsc6,2024-02-15T14:46:57.787,1,Common,069,"Brew — Two Herbs <em>(You may sacrifice the listed objects rather than pay this card's reserve cost.)</em>
<br>
Sacrifice Healing Potion: Recover 5. <em>(To recover, remove that many damage counters from your champion.)</em>",Item,Potion,Norm,Cleric,3,13.91,14.67,20.8,4.92,,Foil,,,,,,,
523628,Manaroot,Manaroot,https://tcgplayer-cdn.tcgplayer.com/product/523628_200w.jpg,74,23338,https://cpt.tcgcsv.com/Bsc6,2024-04-09T11:46:39.487,1,Common,063,Sacrifice Manaroot: Your champion gets +1 level until end of turn.,Item;Token,Herb;Adjuvant;Root,Norm,Cleric,1,0.05,0.2,1.0,0.08,,Normal,,,,,,,
523628,Manaroot,Manaroot,https://tcgplayer-cdn.tcgplayer.com/product/523628_200w.jpg,74,23338,https://cpt.tcgcsv.com/Bsc6,2024-04-09T11:46:39.487,1,Common,063,Sacrifice Manaroot: Your champion gets +1 level until end of turn.,Item;Token,Herb;Adjuvant;Root,Norm,Cleric,1,6.78,12.5,14.99,6.78,,Foil,,,,,,,
523632,Fraysia,Fraysia,https://tcgplayer-cdn.tcgplayer.com/product/523632_200w.jpg,74,23338,https://cpt.tcgcsv.com/Gsc6,2024-02-15T14:55:20.827,1,Common,056,Sacrifice Fraysia: Recover 1.,Item;Token,Herb;Adjuvant;Flower,Norm,Cleric,1,2.42,3.84,9.99,2.83,,Foil,,,,,,,
523632,Fraysia,Fraysia,https://tcgplayer-cdn.tcgplayer.com/product/523632_200w.jpg,74,23338,https://cpt.tcgcsv.com/Gsc6,2024-02-15T14:55:20.827,1,Common,056,Sacrifice Fraysia: Recover 1.,Item;Token,Herb;Adjuvant;Flower,Norm,Cleric,1,0.05,0.18,1.0,0.1,,Normal,,,,,,,
523635,Blightroot,Blightroot,https://tcgplayer-cdn.tcgplayer.com/product/523635_200w.jpg,74,23338,https://cpt.tcgcsv.com/Ksc6,2024-04-09T11:44:22.92,1,Common,046,Sacrifice Blightroot: Your champion gets +1 level until end of turn.,Item;Token,Herb;Catalyst;Root,Norm,Cleric,1,0.05,0.2,1.0,0.07,,Normal,,,,,,,
523635,Blightroot,Blightroot,https://tcgplayer-cdn.tcgplayer.com/product/523635_200w.jpg,74,23338,https://cpt.tcgcsv.com/Ksc6,2024-04-09T11:44:22.92,1,Common,046,Sacrifice Blightroot: Your champion gets +1 level until end of turn.,Item;Token,Herb;Catalyst;Root,Norm,Cleric,1,5.2,15.96,19.99,4.28,,Foil,,,,,,,
523658,Seeker's Rifle,Seekers Rifle,https://tcgplayer-cdn.tcgplayer.com/product/523658_200w.jpg,74,23338,https://cpt.tcgcsv.com/btc6,2024-01-26T05:03:17.27,1,Rare,027,"[Class Bonus] True Sight <em>(Attacks using this weapon can target units with stealth.)</em>
<br>
[Class Bonus] Spellshroud
<br>
On Kill: You may pay 2. If you do, materialize a Bullet card from your material deck.",Weapon;Regalia,Gun,Norm,Ranger,,0.78,1.25,2.0,1.08,,Normal,,1,,,0,2,
523658,Seeker's Rifle,Seekers Rifle,https://tcgplayer-cdn.tcgplayer.com/product/523658_200w.jpg,74,23338,https://cpt.tcgcsv.com/btc6,2024-01-26T05:03:17.27,1,Rare,027,"[Class Bonus] True Sight <em>(Attacks using this weapon can target units with stealth.)</em>
<br>
[Class Bonus] Spellshroud
<br>
On Kill: You may pay 2. If you do, materialize a Bullet card from your material deck.",Weapon;Regalia,Gun,Norm,Ranger,,8.99,11.86,19.99,11.99,,Foil,,1,,,0,2,
523667,"Tonoris, Might of Humanity",Tonoris Might of Humanity,https://tcgplayer-cdn.tcgplayer.com/product/523667_200w.jpg,74,23338,https://cpt.tcgcsv.com/mtc6,2024-02-15T14:52:33.22,1,Common,013,"Tonoris Lineage <em>(Tonoris, Might of Humanity must be leveled from a previous level ""Tonoris"" champion.)</em>
<br>
On Enter: Tonoris' next attack this turn gets +3 power.",Champion,Human,Norm,Guardian,,0.05,0.2,2.0,0.08,,Normal,,,25,"<em>With replenished strength, Tonoris serves as a beacon of hope for humanity's salvation.</em>",2,,2
523667,"Tonoris, Might of Humanity",Tonoris Might of Humanity,https://tcgplayer-cdn.tcgplayer.com/product/523667_200w.jpg,74,23338,https://cpt.tcgcsv.com/mtc6,2024-02-15T14:52:33.22,1,Common,013,"Tonoris Lineage <em>(Tonoris, Might of Humanity must be leveled from a previous level ""Tonoris"" champion.)</em>
<br>
On Enter: Tonoris' next attack this turn gets +3 power.",Champion,Human,Norm,Guardian,,9.42,9.97,29.99,10.47,,Foil,,,25,"<em>With replenished strength, Tonoris serves as a beacon of hope for humanity's salvation.</em>",2,,2
523669,"Tonoris, Lone Mercenary",Tonoris Lone Mercenary,https://tcgplayer-cdn.tcgplayer.com/product/523669_200w.jpg,74,23338,https://cpt.tcgcsv.com/ptc6,2024-02-13T14:13:37.107,1,Common,012,"On Enter: Tonoris gains taunt until the beginning of your next turn. <em>(While awake, this unit must be targeted before other units you control during your opponents' attack declarations if able.)</em>",Champion,Human,Norm,Guardian,,0.05,0.2,2.0,0.09,,Normal,,,20,"<em>Exiled and purged, he searches for his own truth.</em>",1,,1
523669,"Tonoris, Lone Mercenary",Tonoris Lone Mercenary,https://tcgplayer-cdn.tcgplayer.com/product/523669_200w.jpg,74,23338,https://cpt.tcgcsv.com/ptc6,2024-02-13T14:13:37.107,1,Common,012,"On Enter: Tonoris gains taunt until the beginning of your next turn. <em>(While awake, this unit must be targeted before other units you control during your opponents' attack declarations if able.)</em>",Champion,Human,Norm,Guardian,,19.0,23.58,31.88,23.79,,Foil,,,20,"<em>Exiled and purged, he searches for his own truth.</em>",1,,1
523672,"Diana, Deadly Duelist",Diana Deadly Duelist,https://tcgplayer-cdn.tcgplayer.com/product/523672_200w.jpg,74,23338,https://cpt.tcgcsv.com/stc6,2024-02-05T17:21:15.893,1,Common,009,"Diana Lineage <em>(Diana, Deadly Duelist must be leveled from a previous level ""Diana"" champion.)</em>
<br>
On Enter: Materialize a Bullet card from your material deck. <em>(You still pay its costs.)</em>
<br>
Inherited Effect: Ranged 2",Champion,Human,Norm,Ranger,,14.99,19.22,29.99,15.03,,Foil,,,22,,2,,2
523672,"Diana, Deadly Duelist",Diana Deadly Duelist,https://tcgplayer-cdn.tcgplayer.com/product/523672_200w.jpg,74,23338,https://cpt.tcgcsv.com/stc6,2024-02-05T17:21:15.893,1,Common,009,"Diana Lineage <em>(Diana, Deadly Duelist must be leveled from a previous level ""Diana"" champion.)</em>
<br>
On Enter: Materialize a Bullet card from your material deck. <em>(You still pay its costs.)</em>
<br>
Inherited Effect: Ranged 2",Champion,Human,Norm,Ranger,,0.05,0.19,2.0,0.11,,Normal,,,22,,2,,2
523676,"Diana, Keen Huntress",Diana Keen Huntress,https://tcgplayer-cdn.tcgplayer.com/product/523676_200w.jpg,74,23338,https://cpt.tcgcsv.com/xtc6,2024-04-09T11:45:57.65,1,Common,008,Lineage Release — Materialize a Gun card from your material deck. <em>(Activate this ability by banishing this card from your champion's inner lineage.)</em>,Champion,Human,Norm,Ranger,,0.05,0.2,1.0,0.12,,Normal,,,19,"<em>A talented archer in a past life, her mastery of firearms came naturally while on Azoth.</em>",1,,1
523676,"Diana, Keen Huntress",Diana Keen Huntress,https://tcgplayer-cdn.tcgplayer.com/product/523676_200w.jpg,74,23338,https://cpt.tcgcsv.com/xtc6,2024-04-09T11:45:57.65,1,Common,008,Lineage Release — Materialize a Gun card from your material deck. <em>(Activate this ability by banishing this card from your champion's inner lineage.)</em>,Champion,Human,Norm,Ranger,,23.61,26.91,29.99,23.07,,Foil,,,19,"<em>A talented archer in a past life, her mastery of firearms came naturally while on Azoth.</em>",1,,1
523677,"Arisanna, Master Alchemist",Arisanna Master Alchemist,https://tcgplayer-cdn.tcgplayer.com/product/523677_200w.jpg,74,23338,https://cpt.tcgcsv.com/ztc6,2024-02-15T14:57:38.17,1,Common,005,"Arisanna Lineage <em>(Arisanna, Master Alchemist must be leveled from a previous level ""Arisanna"" champion.)</em>
<br>
On Enter: Gather twice.
<br>
Inherited Effect: At the beginning of your end phase, you may sacrifice two Herbs with the same name. If you do, draw a card.",Champion,Human,Norm,Cleric,,24.99,26.48,27.97,15.03,,Foil,,,22,,2,,2
523677,"Arisanna, Master Alchemist",Arisanna Master Alchemist,https://tcgplayer-cdn.tcgplayer.com/product/523677_200w.jpg,74,23338,https://cpt.tcgcsv.com/ztc6,2024-02-15T14:57:38.17,1,Common,005,"Arisanna Lineage <em>(Arisanna, Master Alchemist must be leveled from a previous level ""Arisanna"" champion.)</em>
<br>
On Enter: Gather twice.
<br>
Inherited Effect: At the beginning of your end phase, you may sacrifice two Herbs with the same name. If you do, draw a card.",Champion,Human,Norm,Cleric,,0.05,0.19,2.0,0.11,,Normal,,,22,,2,,2
523695,"Arisanna, Herbalist Prodigy",Arisanna Herbalist Prodigy,https://tcgplayer-cdn.tcgplayer.com/product/523695_200w.jpg,74,23338,https://cpt.tcgcsv.com/Wtc6,2024-04-09T11:43:43.29,1,Common,004,"On Enter: Gather twice. <em>(To gather, summon a Blightroot, Manaroot, Silvershine, Fraysia, Razorvine, or Springleaf token, chosen at random.)</em>",Champion,Human,Norm,Cleric,,0.05,0.2,2.0,0.13,,Normal,,,19,"<em>""Adjuvants, catalysts, and materia abound! This world offers so much potential for research and experimentation. Now, what about this mixture?""</em>",1,,1
523695,"Arisanna, Herbalist Prodigy",Arisanna Herbalist Prodigy,https://tcgplayer-cdn.tcgplayer.com/product/523695_200w.jpg,74,23338,https://cpt.tcgcsv.com/Wtc6,2024-04-09T11:43:43.29,1,Common,004,"On Enter: Gather twice. <em>(To gather, summon a Blightroot, Manaroot, Silvershine, Fraysia, Razorvine, or Springleaf token, chosen at random.)</em>",Champion,Human,Norm,Cleric,,11.25,39.94,49.99,34.81,,Foil,,,19,"<em>""Adjuvants, catalysts, and materia abound! This world offers so much potential for research and experimentation. Now, what about this mixture?""</em>",1,,1
524363,Sidestep,Sidestep,https://tcgplayer-cdn.tcgplayer.com/product/524363_200w.jpg,74,23338,https://cpt.tcgcsv.com/hMc6,2024-01-26T05:03:17.27,1,Common,079,"[Level 2+] This card costs 1 less to activate. <em>(Apply this effect only if your champion is level 2 or higher.)</em>
<br>Target ally gains stealth until end of turn. <em>(This unit can't be targeted by attacks unless permitted by true sight.)</em>",Action,Reaction;Skill,Norm,Assassin,2,1.02,1.49,4.99,1.31,,Foil,Fast,,,,,,
524363,Sidestep,Sidestep,https://tcgplayer-cdn.tcgplayer.com/product/524363_200w.jpg,74,23338,https://cpt.tcgcsv.com/hMc6,2024-01-26T05:03:17.27,1,Common,079,"[Level 2+] This card costs 1 less to activate. <em>(Apply this effect only if your champion is level 2 or higher.)</em>
<br>Target ally gains stealth until end of turn. <em>(This unit can't be targeted by attacks unless permitted by true sight.)</em>",Action,Reaction;Skill,Norm,Assassin,2,0.04,0.17,1.0,0.08,,Normal,Fast,,,,,,
524367,Crimson Tear,Crimson Tear,https://tcgplayer-cdn.tcgplayer.com/product/524367_200w.jpg,74,23338,https://cpt.tcgcsv.com/mMc6,2024-01-26T05:03:17.27,1,Super Rare,099,"[Level 1+] As long as Crimson Tear is attacking or retaliating against a Human, Crimson Tear gets +1 power
<br>[Level 2+] Whenever you activate a Reaction card that targets Crimson Tear, draw a card into your memory. Then if it's not your turn, wake up Crimson Tear.",Ally;Unique,Automaton,Fire,Assassin,2,17.99,44.57,64.0,,,Foil,,2,2,,,,
524367,Crimson Tear,Crimson Tear,https://tcgplayer-cdn.tcgplayer.com/product/524367_200w.jpg,74,23338,https://cpt.tcgcsv.com/mMc6,2024-01-26T05:03:17.27,1,Super Rare,099,"[Level 1+] As long as Crimson Tear is attacking or retaliating against a Human, Crimson Tear gets +1 power
<br>[Level 2+] Whenever you activate a Reaction card that targets Crimson Tear, draw a card into your memory. Then if it's not your turn, wake up Crimson Tear.",Ally;Unique,Automaton,Fire,Assassin,2,2.85,5.0,30.99,3.81,,Normal,,2,2,,,,
524368,Crimson Tear (CSR) (ALC1E),Crimson Tear CSR ALC1E,https://tcgplayer-cdn.tcgplayer.com/product/524368_200w.jpg,74,23338,https://cpt.tcgcsv.com/nMc6,2024-01-26T05:03:17.27,1,Collector Super Rare,099,"[Level 1+] As long as Crimson Tear is attacking or retaliating against a Human, Crimson Tear gets +1 power
<br>[Level 2+] Whenever you activate a Reaction card that targets Crimson Tear, draw a card into your memory. Then if it's not your turn, wake up Crimson Tear.",,,Fire,,2,299.95,347.49,700.0,199.99,,Foil,,2,2,,,,
524369,Navigate the Streets,Navigate the Streets,https://tcgplayer-cdn.tcgplayer.com/product/524369_200w.jpg,74,23338,https://cpt.tcgcsv.com/pMc6,2024-01-26T05:03:17.27,1,Uncommon,064,"Glimpse 1+X, where X is the amount of domains you control. <em>(To glimpse, look at that many cards from the top of your deck. Put those cards back on the top or on the bottom of your deck in any order.)</em>
<br>Floating Memory",Action,Skill,Norm,Ranger,1,4.99,6.22,10.5,5.78,,Foil,Slow,,,,,,
524369,Navigate the Streets,Navigate the Streets,https://tcgplayer-cdn.tcgplayer.com/product/524369_200w.jpg,74,23338,https://cpt.tcgcsv.com/pMc6,2024-01-26T05:03:17.27,1,Uncommon,064,"Glimpse 1+X, where X is the amount of domains you control. <em>(To glimpse, look at that many cards from the top of your deck. Put those cards back on the top or on the bottom of your deck in any order.)</em>
<br>Floating Memory",Action,Skill,Norm,Ranger,1,0.18,0.25,2.0,0.2,,Normal,Slow,,,,,,
524370,"Dahlia, Idyllic Dreamer",Dahlia Idyllic Dreamer,https://tcgplayer-cdn.tcgplayer.com/product/524370_200w.jpg,74,23338,https://cpt.tcgcsv.com/qMc6,2024-01-26T05:03:17.27,1,Super Rare,128,"[Class Bonus] On Attack: Look at the top card of your deck. If it's a water element card, you may put it into your graveyard.
<br>Dahlia has ranged X, where X is the amount of water element cards in your graveyard.",Ally;Unique,Automaton,Water,Ranger,3,12.99,20.99,28.98,10.59,,Foil,,1,3,,,,
524370,"Dahlia, Idyllic Dreamer",Dahlia Idyllic Dreamer,https://tcgplayer-cdn.tcgplayer.com/product/524370_200w.jpg,74,23338,https://cpt.tcgcsv.com/qMc6,2024-01-26T05:03:17.27,1,Super Rare,128,"[Class Bonus] On Attack: Look at the top card of your deck. If it's a water element card, you may put it into your graveyard.
<br>Dahlia has ranged X, where X is the amount of water element cards in your graveyard.",Ally;Unique,Automaton,Water,Ranger,3,4.56,5.58,19.99,5.21,,Normal,,1,3,,,,
524371,"Dahlia, Idyllic Dreamer (CSR) (ALC1E)",Dahlia Idyllic Dreamer CSR ALC1E,https://tcgplayer-cdn.tcgplayer.com/product/524371_200w.jpg,74,23338,https://cpt.tcgcsv.com/rMc6,2024-01-26T05:03:17.27,1,Collector Super Rare,128,"[Class Bonus] On Attack: Look at the top card of your deck. If it's a water element card, you may put it into your graveyard.
<br>Dahlia has ranged X, where X is the amount of water element cards in your graveyard.",,,Water,,3,319.9,334.96,334.97,,,Foil,,1,3,,,,
524372,Into the Fray,Into the Fray,https://tcgplayer-cdn.tcgplayer.com/product/524372_200w.jpg,74,23338,https://cpt.tcgcsv.com/sMc6,2024-02-15T14:50:39.47,1,Common,060,"Up to one target ally you control gets +1power until end of turn for each other ally you control.
[Class Bonus] Floating Memory <em>(While paying for a memory cost, you may banish this card from your graveyard to pay for 1 of that cost.)",Action,Skill,Norm,Guardian,2,1.49,3.74,6.71,1.73,,Foil,Fast,,,,,,
524372,Into the Fray,Into the Fray,https://tcgplayer-cdn.tcgplayer.com/product/524372_200w.jpg,74,23338,https://cpt.tcgcsv.com/sMc6,2024-02-15T14:50:39.47,1,Common,060,"Up to one target ally you control gets +1power until end of turn for each other ally you control.
[Class Bonus] Floating Memory <em>(While paying for a memory cost, you may banish this card from your graveyard to pay for 1 of that cost.)",Action,Skill,Norm,Guardian,2,0.03,0.18,1.0,0.09,,Normal,Fast,,,,,,
524373,Cyclonic Strike,Cyclonic Strike,https://tcgplayer-cdn.tcgplayer.com/product/524373_200w.jpg,74,23338,https://cpt.tcgcsv.com/tMc6,2024-01-26T05:03:17.27,1,Rare,155,"[Class Bonus] [0]: Suppress target ally you don't control. If you do, Cyclonic Strike gets -2 power. Activate this ability only once. <em>(To suppress an ally, banish it and return it to the field under it's owner's control at the beginning of the next end phase. Activate this ability only while this card is in an intent.)</em>",Attack,Accessory;Sword,Wind,Guardian,4,0.1,0.3,1.94,0.16,,Normal,,4,,,,,
524373,Cyclonic Strike,Cyclonic Strike,https://tcgplayer-cdn.tcgplayer.com/product/524373_200w.jpg,74,23338,https://cpt.tcgcsv.com/tMc6,2024-01-26T05:03:17.27,1,Rare,155,"[Class Bonus] [0]: Suppress target ally you don't control. If you do, Cyclonic Strike gets -2 power. Activate this ability only once. <em>(To suppress an ally, banish it and return it to the field under it's owner's control at the beginning of the next end phase. Activate this ability only while this card is in an intent.)</em>",Attack,Accessory;Sword,Wind,Guardian,4,0.76,0.91,2.98,1.49,,Foil,,4,,,,,
524374,"Rose, Eternal Paragon",Rose Eternal Paragon,https://tcgplayer-cdn.tcgplayer.com/product/524374_200w.jpg,74,23338,https://cpt.tcgcsv.com/vMc6,2024-01-26T05:03:17.27,1,Super Rare,166,"Intercept, True Sight
<br>[Class Bonus] Fast Activation <br>(You may activate this card at fast speed.)
<br>[Level 2+] On Enter: You may change the target of an attack to Rose. If you do, Rose gets +1 Life until end of turn.",Ally;Unique,Automaton,Wind,Warrior;Guardian,4,9.99,14.62,23.7,12.41,,Normal,,2,3,,,,
524374,"Rose, Eternal Paragon",Rose Eternal Paragon,https://tcgplayer-cdn.tcgplayer.com/product/524374_200w.jpg,74,23338,https://cpt.tcgcsv.com/vMc6,2024-01-26T05:03:17.27,1,Super Rare,166,"Intercept, True Sight
<br>[Class Bonus] Fast Activation <br>(You may activate this card at fast speed.)
<br>[Level 2+] On Enter: You may change the target of an attack to Rose. If you do, Rose gets +1 Life until end of turn.",Ally;Unique,Automaton,Wind,Warrior;Guardian,4,34.99,34.99,44.76,33.68,,Foil,,2,3,,,,
525155,Escape the Wreckage,Escape the Wreckage,https://tcgplayer-cdn.tcgplayer.com/product/525155_200w.jpg,74,23338,https://cpt.tcgcsv.com/75d6,2024-02-05T17:22:57.563,1,Common,053,"Return target ally you control to your memory. If you do, draw a card into your memory.",Action,Skill,Norm,Ranger,3,2.91,12.0,14.99,13.96,,Foil,Fast,,,<em>A sudden and dangerous rescue in enemy lands.</em>,,,
525155,Escape the Wreckage,Escape the Wreckage,https://tcgplayer-cdn.tcgplayer.com/product/525155_200w.jpg,74,23338,https://cpt.tcgcsv.com/75d6,2024-02-05T17:22:57.563,1,Common,053,"Return target ally you control to your memory. If you do, draw a card into your memory.",Action,Skill,Norm,Ranger,3,0.18,0.25,0.99,0.22,,Normal,Fast,,,<em>A sudden and dangerous rescue in enemy lands.</em>,,,
525156,Torrential Blast,Torrential Blast,https://tcgplayer-cdn.tcgplayer.com/product/525156_200w.jpg,74,23338,https://cpt.tcgcsv.com/85d6,2024-01-26T05:03:17.27,1,Rare,150,"[Class Bonus] Put the top two cards of your deck into your graveyard. <em>(Apply this effect only if your champion's class matches this card's class.)</em>
<br>
Deal an amount of damage to up to one target ally equal to the amount of water element cards in your graveyard.",Action,Spell,Water,Cleric,3,2.99,4.8,24.0,6.99,,Foil,Fast,,,,,,
525156,Torrential Blast,Torrential Blast,https://tcgplayer-cdn.tcgplayer.com/product/525156_200w.jpg,74,23338,https://cpt.tcgcsv.com/85d6,2024-01-26T05:03:17.27,1,Rare,150,"[Class Bonus] Put the top two cards of your deck into your graveyard. <em>(Apply this effect only if your champion's class matches this card's class.)</em>
<br>
Deal an amount of damage to up to one target ally equal to the amount of water element cards in your graveyard.",Action,Spell,Water,Cleric,3,0.19,0.41,1.98,0.36,,Normal,Fast,,,,,,
525157,Potion Infusion: Clarity,Potion Infusion Clarity,https://tcgplayer-cdn.tcgplayer.com/product/525157_200w.jpg,74,23338,https://cpt.tcgcsv.com/95d6,2024-01-26T05:03:17.27,1,Rare,140,"[Class Bonus] This card costs 2 less to activate. <em>(Apply this effect only if your champion's class matches this card's class.)</em>
<br>
Rest target Potion. If you do, it gains ""On Sacrifice: Draw two card"" until end of turn. <em>(This trigger would resolve before the Potion's ability.)</em>",Action,Spell,Water,Cleric,7,0.08,0.3,1.8,0.12,,Normal,Fast,,,,,,
525157,Potion Infusion: Clarity,Potion Infusion Clarity,https://tcgplayer-cdn.tcgplayer.com/product/525157_200w.jpg,74,23338,https://cpt.tcgcsv.com/95d6,2024-01-26T05:03:17.27,1,Rare,140,"[Class Bonus] This card costs 2 less to activate. <em>(Apply this effect only if your champion's class matches this card's class.)</em>
<br>
Rest target Potion. If you do, it gains ""On Sacrifice: Draw two card"" until end of turn. <em>(This trigger would resolve before the Potion's ability.)</em>",Action,Spell,Water,Cleric,7,2.49,5.99,11.0,,,Foil,Fast,,,,,,
525403,"Rococo, Explosive Maven",Rococo Explosive Maven,https://tcgplayer-cdn.tcgplayer.com/product/525403_200w.jpg,74,23338,https://cpt.tcgcsv.com/5bd6,2024-01-26T05:03:17.27,1,Super Rare,118,"On Enter: If your Influence is four or less, deal 2 damage to target champion. <em>(A player's influence is equal to the total amount of cards in their hand and memory)</em>",Ally;Unique,Automaton,Fire,Ranger,1,29.78,30.28,50.0,30.28,,Normal,,1,1,"<em>""Grandpa always said it's best to have a blast!""</em>",,,
525403,"Rococo, Explosive Maven",Rococo Explosive Maven,https://tcgplayer-cdn.tcgplayer.com/product/525403_200w.jpg,74,23338,https://cpt.tcgcsv.com/5bd6,2024-01-26T05:03:17.27,1,Super Rare,118,"On Enter: If your Influence is four or less, deal 2 damage to target champion. <em>(A player's influence is equal to the total amount of cards in their hand and memory)</em>",Ally;Unique,Automaton,Fire,Ranger,1,59.69,69.99,95.0,32.0,,Foil,,1,1,"<em>""Grandpa always said it's best to have a blast!""</em>",,,
525404,Fireworks Display,Fireworks Display,https://tcgplayer-cdn.tcgplayer.com/product/525404_200w.jpg,74,23338,https://cpt.tcgcsv.com/6bd6,2024-01-26T05:03:17.27,1,Uncommon,107,"Deal 1 damage to all units target player controls. Until end of turn, if a unit that player controls would die, banish it instead.",Action,Skill,Fire,Ranger,3,0.09,0.2,2.0,0.11,,Normal,Fast,,,<em>An explosion is perfect for both friends and enemies. The only difference is just the distance.</em>,,,
525404,Fireworks Display,Fireworks Display,https://tcgplayer-cdn.tcgplayer.com/product/525404_200w.jpg,74,23338,https://cpt.tcgcsv.com/6bd6,2024-01-26T05:03:17.27,1,Uncommon,107,"Deal 1 damage to all units target player controls. Until end of turn, if a unit that player controls would die, banish it instead.",Action,Skill,Fire,Ranger,3,0.78,2.2,5.0,0.97,,Foil,Fast,,,<em>An explosion is perfect for both friends and enemies. The only difference is just the distance.</em>,,,
525405,Dormant Sacrificial Altar,Dormant Sacrificial Altar,https://tcgplayer-cdn.tcgplayer.com/product/525405_200w.jpg,74,23338,https://cpt.tcgcsv.com/7bd6,2024-01-26T05:03:17.27,1,Uncommon,130,"On Enter: Draw a card into your memory.
<br>Sacrifice an Automaton ally and a Human ally: Put the top two cards of your deck into your graveyard.",Domain,Crossroads,Water,Cleric,2,0.08,0.23,2.0,0.17,,Normal,,,,<em>The mythological resting place of a voracious titan.</em>,,,
525405,Dormant Sacrificial Altar,Dormant Sacrificial Altar,https://tcgplayer-cdn.tcgplayer.com/product/525405_200w.jpg,74,23338,https://cpt.tcgcsv.com/7bd6,2024-01-26T05:03:17.27,1,Uncommon,130,"On Enter: Draw a card into your memory.
<br>Sacrifice an Automaton ally and a Human ally: Put the top two cards of your deck into your graveyard.",Domain,Crossroads,Water,Cleric,2,2.99,2.99,2.99,5.96,,Foil,,,,<em>The mythological resting place of a voracious titan.</em>,,,
525406,Awakened Frostguard,Awakened Frostguard,https://tcgplayer-cdn.tcgplayer.com/product/525406_200w.jpg,74,23338,https://cpt.tcgcsv.com/8bd6,2024-01-26T05:03:17.27,1,Rare,124,"[Class Bonus] Foster
<br>On Foster: you may bansih up to two cards with floating memory from your graveyard. For each card banished this way, put a buff counter on Awakened Frostguard and draw a card.
<br>Awakened Frostguard has vigor as long as it's fostered.",Ally,Automaton,Water,Guardian,2,2.99,8.92,15.98,5.06,,Foil,,1,2,,,,
525406,Awakened Frostguard,Awakened Frostguard,https://tcgplayer-cdn.tcgplayer.com/product/525406_200w.jpg,74,23338,https://cpt.tcgcsv.com/8bd6,2024-01-26T05:03:17.27,1,Rare,124,"[Class Bonus] Foster
<br>On Foster: you may bansih up to two cards with floating memory from your graveyard. For each card banished this way, put a buff counter on Awakened Frostguard and draw a card.
<br>Awakened Frostguard has vigor as long as it's fostered.",Ally,Automaton,Water,Guardian,2,0.2,0.37,1.64,0.33,,Normal,,1,2,,,,
525407,Fractal of Snow,Fractal of Snow,https://tcgplayer-cdn.tcgplayer.com/product/525407_200w.jpg,74,23338,https://cpt.tcgcsv.com/9bd6,2024-01-26T05:03:17.27,1,Rare,132,"Reservable <em>(While paying for a reserve cost, you may rest this object to pay for 1 of that cost.)</em>
<br>[Class Bonus] Sacrifice Fractal of Snow: The next time one or more allies would enter the field this turn, they enter the field rested instead.",Phantasia,Fractal,Water,Cleric,2,0.8,3.13,4.99,3.08,,Normal,,,,,,,
525407,Fractal of Snow,Fractal of Snow,https://tcgplayer-cdn.tcgplayer.com/product/525407_200w.jpg,74,23338,https://cpt.tcgcsv.com/9bd6,2024-01-26T05:03:17.27,1,Rare,132,"Reservable <em>(While paying for a reserve cost, you may rest this object to pay for 1 of that cost.)</em>
<br>[Class Bonus] Sacrifice Fractal of Snow: The next time one or more allies would enter the field this turn, they enter the field rested instead.",Phantasia,Fractal,Water,Cleric,2,8.99,29.49,49.99,10.34,,Foil,,,,,,,
525408,Meltdown,Meltdown,https://tcgplayer-cdn.tcgplayer.com/product/525408_200w.jpg,74,23338,https://cpt.tcgcsv.com/bbd6,2024-01-26T05:03:17.27,1,Uncommon,115,"[Level 2+] This card costs 1 less to activate. <em>(Apply this effect only if your champion is level 2 or higher.)
<br>Destroy target domain, item, or weapon.",Action,Spell,Fire,Cleric,4,1.99,2.81,5.99,3.28,,Foil,Slow,,,"<em>Land, artifact, treasure, no matter how perful, are all ash once faced with a lavastorm.</em>",,,
525408,Meltdown,Meltdown,https://tcgplayer-cdn.tcgplayer.com/product/525408_200w.jpg,74,23338,https://cpt.tcgcsv.com/bbd6,2024-01-26T05:03:17.27,1,Uncommon,115,"[Level 2+] This card costs 1 less to activate. <em>(Apply this effect only if your champion is level 2 or higher.)
<br>Destroy target domain, item, or weapon.",Action,Spell,Fire,Cleric,4,0.2,0.26,2.0,0.26,,Normal,Slow,,,"<em>Land, artifact, treasure, no matter how perful, are all ash once faced with a lavastorm.</em>",,,
525410,"Gloamspire, Black Market",Gloamspire Black Market,https://tcgplayer-cdn.tcgplayer.com/product/525410_200w.jpg,74,23338,https://cpt.tcgcsv.com/dbd6,2024-01-26T05:03:17.27,1,Super Rare,111,"REST: Each player with influence less than seven draws a card into their memory. Activate this ability only at slow speed.
<br>Upkeep — At the beginning of your recollection phase, if your influence is eight or greater, sacrifice Gloamspire.",Domain;Unique,Market,Fire,Assassin,3,43.72,43.86,43.99,45.53,,Foil,,,,,,,
525410,"Gloamspire, Black Market",Gloamspire Black Market,https://tcgplayer-cdn.tcgplayer.com/product/525410_200w.jpg,74,23338,https://cpt.tcgcsv.com/dbd6,2024-01-26T05:03:17.27,1,Super Rare,111,"REST: Each player with influence less than seven draws a card into their memory. Activate this ability only at slow speed.
<br>Upkeep — At the beginning of your recollection phase, if your influence is eight or greater, sacrifice Gloamspire.",Domain;Unique,Market,Fire,Assassin,3,8.39,14.94,33.0,9.09,,Normal,,,,,,,
526299,Dusklight Communion,Dusklight Communion,https://tcgplayer-cdn.tcgplayer.com/product/526299_200w.jpg,74,23338,https://cpt.tcgcsv.com/_wd6,2024-01-26T05:03:17.27,1,Super Rare,050,"As an additional cost to activate this card, bansih an astra or umbra element card from your material deck.
<br>On Enter: If the banished card was astra element, destroy up to one target phantasia. If the banished card was umbra element, Dusklight Communion gains ""Champions get -1 level.""",Unique;Phantasia,Spell,Norm,Cleric,3,11.94,19.99,49.99,16.68,,Foil,,,,,,,
526299,Dusklight Communion,Dusklight Communion,https://tcgplayer-cdn.tcgplayer.com/product/526299_200w.jpg,74,23338,https://cpt.tcgcsv.com/_wd6,2024-01-26T05:03:17.27,1,Super Rare,050,"As an additional cost to activate this card, bansih an astra or umbra element card from your material deck.
<br>On Enter: If the banished card was astra element, destroy up to one target phantasia. If the banished card was umbra element, Dusklight Communion gains ""Champions get -1 level.""",Unique;Phantasia,Spell,Norm,Cleric,3,1.77,3.53,9.95,3.42,,Normal,,,,,,,
526304,Flash Freeze,Flash Freeze,https://tcgplayer-cdn.tcgplayer.com/product/526304_200w.jpg,74,23338,https://cpt.tcgcsv.com/6xd6,2024-01-26T05:03:17.27,1,Uncommon,131,"[Class Bonus] This card costs 2 less to activate. <em>(Apply this effect only if your champion's class matches this card's class.)</em>
<br>Negate target card activation unless its controller pays [LV]. Banish the card that had its activation negated this way.",Action,Reaction;Spell,Water,Cleric,4,0.1,0.2,1.0,0.14,,Normal,Fast,,,,,,
526304,Flash Freeze,Flash Freeze,https://tcgplayer-cdn.tcgplayer.com/product/526304_200w.jpg,74,23338,https://cpt.tcgcsv.com/6xd6,2024-01-26T05:03:17.27,1,Uncommon,131,"[Class Bonus] This card costs 2 less to activate. <em>(Apply this effect only if your champion's class matches this card's class.)</em>
<br>Negate target card activation unless its controller pays [LV]. Banish the card that had its activation negated this way.",Action,Reaction;Spell,Water,Cleric,4,6.99,9.48,17.49,14.99,,Foil,Fast,,,,,,
526315,Rocket Jump,Rocket Jump,https://tcgplayer-cdn.tcgplayer.com/product/526315_200w.jpg,74,23338,https://cpt.tcgcsv.com/kxd6,2024-01-26T05:03:17.27,1,Uncommon,117,"[Class Bonus] This card costs 2 less to activate. <em>(Apply this effect only if your champion's class matches this card's class.)</em>
<br>Target unit becomes distant. If that unit is defending, deal 4 damage to its attacker.",Action,Reaction;Skill,Fire,Ranger,5,0.79,1.5,3.25,1.12,,Foil,Fast,,,,,,
526315,Rocket Jump,Rocket Jump,https://tcgplayer-cdn.tcgplayer.com/product/526315_200w.jpg,74,23338,https://cpt.tcgcsv.com/kxd6,2024-01-26T05:03:17.27,1,Uncommon,117,"[Class Bonus] This card costs 2 less to activate. <em>(Apply this effect only if your champion's class matches this card's class.)</em>
<br>Target unit becomes distant. If that unit is defending, deal 4 damage to its attacker.",Action,Reaction;Skill,Fire,Ranger,5,0.1,0.2,2.0,0.13,,Normal,Fast,,,,,,
526322,Automaton Bomber,Automaton Bomber,https://tcgplayer-cdn.tcgplayer.com/product/526322_200w.jpg,74,23338,https://cpt.tcgcsv.com/sxd6,2024-01-26T05:03:17.27,1,Common,096,"Ranged 4 <em>(As long as this unit is distant, its attacks get +4 Power.)</em>
<br>[Class Bonus] Floating Memory <em>(While paying for a memory cost, you may banish this card from your graveyard to pay for 1 of that cost.)</em>",Ally,Automaton,Fire,Ranger,3,0.01,0.17,1.0,0.07,,Normal,,1,2,,,,
526322,Automaton Bomber,Automaton Bomber,https://tcgplayer-cdn.tcgplayer.com/product/526322_200w.jpg,74,23338,https://cpt.tcgcsv.com/sxd6,2024-01-26T05:03:17.27,1,Common,096,"Ranged 4 <em>(As long as this unit is distant, its attacks get +4 Power.)</em>
<br>[Class Bonus] Floating Memory <em>(While paying for a memory cost, you may banish this card from your graveyard to pay for 1 of that cost.)</em>",Ally,Automaton,Fire,Ranger,3,1.24,1.25,5.5,1.87,,Foil,,1,2,,,,
526323,"Inzali, Unshackled Blaze",Inzali Unshackled Blaze,https://tcgplayer-cdn.tcgplayer.com/product/526323_200w.jpg,74,23338,https://cpt.tcgcsv.com/txd6,2024-01-26T05:03:17.27,1,Super Rare,112,"[Class Bonus] On Attack: You may banish a fire element card from your graveyard. If you do, deal 1 damage to each other unit.
<br>[Level 3+] [Memory 4+] Inzali gets +2Power",Ally;Unique,Automaton,Fire,Cleric,3,1.14,1.99,9.97,1.82,,Normal,,1,4,"<em>Free from eternal servitude, free to endlessly smite.</em>",,,
526323,"Inzali, Unshackled Blaze",Inzali Unshackled Blaze,https://tcgplayer-cdn.tcgplayer.com/product/526323_200w.jpg,74,23338,https://cpt.tcgcsv.com/txd6,2024-01-26T05:03:17.27,1,Super Rare,112,"[Class Bonus] On Attack: You may banish a fire element card from your graveyard. If you do, deal 1 damage to each other unit.
<br>[Level 3+] [Memory 4+] Inzali gets +2Power",Ally;Unique,Automaton,Fire,Cleric,3,11.95,15.43,69.65,16.47,,Foil,,1,4,"<em>Free from eternal servitude, free to endlessly smite.</em>",,,
526326,Forgelight Shieldmaiden,Forgelight Shieldmaiden,https://tcgplayer-cdn.tcgplayer.com/product/526326_200w.jpg,74,23338,https://cpt.tcgcsv.com/xxd6,2024-01-26T05:03:17.27,1,Common,110,"Foster <em>(At the beginning of your recollection phase, if this ally hasn't been dealt damage since the end of your previous turn, it becomes fostered.)</em>
<br>On Foster: Draw two cards, then discard a card.
<br>Class Bonus: If a fire element card was discarded, put a buff counter on forgelight Shieldmaiden.",Ally,Human,Fire,Guardian,3,5.0,5.72,11.99,6.97,,Foil,,1,2,,,,
526326,Forgelight Shieldmaiden,Forgelight Shieldmaiden,https://tcgplayer-cdn.tcgplayer.com/product/526326_200w.jpg,74,23338,https://cpt.tcgcsv.com/xxd6,2024-01-26T05:03:17.27,1,Common,110,"Foster <em>(At the beginning of your recollection phase, if this ally hasn't been dealt damage since the end of your previous turn, it becomes fostered.)</em>
<br>On Foster: Draw two cards, then discard a card.
<br>Class Bonus: If a fire element card was discarded, put a buff counter on forgelight Shieldmaiden.",Ally,Human,Fire,Guardian,3,0.04,0.15,1.0,0.08,,Normal,,1,2,,,,
526330,Forgelight Scepter,Forgelight Scepter,https://tcgplayer-cdn.tcgplayer.com/product/526330_200w.jpg,74,23338,https://cpt.tcgcsv.com/Dxd6,2024-01-26T05:03:17.27,1,Super Rare,032,"[Class Bonus] This card costs 1 less to materialize.
<br>At the beginning of each opponent's end phase, if that player has an odd amount of cards in their memory, deal 2 unpreventable damage to their champion.",Item;Regalia,Scepter,Fire,Cleric,,9.5,10.49,49.99,14.69,,Foil,,,,,,,
526330,Forgelight Scepter,Forgelight Scepter,https://tcgplayer-cdn.tcgplayer.com/product/526330_200w.jpg,74,23338,https://cpt.tcgcsv.com/Dxd6,2024-01-26T05:03:17.27,1,Super Rare,032,"[Class Bonus] This card costs 1 less to materialize.
<br>At the beginning of each opponent's end phase, if that player has an odd amount of cards in their memory, deal 2 unpreventable damage to their champion.",Item;Regalia,Scepter,Fire,Cleric,,0.25,1.06,8.97,0.92,,Normal,,,,,,,
528764,Alchemical Revolution 1st Edition Booster Pack,Alchemical Revolution 1st Edition Booster Pack,https://tcgplayer-cdn.tcgplayer.com/product/528764_200w.jpg,74,23338,https://cpt.tcgcsv.com/jwf6,2024-01-26T05:03:17.27,1,,,,,,,,,4.5,4.99,5.99,,,Normal,,,,,,,
528765,Alchemical Revolution 1st Edition Booster Box,Alchemical Revolution 1st Edition Booster Box,https://tcgplayer-cdn.tcgplayer.com/product/528765_200w.jpg,74,23338,https://cpt.tcgcsv.com/kwf6,2024-01-26T05:03:17.27,1,,,,,,,,,109.99,115.98,140.5,119.13,,Normal,,,,,,,
528767,Alchemical Revolution 1st Edition Booster Box Case,Alchemical Revolution 1st Edition Booster Box Case,https://tcgplayer-cdn.tcgplayer.com/product/528767_200w.jpg,74,23338,https://cpt.tcgcsv.com/mwf6,2024-01-26T05:03:17.27,1,,,,,,,,,589.99,589.99,589.99,589.99,,Normal,,,,,,,
531589,Spirit of Fire,spirit of fire,https://tcgplayer-cdn.tcgplayer.com/product/531589_200w.jpg,74,23338,https://cpt.tcgcsv.com/PFg6,2024-01-26T05:03:17.27,1,Common,001,On Enter: Draw seven cards.,Champion,Spirit,Fire,Spirit,,0.07,0.2,1.0,0.14,,Normal,,,15,"<em>The leyline within Flagma flares to life once more, bathing intrepid souls in a fiery vortex of might.</em>",0,,0
531590,Spirit of Water,spirit of water,https://tcgplayer-cdn.tcgplayer.com/product/531590_200w.jpg,74,23338,https://cpt.tcgcsv.com/QFg6,2024-01-26T05:03:17.27,1,Common,002,On Enter: Draw seven cards.,Champion,Spirit,Water,Spirit,,0.07,0.2,1.0,0.11,,Normal,,,15,"<em>The leyline buried in Krustal shatters awake again, infusing dauntless souls with freezing clarity.</em>",0,,0
531591,Spirit of Wind,spirit of wind,https://tcgplayer-cdn.tcgplayer.com/product/531591_200w.jpg,74,23338,https://cpt.tcgcsv.com/RFg6,2024-01-26T05:03:17.27,1,Common,003,On Enter: Draw seven cards.,Champion,Spirit,Wind,Spirit,,0.09,0.2,1.0,0.14,,Normal,,,15,"<em>The leyline encircling Winbless surges forward, invigorating curious souls with a spark of ingenuity.</em>",0,,0
531592,"Arisanna, Herbalist Prodigy (CSR) (ALC1E)",Arisanna Herbalist Prodigy CSR ALC1E,https://tcgplayer-cdn.tcgplayer.com/product/531592_200w.jpg,74,23338,https://cpt.tcgcsv.com/SFg6,2024-01-26T05:03:17.27,1,Collector Super Rare,004,"On Enter: Gather twice. (To gather, summon a Blightroot, Manaroot, Silvershine, Fraysia, Razorvine, or Springleaf token, chosen at random.)",Champion,Cleric;Human,Norm,Cleric,,,,,,,,,,19,"<em>""Adjuvants, catalysts, and materia abound! This world offers so much potential for research and experimentation. Now, what about this mixture?""</em>",1,,1
531593,"Arisanna, Master Alchemist (CSR) (005A) (ALC1E)",Arisanna Master Alchemist CSR 005A ALC1E,https://tcgplayer-cdn.tcgplayer.com/product/531593_200w.jpg,74,23338,https://cpt.tcgcsv.com/TFg6,2024-01-26T05:03:17.27,1,Collector Super Rare,005A,"Arisanna Lineage (Arisanna, Master Alchemist must be leveled from a previous level ""Arisanna"" champion.)<br>
On Enter: Gather twice.<br>
Inherited Effect: At the beginning of your end phase, you may sacrifice two Herbs with the same name. If you do, draw a card.",Champion,Cleric;Human,Norm,Cleric,,,,,,,,,,22,,2,,2
531594,"Arisanna, Master Alchemist (CSR) (005B) (ALC1E)",Arisanna Master Alchemist CSR 005B ALC1E,https://tcgplayer-cdn.tcgplayer.com/product/531594_200w.jpg,74,23338,https://cpt.tcgcsv.com/VFg6,2024-01-26T05:03:17.27,1,Collector Super Rare,005B,"Arisanna Lineage (Arisanna, Master Alchemist must be leveled from a previous level ""Arisanna"" champion.)<br>
On Enter: Gather twice.<br>
Inherited Effect: At the beginning of your end phase, you may sacrifice two Herbs with the same name. If you do, draw a card.",Champion,Cleric;Human,Norm,Cleric,,1600.0,1600.0,1600.0,,,Foil,,,22,,2,,2
531595,"Arisanna, Astral Zenith",arisanna astral zenith,https://tcgplayer-cdn.tcgplayer.com/product/531595_200w.jpg,74,23338,https://cpt.tcgcsv.com/WFg6,2024-01-26T05:03:17.27,1,Common,006,"Arisanna Lineage <br>
Once per turn, you may pay (0) rather than pay a card's starcalling costs.",Champion,Cleric;Human,Astra,Cleric,,0.05,0.19,2.0,0.12,,Normal,,,25,,3,,3
531595,"Arisanna, Astral Zenith",arisanna astral zenith,https://tcgplayer-cdn.tcgplayer.com/product/531595_200w.jpg,74,23338,https://cpt.tcgcsv.com/WFg6,2024-01-26T05:03:17.27,1,Common,006,"Arisanna Lineage <br>
Once per turn, you may pay (0) rather than pay a card's starcalling costs.",Champion,Cleric;Human,Astra,Cleric,,46.49,46.49,47.99,44.33,,Foil,,,25,,3,,3
531596,"Arisanna, Lucent Arbiter",arisanna lucent arbiter,https://tcgplayer-cdn.tcgplayer.com/product/531596_200w.jpg,74,23338,https://cpt.tcgcsv.com/XFg6,2024-01-26T05:03:17.27,1,Common,007,"Arisanna Lineage <br>
(3), [REST]: Reveal the top card of your deck. Negate target card activation if its reserve cost is equal to the reserve cost of the revealed card.",Champion,Cleric;Human,Astra,Cleric,,0.09,0.19,2.0,0.13,,Normal,,,25,"<em>""By the moon's call, you will be judged.""</em>",3,,3
531596,"Arisanna, Lucent Arbiter",arisanna lucent arbiter,https://tcgplayer-cdn.tcgplayer.com/product/531596_200w.jpg,74,23338,https://cpt.tcgcsv.com/XFg6,2024-01-26T05:03:17.27,1,Common,007,"Arisanna Lineage <br>
(3), [REST]: Reveal the top card of your deck. Negate target card activation if its reserve cost is equal to the reserve cost of the revealed card.",Champion,Cleric;Human,Astra,Cleric,,12.0,13.0,69.99,12.32,,Foil,,,25,"<em>""By the moon's call, you will be judged.""</em>",3,,3
531597,"Arisanna, Lucent Arbiter (CSR) (ALC1E)",Arisanna Lucent Arbiter CSR ALC1E,https://tcgplayer-cdn.tcgplayer.com/product/531597_200w.jpg,74,23338,https://cpt.tcgcsv.com/ZFg6,2024-01-26T05:03:17.27,1,Collector Super Rare,007,"Arisanna Lineage <br>
(3), [REST]: Reveal the top card of your deck. Negate target card activation if its reserve cost is equal to the reserve cost of the revealed card.",Champion,Cleric;Human,Astra,Cleric,,850.0,899.22,919.05,,,Foil,,,25,"<em>""By the moon's call, you will be judged.""</em>",3,,3
531598,"Diana, Keen Huntress (CSR) (ALC1E)",Diana Keen Huntress CSR ALC1E,https://tcgplayer-cdn.tcgplayer.com/product/531598_200w.jpg,74,23338,https://cpt.tcgcsv.com/-Fg6,2024-01-26T05:03:17.27,1,Collector Super Rare,008,Lineage Release — Materialize a Gun card from your material deck. (Activate this ability by banishing this card from your champion's inner lineage.),Champion,Human;Ranger,Norm,Ranger,,695.0,728.0,750.0,500.0,,Foil,,,19,"<em>A talented archer in a past life, her mastery of firearms came naturally while on Azoth. </em>",1,,1
531599,"Diana, Deadly Duelist (CSR) (009A) (ALC1E)",Diana Deadly Duelist CSR 009A ALC1E,https://tcgplayer-cdn.tcgplayer.com/product/531599_200w.jpg,74,23338,https://cpt.tcgcsv.com/_Fg6,2024-01-26T05:03:17.27,1,Collector Super Rare,009A,"Diana Lineage (Diana, Deadly Duelist must be leveled from a previous level ""Diana"" champion.)<br>
On Enter: Materialize a Bullet card from your material deck. (You still pay its costs.)<br>
Inherited Effect: Ranged 2",Champion,Human;Ranger,Norm,Ranger,,999.99,1400.72,1500.0,,,Foil,,,22,"<em>Beneath the setting sun, her first shot pierced true.</em>",2,,2
531600,"Diana, Deadly Duelist (CSR) (009B) (ALC1E)",Diana Deadly Duelist CSR 009B ALC1E,https://tcgplayer-cdn.tcgplayer.com/product/531600_200w.jpg,74,23338,https://cpt.tcgcsv.com/0Gg6,2024-01-26T05:03:17.27,1,Collector Super Rare,009B,"Diana Lineage (Diana, Deadly Duelist must be leveled from a previous level ""Diana"" champion.)<br>
On Enter: Materialize a Bullet card from your material deck. (You still pay its costs.)<br>
Inherited Effect: Ranged 2",Champion,Human;Ranger,Norm,Ranger,,,,,,,,,,22,"<em>Under the dusklight, her last shot silenced forever.</em>",2,,2
531601,"Diana, Cursebreaker",Diana Cursebreaker,https://tcgplayer-cdn.tcgplayer.com/product/531601_200w.jpg,74,23338,https://cpt.tcgcsv.com/2Gg6,2024-01-29T15:09:51.11,1,Common,010,"Diana Lineage<br>
Banish all Curse cards from Diana's lineage: Materialize two Bullet cards from your material deck. Until end of turn, Diana gains ""On Attack: Wake up Diana."" Activate this ability only if there are four or more Curse cards in Diana's lineage.",Champion,Human;Ranger,Umbra,Ranger,,0.06,0.2,0.52,0.15,,Normal,,,25,,3,,3
531601,"Diana, Cursebreaker",Diana Cursebreaker,https://tcgplayer-cdn.tcgplayer.com/product/531601_200w.jpg,74,23338,https://cpt.tcgcsv.com/2Gg6,2024-01-29T15:09:51.11,1,Common,010,"Diana Lineage<br>
Banish all Curse cards from Diana's lineage: Materialize two Bullet cards from your material deck. Until end of turn, Diana gains ""On Attack: Wake up Diana."" Activate this ability only if there are four or more Curse cards in Diana's lineage.",Champion,Human;Ranger,Umbra,Ranger,,5.3,8.38,35.95,8.02,,Foil,,,25,,3,,3
531602,"Diana, Duskstalker",diana duskstalker,https://tcgplayer-cdn.tcgplayer.com/product/531602_200w.jpg,74,23338,https://cpt.tcgcsv.com/3Gg6,2024-01-26T05:03:17.27,1,Common,011,"Diana Lineage<br>
On Enter: Diana becomes distant. <br>
On Champion Hit: Generate a Creeping Torment card and put it on the bottom of the hit champion's lineage. (To generate, add that card from outside of the game.)",Champion,Ranger;Human,Umbra,Ranger,,0.05,0.2,1.0,0.11,,Normal,,,25,,3,,3
531602,"Diana, Duskstalker",diana duskstalker,https://tcgplayer-cdn.tcgplayer.com/product/531602_200w.jpg,74,23338,https://cpt.tcgcsv.com/3Gg6,2024-01-26T05:03:17.27,1,Common,011,"Diana Lineage<br>
On Enter: Diana becomes distant. <br>
On Champion Hit: Generate a Creeping Torment card and put it on the bottom of the hit champion's lineage. (To generate, add that card from outside of the game.)",Champion,Ranger;Human,Umbra,Ranger,,16.33,17.99,29.99,16.92,,Foil,,,25,,3,,3
531603,"Tonoris, Lone Mercenary (CSR) (ALC1E)",Tonoris Lone Mercenary CSR ALC1E,https://tcgplayer-cdn.tcgplayer.com/product/531603_200w.jpg,74,23338,https://cpt.tcgcsv.com/5Gg6,2024-01-26T05:03:17.27,1,Collector Super Rare,012,"On Enter: Tonoris gains taunt until the beginning of your next turn. (While awake, this unit must be targeted before other units you control during your opponents' attack declarations if able.)",Champion,Guardian;Human,Norm,Guardian,,1000.0,1000.0,1000.0,,,Foil,,,20,"<em>Exiled and purged, he searches for his own truth.</em>",1,,1
531604,"Tonoris, Might of Humanity (CSR) (013A) (ALC1E)",Tonoris Might of Humanity CSR 013A ALC1E,https://tcgplayer-cdn.tcgplayer.com/product/531604_200w.jpg,74,23338,https://cpt.tcgcsv.com/6Gg6,2024-01-26T05:03:17.27,1,Collector Super Rare,013A,"Tonoris Lineage (Tonoris, Might of Humanity must be leveled from a previous level ""Tonoris"" champion.)<br>
On Enter: Tonoris' next attack this turn gets +3 power.",Champion,Guardian;Human,Norm,Guardian,,399.99,549.99,699.99,,,Foil,,,25,"<em>With replenished strength, Tonoris serves as a beacon of hope for humanity's salvation.</em>",2,,2
531605,"Tonoris, Might of Humanity (CSR) (013B) (ALC1E)",Tonoris Might of Humanity CSR 013B ALC1E,https://tcgplayer-cdn.tcgplayer.com/product/531605_200w.jpg,74,23338,https://cpt.tcgcsv.com/7Gg6,2024-01-26T05:03:17.27,1,Collector Super Rare,013B,"Tonoris Lineage (Tonoris, Might of Humanity must be leveled from a previous level ""Tonoris"" champion.)<br>
On Enter: Tonoris' next attack this turn gets +3 power.",Champion,Guardian;Human,Norm,Guardian,,750.0,975.0,1200.0,,,Foil,,,25,"<em>With unyielding perseverance, Tonoris carves a path forward for humanity's future.</em>",2,,2
531606,"Tonoris, Creation's Will",tonoris creation s will,https://tcgplayer-cdn.tcgplayer.com/product/531606_200w.jpg,74,23338,https://cpt.tcgcsv.com/8Gg6,2024-01-26T05:03:17.27,1,Common,014,"Tonoris Lineage<br>
If you would summon one or more tokens, you may summon that many Aurousteel Greatsword tokens instead.<br>
Token weapons you control have ""Sacrifice this object: Target weapon gets +X power until end of turn where X is this object's power.""",Champion,Guardian;Human,Neos,Guardian,,6.2,16.0,45.0,6.36,,Foil,,,30,,3,,3
531606,"Tonoris, Creation's Will",tonoris creation s will,https://tcgplayer-cdn.tcgplayer.com/product/531606_200w.jpg,74,23338,https://cpt.tcgcsv.com/8Gg6,2024-01-26T05:03:17.27,1,Common,014,"Tonoris Lineage<br>
If you would summon one or more tokens, you may summon that many Aurousteel Greatsword tokens instead.<br>
Token weapons you control have ""Sacrifice this object: Target weapon gets +X power until end of turn where X is this object's power.""",Champion,Guardian;Human,Neos,Guardian,,0.05,0.2,2.0,0.09,,Normal,,,30,,3,,3
531607,"Tonoris, Creation's Will (CSR) (ALC1E)",Tonoris Creations Will CSR ALC1E,https://tcgplayer-cdn.tcgplayer.com/product/531607_200w.jpg,74,23338,https://cpt.tcgcsv.com/9Gg6,2024-01-26T05:03:17.27,1,Collector Super Rare,014,"Tonoris Lineage<br>
If you would summon one or more tokens, you may summon that many Aurousteel Greatsword tokens instead.<br>
Token weapons you control have ""Sacrifice this object: Target weapon gets +X power until end of turn where X is this object's power.""",Champion,Guardian;Human,Neos,Guardian,,500.0,699.21,699.99,300.0,,Foil,,,30,,3,,3
531608,"Tonoris, Genesis Aegis",tonoris genesis aegis,https://tcgplayer-cdn.tcgplayer.com/product/531608_200w.jpg,74,23338,https://cpt.tcgcsv.com/bGg6,2024-01-26T05:03:17.27,1,Common,015,"Tonoris Lineage<br>
At the beginning of your recollection phase, choose one that hasn’t been chosen— <br>
• Summon an Obelisk of Armaments token.<br>
• Summon an Obelisk of Fabrication token.<br>
• Summon an Obelisk of Protection token.",Champion,Guardian;Human,Neos,Guardian,,13.5,17.98,29.99,14.4,,Foil,,,30,,3,,3
531608,"Tonoris, Genesis Aegis",tonoris genesis aegis,https://tcgplayer-cdn.tcgplayer.com/product/531608_200w.jpg,74,23338,https://cpt.tcgcsv.com/bGg6,2024-01-26T05:03:17.27,1,Common,015,"Tonoris Lineage<br>
At the beginning of your recollection phase, choose one that hasn’t been chosen— <br>
• Summon an Obelisk of Armaments token.<br>
• Summon an Obelisk of Fabrication token.<br>
• Summon an Obelisk of Protection token.",Champion,Guardian;Human,Neos,Guardian,,0.04,0.2,2.0,0.09,,Normal,,,30,,3,,3
531609,"Polkhawk, Bombastic Shot",polkhawk bombastic shot,https://tcgplayer-cdn.tcgplayer.com/product/531609_200w.jpg,74,23338,https://cpt.tcgcsv.com/cGg6,2024-01-26T05:03:17.27,1,Uncommon,016,"Ranged 2 (As long as this unit is distant, its attacks get +2 power.)<br>
Ranger Reaction cards you activate cost 1 less to activate.",Champion,Ranger;Human,Fire,Ranger,,0.01,0.18,2.0,0.09,,Normal,,,22,"<em>""Liven up! We'll all dance with the flames.""</em>",2,,2
531610,"Nico, Whiplash Allure",nico whiplash allure,https://tcgplayer-cdn.tcgplayer.com/product/531610_200w.jpg,74,23338,https://cpt.tcgcsv.com/dGg6,2024-01-26T05:03:17.27,1,Uncommon,017,"Whenever a card with floating memory is banished from your graveyard, put a lash counter on Nico.<br>
On Champion Hit: You may have that opponent put the top X cards of their deck into their graveyard, where X is the amount of lash counters on Nico.",Champion,Guardian;Human,Water,Guardian,,0.18,0.25,2.0,0.21,,Normal,,,25,,2,,2
531611,"Vanitas, Obliviate Schemer",vanitas obliviate schemer,https://tcgplayer-cdn.tcgplayer.com/product/531611_200w.jpg,74,23338,https://cpt.tcgcsv.com/fGg6,2024-01-26T05:03:17.27,1,Uncommon,018,"Vanitas can only level up into another ""Vanitas"" champion.<br>
On Enter: If there's another wind element card in Vanitas' lineage, glimpse 4.",Champion,Cleric;Human,Wind,Cleric,,0.08,0.24,2.0,0.13,,Normal,,,19,"<em>""With just a nudge, this seed will be ripe for harvest.""</em>",1,,1
531612,"Vanitas, Convergent Ruin",vanitas convergent ruin,https://tcgplayer-cdn.tcgplayer.com/product/531612_200w.jpg,74,23338,https://cpt.tcgcsv.com/gGg6,2024-01-26T05:03:17.27,1,Uncommon,019,"Vanitas Lineage<br>
Whenever you activate a Spell card, Vanitas' next attack without a weapon this turn gets +1 power.<br>
On Champion Hit: If 7 or more damage was dealt, cards that opponent materializes cost 1 more to materialize until the beginning of your next turn.",Champion,Cleric;Human,Wind,Cleric,,0.12,0.25,2.0,0.17,,Normal,,1,22,,2,,2
531613,Alchemist's Kit,alchemist s kit,https://tcgplayer-cdn.tcgplayer.com/product/531613_200w.jpg,74,23338,https://cpt.tcgcsv.com/hGg6,2024-01-26T05:03:17.27,1,Rare,020,"Whenever you gather, put a refinement counter on Alchemist's Kit.<br>
Banish Alchemist's Kit: For every four refinement counters that was on Alchemist's Kit, draw a card.",Regalia;Item,Cleric;Accessory,Norm,Cleric,,0.99,3.6,9.99,2.14,,Foil,,,,,0,,
531613,Alchemist's Kit,alchemist s kit,https://tcgplayer-cdn.tcgplayer.com/product/531613_200w.jpg,74,23338,https://cpt.tcgcsv.com/hGg6,2024-01-26T05:03:17.27,1,Rare,020,"Whenever you gather, put a refinement counter on Alchemist's Kit.<br>
Banish Alchemist's Kit: For every four refinement counters that was on Alchemist's Kit, draw a card.",Regalia;Item,Cleric;Accessory,Norm,Cleric,,0.2,0.35,1.94,0.33,,Normal,,,,,0,,
531614,Alliance Gearshield,alliance gearshield,https://tcgplayer-cdn.tcgplayer.com/product/531614_200w.jpg,74,23338,https://cpt.tcgcsv.com/jGg6,2024-01-26T05:03:17.27,1,Rare,021,"Ally Link (This object enters the field linked to target ally. If the link is broken, sacrifice this object.)<br>
Linked ally gets +1 life. Class Bonus: That ally also gets +2 power as long as they're retaliating. (Apply the additional effect only if your champion's class matches this card's class.)",Regalia;Item,Guardian;Shield,Norm,Guardian,,0.39,0.8,2.99,0.8,,Foil,,,,,0,,
531614,Alliance Gearshield,alliance gearshield,https://tcgplayer-cdn.tcgplayer.com/product/531614_200w.jpg,74,23338,https://cpt.tcgcsv.com/jGg6,2024-01-26T05:03:17.27,1,Rare,021,"Ally Link (This object enters the field linked to target ally. If the link is broken, sacrifice this object.)<br>
Linked ally gets +1 life. Class Bonus: That ally also gets +2 power as long as they're retaliating. (Apply the additional effect only if your champion's class matches this card's class.)",Regalia;Item,Guardian;Shield,Norm,Guardian,,0.15,0.25,2.44,0.19,,Normal,,,,,0,,
531615,Fatal Timepiece,fatal timepiece,https://tcgplayer-cdn.tcgplayer.com/product/531615_200w.jpg,74,23338,https://cpt.tcgcsv.com/kGg6,2024-01-26T05:03:17.27,1,Rare,022,"At the beginning of each player's recollection phase, if they did not materialize a card this turn, deal 2 unpreventable damage to their champion.",Regalia;Item,Cleric;Artifact,Norm,Cleric,,0.49,4.49,9.99,1.13,,Foil,,,,<em>This broken malignant watch may still hurt twice.</em>,0,,
531615,Fatal Timepiece,fatal timepiece,https://tcgplayer-cdn.tcgplayer.com/product/531615_200w.jpg,74,23338,https://cpt.tcgcsv.com/kGg6,2024-01-26T05:03:17.27,1,Rare,022,"At the beginning of each player's recollection phase, if they did not materialize a card this turn, deal 2 unpreventable damage to their champion.",Regalia;Item,Cleric;Artifact,Norm,Cleric,,0.19,0.33,2.37,0.3,,Normal,,,,<em>This broken malignant watch may still hurt twice.</em>,0,,
531616,Navigation Compass,navigation compass,https://tcgplayer-cdn.tcgplayer.com/product/531616_200w.jpg,74,23338,https://cpt.tcgcsv.com/lGg6,2024-01-26T05:03:17.27,1,Rare,023,"[Class Bonus] This card costs 1 less to materialize. (Apply this effect only if your champion's class matches this card's class.)<br>
[REST], Discard a domain card: Draw a card into your memory.",Regalia;Item,Ranger;Accessory,Norm,Ranger,,0.96,2.38,8.99,1.74,,Foil,,,,,1,,
531616,Navigation Compass,navigation compass,https://tcgplayer-cdn.tcgplayer.com/product/531616_200w.jpg,74,23338,https://cpt.tcgcsv.com/lGg6,2024-01-26T05:03:17.27,1,Rare,023,"[Class Bonus] This card costs 1 less to materialize. (Apply this effect only if your champion's class matches this card's class.)<br>
[REST], Discard a domain card: Draw a card into your memory.",Regalia;Item,Ranger;Accessory,Norm,Ranger,,0.17,0.25,2.17,0.2,,Normal,,,,,1,,
531617,Orb of Hubris,orb of hubris,https://tcgplayer-cdn.tcgplayer.com/product/531617_200w.jpg,74,23338,https://cpt.tcgcsv.com/mGg6,2024-01-26T05:03:17.27,1,Super Rare,024,"Banish Orb of Hubris: Draw up to three cards, then shuffle that amount of cards from your hand into your deck.",Regalia;Item,Cleric;Bauble,Norm,Cleric,,9.89,16.99,39.99,14.31,,Foil,,,,"<em>Granted to many imperial alchemists upon induction, this relic symbolizes the relentless pursuit of the truth for the ascension of mankind.</em>",1,,
531617,Orb of Hubris,orb of hubris,https://tcgplayer-cdn.tcgplayer.com/product/531617_200w.jpg,74,23338,https://cpt.tcgcsv.com/mGg6,2024-01-26T05:03:17.27,1,Super Rare,024,"Banish Orb of Hubris: Draw up to three cards, then shuffle that amount of cards from your hand into your deck.",Regalia;Item,Cleric;Bauble,Norm,Cleric,,1.25,2.99,5.0,2.31,,Normal,,,,"<em>Granted to many imperial alchemists upon induction, this relic symbolizes the relentless pursuit of the truth for the ascension of mankind.</em>",1,,
531618,Resplendent Kite Shield,resplendent kite shield,https://tcgplayer-cdn.tcgplayer.com/product/531618_200w.jpg,74,23338,https://cpt.tcgcsv.com/nGg6,2024-01-26T05:03:17.27,1,Rare,025,"On Enter: Put a refinement counter on Resplendent Kite Shield. Class Bonus: Put two refinement counters on it instead.<br>
[REST], Remove a refinement counter from Resplendent Kite Shield: Prevent the next 1 damage that would be dealt to your champion this turn.",Regalia;Item,Guardian;Shield,Norm,Guardian,,0.19,0.31,1.4,0.23,,Normal,,,,,0,,
531618,Resplendent Kite Shield,resplendent kite shield,https://tcgplayer-cdn.tcgplayer.com/product/531618_200w.jpg,74,23338,https://cpt.tcgcsv.com/nGg6,2024-01-26T05:03:17.27,1,Rare,025,"On Enter: Put a refinement counter on Resplendent Kite Shield. Class Bonus: Put two refinement counters on it instead.<br>
[REST], Remove a refinement counter from Resplendent Kite Shield: Prevent the next 1 damage that would be dealt to your champion this turn.",Regalia;Item,Guardian;Shield,Norm,Guardian,,0.85,4.5,11.95,4.5,,Foil,,,,,0,,
531619,Rusted Warshield,rusted warshield,https://tcgplayer-cdn.tcgplayer.com/product/531619_200w.jpg,74,23338,https://cpt.tcgcsv.com/pGg6,2024-01-26T05:03:17.27,1,Rare,026,Banish Rusted Warshield: Prevent the next 2 damage that would be dealt to your champion this turn. Draw a card into your memory.,Regalia;Item,Guardian;Shield,Norm,Guardian,,0.19,0.25,2.48,0.21,,Normal,,,,"<em>A relic of a previous age, this iron shield still has enough structural integrity to block a fatal strike.</em>",1,,
531619,Rusted Warshield,rusted warshield,https://tcgplayer-cdn.tcgplayer.com/product/531619_200w.jpg,74,23338,https://cpt.tcgcsv.com/pGg6,2024-01-26T05:03:17.27,1,Rare,026,Banish Rusted Warshield: Prevent the next 2 damage that would be dealt to your champion this turn. Draw a card into your memory.,Regalia;Item,Guardian;Shield,Norm,Guardian,,0.79,1.5,3.76,0.97,,Foil,,,,"<em>A relic of a previous age, this iron shield still has enough structural integrity to block a fatal strike.</em>",1,,
531620,Synthetic Core,synthetic core,https://tcgplayer-cdn.tcgplayer.com/product/531620_200w.jpg,74,23338,https://cpt.tcgcsv.com/qGg6,2024-01-26T05:03:17.27,1,Rare,028,"Whenever a non-token Automaton ally you control dies, you may banish Synthetic Core. If you do, return that ally to your memory.",Regalia;Item,Warrior;Artifact,Norm,Warrior,,0.17,0.37,2.37,0.37,,Normal,,,,"<em>Once, Claude's crowning achievement. Now, his constant reminder of failure and humiliation.</em>",0,,
531620,Synthetic Core,synthetic core,https://tcgplayer-cdn.tcgplayer.com/product/531620_200w.jpg,74,23338,https://cpt.tcgcsv.com/qGg6,2024-01-26T05:03:17.27,1,Rare,028,"Whenever a non-token Automaton ally you control dies, you may banish Synthetic Core. If you do, return that ally to your memory.",Regalia;Item,Warrior;Artifact,Norm,Warrior,,1.99,4.05,5.0,,,Foil,,,,"<em>Once, Claude's crowning achievement. Now, his constant reminder of failure and humiliation.</em>",0,,
531621,Temporal Spectrometer,temporal spectrometer,https://tcgplayer-cdn.tcgplayer.com/product/531621_200w.jpg,74,23338,https://cpt.tcgcsv.com/rGg6,2024-01-26T05:03:17.27,1,Ultra Rare,029,"Divine Relic<br>
[REST]: Put a time counter on Temporal Spectrometer.<br>
While paying for a memory cost, you may sacrifice Temporal Spectrometer to pay for X of that cost, where X is the amount of time counters on Temporal Spectrometer.",Regalia;Item,Cleric;Artifact,Norm,Cleric,,149.99,219.99,289.99,,,Foil,,,,,0,,
531621,Temporal Spectrometer,temporal spectrometer,https://tcgplayer-cdn.tcgplayer.com/product/531621_200w.jpg,74,23338,https://cpt.tcgcsv.com/rGg6,2024-01-26T05:03:17.27,1,Ultra Rare,029,"Divine Relic<br>
[REST]: Put a time counter on Temporal Spectrometer.<br>
While paying for a memory cost, you may sacrifice Temporal Spectrometer to pay for X of that cost, where X is the amount of time counters on Temporal Spectrometer.",Regalia;Item,Cleric;Artifact,Norm,Cleric,,14.99,32.06,44.94,13.65,,Normal,,,,,0,,
531622,Wayfinder's Map,wayfinder s map,https://tcgplayer-cdn.tcgplayer.com/product/531622_200w.jpg,74,23338,https://cpt.tcgcsv.com/sGg6,2024-01-26T05:03:17.27,1,Rare,030,"Domain cards you activate cost 1 less to activate.<br>
Banish Wayfinder's Map: Draw a card. Activate this ability only if you control three or more domains.",Regalia;Item,Ranger;Map,Norm,Ranger,,2.37,2.7,14.98,3.0,,Foil,,,,<em>Critical landmarks and strategic bastions dot the battlefield. Strategic control is the key to success.</em>,0,,
531622,Wayfinder's Map,wayfinder s map,https://tcgplayer-cdn.tcgplayer.com/product/531622_200w.jpg,74,23338,https://cpt.tcgcsv.com/sGg6,2024-01-26T05:03:17.27,1,Rare,030,"Domain cards you activate cost 1 less to activate.<br>
Banish Wayfinder's Map: Draw a card. Activate this ability only if you control three or more domains.",Regalia;Item,Ranger;Map,Norm,Ranger,,0.2,0.39,2.35,0.32,,Normal,,,,<em>Critical landmarks and strategic bastions dot the battlefield. Strategic control is the key to success.</em>,0,,
531623,Bombard Flarecannon,bombard flarecannon,https://tcgplayer-cdn.tcgplayer.com/product/531623_200w.jpg,74,23338,https://cpt.tcgcsv.com/tGg6,2024-01-26T05:03:17.27,1,Super Rare,031,"[Polkhawk Bonus] On Attack: If there is a fire element card in this attacker's intent, deal 2 damage to each unit the defending player controls. (Apply this effect only if your champion is Polkhawk.)",Regalia;Weapon,Ranger;Gun,Fire,Ranger,,2.99,5.76,20.95,6.75,,Foil,,1,,,1,4,
531623,Bombard Flarecannon,bombard flarecannon,https://tcgplayer-cdn.tcgplayer.com/product/531623_200w.jpg,74,23338,https://cpt.tcgcsv.com/tGg6,2024-01-26T05:03:17.27,1,Super Rare,031,"[Polkhawk Bonus] On Attack: If there is a fire element card in this attacker's intent, deal 2 damage to each unit the defending player controls. (Apply this effect only if your champion is Polkhawk.)",Regalia;Weapon,Ranger;Gun,Fire,Ranger,,0.25,0.5,3.0,0.39,,Normal,,1,,,1,4,
531624,Heatwave Generator,heatwave generator,https://tcgplayer-cdn.tcgplayer.com/product/531624_200w.jpg,74,23338,https://cpt.tcgcsv.com/vGg6,2024-01-26T05:03:17.27,1,Rare,033,"[Class Bonus] This card costs 1 less to materialize.<br>
At the beginning of your recollection phase, target ally you control gets +1 power until end of turn.",Regalia;Item,Guardian;Device,Fire,Guardian,,0.85,1.99,12.97,,,Foil,,,,<em>The Forgelight's mastery of heat transfer theoretics became their greatest war asset.</em>,1,,
531624,Heatwave Generator,heatwave generator,https://tcgplayer-cdn.tcgplayer.com/product/531624_200w.jpg,74,23338,https://cpt.tcgcsv.com/vGg6,2024-01-26T05:03:17.27,1,Rare,033,"[Class Bonus] This card costs 1 less to materialize.<br>
At the beginning of your recollection phase, target ally you control gets +1 power until end of turn.",Regalia;Item,Guardian;Device,Fire,Guardian,,0.17,0.25,1.0,0.21,,Normal,,,,<em>The Forgelight's mastery of heat transfer theoretics became their greatest war asset.</em>,1,,
531625,Cascading Round,cascading round,https://tcgplayer-cdn.tcgplayer.com/product/531625_200w.jpg,74,23338,https://cpt.tcgcsv.com/wGg6,2024-01-26T05:03:17.27,1,Rare,034,"Renewable (If this card would be banished from the field or an intent, put it into its owner's material deck instead.)<br>
[REST]: Load Cascading Round into target unloaded Gun weapon you control.<br>
On Hit: Put the top card of your deck into your graveyard.",Regalia;Item,Ranger;Bullet,Water,Ranger,,0.25,0.43,2.09,0.36,,Normal,,2,,,0,,
531625,Cascading Round,cascading round,https://tcgplayer-cdn.tcgplayer.com/product/531625_200w.jpg,74,23338,https://cpt.tcgcsv.com/wGg6,2024-01-26T05:03:17.27,1,Rare,034,"Renewable (If this card would be banished from the field or an intent, put it into its owner's material deck instead.)<br>
[REST]: Load Cascading Round into target unloaded Gun weapon you control.<br>
On Hit: Put the top card of your deck into your graveyard.",Regalia;Item,Ranger;Bullet,Water,Ranger,,6.99,8.99,10.69,8.99,,Foil,,2,,,0,,
531626,Crystalline Mirror,crystalline mirror,https://tcgplayer-cdn.tcgplayer.com/product/531626_200w.jpg,74,23338,https://cpt.tcgcsv.com/xGg6,2024-01-26T05:03:17.27,1,Rare,035,"Whenever a phantasia enters the field under your control, glimpse 1. <br>
[Class Bonus] Banish Crystalline Mirror: Destroy target item with memory cost 0 or reserve cost 3 or less. Activate this ability only if you control three or more phantasias.",Regalia;Item,Cleric;Accessory,Water,Cleric,,0.2,0.61,9.99,0.68,,Normal,,,,,0,,
531626,Crystalline Mirror,crystalline mirror,https://tcgplayer-cdn.tcgplayer.com/product/531626_200w.jpg,74,23338,https://cpt.tcgcsv.com/xGg6,2024-01-26T05:03:17.27,1,Rare,035,"Whenever a phantasia enters the field under your control, glimpse 1. <br>
[Class Bonus] Banish Crystalline Mirror: Destroy target item with memory cost 0 or reserve cost 3 or less. Activate this ability only if you control three or more phantasias.",Regalia;Item,Cleric;Accessory,Water,Cleric,,7.99,8.21,8.99,12.86,,Foil,,,,,0,,
531627,Magebane Lash,magebane lash,https://tcgplayer-cdn.tcgplayer.com/product/531627_200w.jpg,74,23338,https://cpt.tcgcsv.com/zGg6,2024-01-26T05:03:17.27,1,Ultra Rare,036,"[Class Bonus] On Enter: Put a lash counter on your champion.<br>
Magebane Lash gets +1 power for each lash counter on your champion.<br>
[Nico Bonus] Whenever your champion is dealt non-combat damage, recover 2.",Regalia;Weapon,Guardian;Lash,Water,Guardian,,3.99,7.17,19.94,6.57,,Normal,,0,,,1,4,
531627,Magebane Lash,magebane lash,https://tcgplayer-cdn.tcgplayer.com/product/531627_200w.jpg,74,23338,https://cpt.tcgcsv.com/zGg6,2024-01-26T05:03:17.27,1,Ultra Rare,036,"[Class Bonus] On Enter: Put a lash counter on your champion.<br>
Magebane Lash gets +1 power for each lash counter on your champion.<br>
[Nico Bonus] Whenever your champion is dealt non-combat damage, recover 2.",Regalia;Weapon,Guardian;Lash,Water,Guardian,,59.98,59.99,199.99,49.99,,Foil,,0,,,1,4,
531628,Brewing Kit,brewing kit,https://tcgplayer-cdn.tcgplayer.com/product/531628_200w.jpg,74,23338,https://cpt.tcgcsv.com/BGg6,2024-01-26T05:03:17.27,1,Super Rare,037,"[REST], Sacrifice three Herbs: Look at the top six cards of your deck. You may reveal a Potion item card from among them and put it into your hand. Put the rest on the bottom of your deck in any order.",Regalia;Item,Cleric;Accessory,Wind,Cleric,,0.24,0.39,10.69,0.38,,Normal,,,,<em>The wonder of alchemy is the potential for discovery.</em>,0,,
531628,Brewing Kit,brewing kit,https://tcgplayer-cdn.tcgplayer.com/product/531628_200w.jpg,74,23338,https://cpt.tcgcsv.com/BGg6,2024-01-26T05:03:17.27,1,Super Rare,037,"[REST], Sacrifice three Herbs: Look at the top six cards of your deck. You may reveal a Potion item card from among them and put it into your hand. Put the rest on the bottom of your deck in any order.",Regalia;Item,Cleric;Accessory,Wind,Cleric,,1.37,5.16,42.75,3.09,,Foil,,,,<em>The wonder of alchemy is the potential for discovery.</em>,0,,
531629,Turbulent Bullet,turbulent bullet,https://tcgplayer-cdn.tcgplayer.com/product/531629_200w.jpg,74,23338,https://cpt.tcgcsv.com/CGg6,2024-01-26T05:03:17.27,1,Rare,038,"Renewable<br>
[REST]: Load Turbulant Bullet into target unloaded Gun weapon you control.<br>
[Class Bonus] On Hit: Up to two target allies you control get +1 power until end of turn.",Regalia;Item,Ranger;Bullet,Wind,Ranger,,0.2,0.5,2.14,0.34,,Normal,,1,,,0,,
531629,Turbulent Bullet,turbulent bullet,https://tcgplayer-cdn.tcgplayer.com/product/531629_200w.jpg,74,23338,https://cpt.tcgcsv.com/CGg6,2024-01-26T05:03:17.27,1,Rare,038,"Renewable<br>
[REST]: Load Turbulant Bullet into target unloaded Gun weapon you control.<br>
[Class Bonus] On Hit: Up to two target allies you control get +1 power until end of turn.",Regalia;Item,Ranger;Bullet,Wind,Ranger,,0.84,2.99,11.99,,,Foil,,1,,,0,,
531630,The Elysian Astrolabe,the elysian astrolabe,https://tcgplayer-cdn.tcgplayer.com/product/531630_200w.jpg,74,23338,https://cpt.tcgcsv.com/DGg6,2024-01-26T05:03:17.27,1,Ultra Rare,039,"Hindered (This object enters the field rested.) <br>
Materialize this card only if it's the last card in your material deck, and only if your starting material deck size was twelve.<br>
[REST]: Until end of turn, you may pay (0) rather than pay a card's starcalling costs. When you do, glimpse 5.",Regalia;Item,Cleric;Artifact,Astra,Cleric,,39.99,46.99,54.99,39.0,,Foil,,,,,2,,
531630,The Elysian Astrolabe,the elysian astrolabe,https://tcgplayer-cdn.tcgplayer.com/product/531630_200w.jpg,74,23338,https://cpt.tcgcsv.com/DGg6,2024-01-26T05:03:17.27,1,Ultra Rare,039,"Hindered (This object enters the field rested.) <br>
Materialize this card only if it's the last card in your material deck, and only if your starting material deck size was twelve.<br>
[REST]: Until end of turn, you may pay (0) rather than pay a card's starcalling costs. When you do, glimpse 5.",Regalia;Item,Cleric;Artifact,Astra,Cleric,,2.94,2.99,9.87,3.09,,Normal,,,,,2,,
531631,Gloamspire Lance,Gloamspire Lance,https://tcgplayer-cdn.tcgplayer.com/product/531631_200w.jpg,74,23338,https://cpt.tcgcsv.com/FGg6,2024-01-26T05:03:17.27,1,Ultra Rare,040,"[Class Bonus] On Hit: Deal X unpreventable damage to the hit unit, then recover X, where X is the amount of Curse cards in the attacker's lineage plus 1.",Weapon;Regalia,Ranger;Gun,Umbra,Ranger,,44.99,59.5,89.99,,,Foil,,1,,<em>The shadows thirst for blood.</em>,0,4,
531631,Gloamspire Lance,Gloamspire Lance,https://tcgplayer-cdn.tcgplayer.com/product/531631_200w.jpg,74,23338,https://cpt.tcgcsv.com/FGg6,2024-01-26T05:03:17.27,1,Ultra Rare,040,"[Class Bonus] On Hit: Deal X unpreventable damage to the hit unit, then recover X, where X is the amount of Curse cards in the attacker's lineage plus 1.",Weapon;Regalia,Ranger;Gun,Umbra,Ranger,,2.24,3.75,9.94,2.19,,Normal,,1,,<em>The shadows thirst for blood.</em>,0,4,
531632,Academy Attendant,academy attendant,https://tcgplayer-cdn.tcgplayer.com/product/531632_200w.jpg,74,23338,https://cpt.tcgcsv.com/GGg6,2024-01-26T05:03:17.27,1,Common,041,[Class Bonus] [Memory 4+] Academy Attendant gets +1 power. (Apply this effect only if your champion's class matches this card's class and only if there are four or more cards in your memory.),Ally,Cleric;Automaton,Norm,Cleric,3,0.74,2.38,8.74,0.56,,Foil,,2,2,<em>Capable of cataloging the Academy's vast research.</em>,,,
531632,Academy Attendant,academy attendant,https://tcgplayer-cdn.tcgplayer.com/product/531632_200w.jpg,74,23338,https://cpt.tcgcsv.com/GGg6,2024-01-26T05:03:17.27,1,Common,041,[Class Bonus] [Memory 4+] Academy Attendant gets +1 power. (Apply this effect only if your champion's class matches this card's class and only if there are four or more cards in your memory.),Ally,Cleric;Automaton,Norm,Cleric,3,0.01,0.17,1.0,0.05,,Normal,,2,2,<em>Capable of cataloging the Academy's vast research.</em>,,,
531633,Academy Guide,academy guide,https://tcgplayer-cdn.tcgplayer.com/product/531633_200w.jpg,74,23338,https://cpt.tcgcsv.com/HGg6,2024-01-26T05:03:17.27,1,Super Rare,042,Champion cards you materialize cost 1 less to materialize.,Ally,Cleric;Animal;Human,Norm,Cleric,3,40.71,42.7,89.99,42.18,,Foil,,1,3,<em>Contained within each exquisite tome is knowledge of the past and limitless potential for our future.</em>,,,
531633,Academy Guide,academy guide,https://tcgplayer-cdn.tcgplayer.com/product/531633_200w.jpg,74,23338,https://cpt.tcgcsv.com/HGg6,2024-01-26T05:03:17.27,1,Super Rare,042,Champion cards you materialize cost 1 less to materialize.,Ally,Cleric;Animal;Human,Norm,Cleric,3,21.31,27.99,43.0,21.51,,Normal,,1,3,<em>Contained within each exquisite tome is knowledge of the past and limitless potential for our future.</em>,,,
531634,Allied Warpriestess,allied warpriestess,https://tcgplayer-cdn.tcgplayer.com/product/531634_200w.jpg,74,23338,https://cpt.tcgcsv.com/JGg6,2024-01-26T05:03:17.27,1,Uncommon,043,"[Class Bonus] Allied Warpriestess gets +1 power.<br>
[Memory 4+] On Attack: Recover 2. (To recover, remove that many damage counters from your champion. Apply this effect only if there are four or more cards in your memory.)",Ally,Cleric;Guardian;Human,Norm,Cleric;Guardian,3,0.2,0.4,5.0,0.3,,Normal,,1,3,,,,
531634,Allied Warpriestess,allied warpriestess,https://tcgplayer-cdn.tcgplayer.com/product/531634_200w.jpg,74,23338,https://cpt.tcgcsv.com/JGg6,2024-01-26T05:03:17.27,1,Uncommon,043,"[Class Bonus] Allied Warpriestess gets +1 power.<br>
[Memory 4+] On Attack: Recover 2. (To recover, remove that many damage counters from your champion. Apply this effect only if there are four or more cards in your memory.)",Ally,Cleric;Guardian;Human,Norm,Cleric;Guardian,3,4.99,5.49,9.99,6.09,,Foil,,1,3,,,,
531635,Automaton Drone,automaton drone,https://tcgplayer-cdn.tcgplayer.com/product/531635_200w.jpg,74,23338,https://cpt.tcgcsv.com/KGg6,2024-01-26T05:03:17.27,1,Common,044,,Token;Ally,Guardian;Automaton,Norm,Guardian,1,0.1,0.2,1.0,0.15,,Normal,,1,1,"<em>Schedule routine maintenance examinations every two years. Do not expose to temperatures in excess of 500 degrees for prolonged periods.
— Manufacturer's Recommendations</em>",,,
531635,Automaton Drone,automaton drone,https://tcgplayer-cdn.tcgplayer.com/product/531635_200w.jpg,74,23338,https://cpt.tcgcsv.com/KGg6,2024-01-26T05:03:17.27,1,Common,044,,Token;Ally,Guardian;Automaton,Norm,Guardian,1,4.91,5.03,31.99,4.99,,Foil,,1,1,"<em>Schedule routine maintenance examinations every two years. Do not expose to temperatures in excess of 500 degrees for prolonged periods.
— Manufacturer's Recommendations</em>",,,
531636,Barter Herbs,barter herbs,https://tcgplayer-cdn.tcgplayer.com/product/531636_200w.jpg,74,23338,https://cpt.tcgcsv.com/LGg6,2024-01-26T05:03:17.27,1,Common,045,"Sacrifice up to two Herbs. For each Herb sacrificed this way, summon your choice of Blightroot, Manaroot, Silvershine, Fraysia, Razorvine, or Springleaf token. <br>
[Class Bonus] Floating Memory",Action,Cleric;Skill,Norm,Cleric,1,0.04,0.15,1.0,0.07,,Normal,Slow,,,,,,
531636,Barter Herbs,barter herbs,https://tcgplayer-cdn.tcgplayer.com/product/531636_200w.jpg,74,23338,https://cpt.tcgcsv.com/LGg6,2024-01-26T05:03:17.27,1,Common,045,"Sacrifice up to two Herbs. For each Herb sacrificed this way, summon your choice of Blightroot, Manaroot, Silvershine, Fraysia, Razorvine, or Springleaf token. <br>
[Class Bonus] Floating Memory",Action,Cleric;Skill,Norm,Cleric,1,3.01,4.91,13.74,5.99,,Foil,Slow,,,,,,
531637,Caretaker Drone,caretaker drone,https://tcgplayer-cdn.tcgplayer.com/product/531637_200w.jpg,74,23338,https://cpt.tcgcsv.com/MGg6,2024-01-26T05:03:17.27,1,Common,047,"Intercept (Whenever your champion is attacked while this ally is awake, you may redirect that attack to this ally.) <br>
[Class Bonus] On Death: Glimpse 4.",Ally,Cleric;Automaton,Norm,Cleric,2,0.87,2.99,9.89,,,Foil,,0,2,<em>An inexhaustible servant with programmed routines.</em>,,,
531637,Caretaker Drone,caretaker drone,https://tcgplayer-cdn.tcgplayer.com/product/531637_200w.jpg,74,23338,https://cpt.tcgcsv.com/MGg6,2024-01-26T05:03:17.27,1,Common,047,"Intercept (Whenever your champion is attacked while this ally is awake, you may redirect that attack to this ally.) <br>
[Class Bonus] On Death: Glimpse 4.",Ally,Cleric;Automaton,Norm,Cleric,2,0.04,0.18,1.0,0.06,,Normal,,0,2,<em>An inexhaustible servant with programmed routines.</em>,,,
531638,Deploy Gunshield,deploy gunshield,https://tcgplayer-cdn.tcgplayer.com/product/531638_200w.jpg,74,23338,https://cpt.tcgcsv.com/NGg6,2024-01-26T05:03:17.27,1,Uncommon,048,"Target Gun weapon you control gains spellshroud until end of turn. (Objects with spellshroud can't be targeted by Spells.)<br>
Floating Memory (While paying for a memory cost, you may banish this card from your graveyard to pay for 1 of that cost.)",Action,Ranger;Skill,Norm,Ranger,2,5.99,7.38,10.5,6.71,,Foil,Fast,,,,,,
531638,Deploy Gunshield,deploy gunshield,https://tcgplayer-cdn.tcgplayer.com/product/531638_200w.jpg,74,23338,https://cpt.tcgcsv.com/NGg6,2024-01-26T05:03:17.27,1,Uncommon,048,"Target Gun weapon you control gains spellshroud until end of turn. (Objects with spellshroud can't be targeted by Spells.)<br>
Floating Memory (While paying for a memory cost, you may banish this card from your graveyard to pay for 1 of that cost.)",Action,Ranger;Skill,Norm,Ranger,2,0.2,0.3,2.0,0.3,,Normal,Fast,,,,,,
531639,Distilled Atrophy,distilled atrophy,https://tcgplayer-cdn.tcgplayer.com/product/531639_200w.jpg,74,23338,https://cpt.tcgcsv.com/PGg6,2024-01-26T05:03:17.27,1,Rare,049,"Brew — One Blightroot, One Herb<br>
At the beginning of your recollection phase, put an age counter on Distilled Atrophy.<br>
Sacrifice Distilled Atrophy: Target champion gets -X level until end of turn. Then if that champion is level 0 or lower, deal X damage to them. X is the amount of age counters on Distilled Atrophy.",Item,Cleric;Potion,Norm,Cleric,3,11.99,22.49,39.99,14.99,,Foil,,,,,,,
531639,Distilled Atrophy,distilled atrophy,https://tcgplayer-cdn.tcgplayer.com/product/531639_200w.jpg,74,23338,https://cpt.tcgcsv.com/PGg6,2024-01-26T05:03:17.27,1,Rare,049,"Brew — One Blightroot, One Herb<br>
At the beginning of your recollection phase, put an age counter on Distilled Atrophy.<br>
Sacrifice Distilled Atrophy: Target champion gets -X level until end of turn. Then if that champion is level 0 or lower, deal X damage to them. X is the amount of age counters on Distilled Atrophy.",Item,Cleric;Potion,Norm,Cleric,3,0.18,0.25,1.94,0.19,,Normal,,,,,,,
531640,Empowering Prayer,empowering prayer,https://tcgplayer-cdn.tcgplayer.com/product/531640_200w.jpg,74,23338,https://cpt.tcgcsv.com/QGg6,2024-01-26T05:03:17.27,1,Common,051,"Your champion gets +2 level until end of turn. Then if your champion's level is equal to the amount of cards in your memory, draw a card.",Action,Cleric;Spell,Norm,Cleric,2,0.97,1.21,4.99,1.16,,Foil,Fast,,,<em>The diligent pursuit of horticulture is often rewarded when the environmental conditions are just right.</em>,,,
531640,Empowering Prayer,empowering prayer,https://tcgplayer-cdn.tcgplayer.com/product/531640_200w.jpg,74,23338,https://cpt.tcgcsv.com/QGg6,2024-01-26T05:03:17.27,1,Common,051,"Your champion gets +2 level until end of turn. Then if your champion's level is equal to the amount of cards in your memory, draw a card.",Action,Cleric;Spell,Norm,Cleric,2,0.05,0.18,1.0,0.1,,Normal,Fast,,,<em>The diligent pursuit of horticulture is often rewarded when the environmental conditions are just right.</em>,,,
531641,Empowering Tincture,empowering tincture,https://tcgplayer-cdn.tcgplayer.com/product/531641_200w.jpg,74,23338,https://cpt.tcgcsv.com/RGg6,2024-01-26T05:03:17.27,1,Common,052,"Brew — One Manaroot, One Herb<br>
On Enter: If Empowering Tincture was brewed, draw a card into your memory.<br>
Sacrifice Empowering Tincture: Your champion gets +2 level until end of turn.",Item,Cleric;Potion,Norm,Cleric,3,0.5,0.53,7.99,0.53,,Foil,,,,,,,
531641,Empowering Tincture,empowering tincture,https://tcgplayer-cdn.tcgplayer.com/product/531641_200w.jpg,74,23338,https://cpt.tcgcsv.com/RGg6,2024-01-26T05:03:17.27,1,Common,052,"Brew — One Manaroot, One Herb<br>
On Enter: If Empowering Tincture was brewed, draw a card into your memory.<br>
Sacrifice Empowering Tincture: Your champion gets +2 level until end of turn.",Item,Cleric;Potion,Norm,Cleric,3,0.04,0.17,1.0,0.05,,Normal,,,,,,,
531642,Exalted Dorumegian Throne,exalted dorumegian throne,https://tcgplayer-cdn.tcgplayer.com/product/531642_200w.jpg,74,23338,https://cpt.tcgcsv.com/SGg6,2024-01-26T05:03:17.27,1,Rare,054,"Allies you control get +1 power and +1 life.<br>
Upkeep — At the beginning of your recollection phase, if you control four or fewer other domains, sacrifice Exalted Dorumegian Throne.",Unique;Domain,Guardian;Throne,Norm,Guardian,3,3.99,8.0,12.89,4.09,,Foil,,,,"<em>Humanity's ascension gilded in iron, onyx, and gold.</em>",,,
531642,Exalted Dorumegian Throne,exalted dorumegian throne,https://tcgplayer-cdn.tcgplayer.com/product/531642_200w.jpg,74,23338,https://cpt.tcgcsv.com/SGg6,2024-01-26T05:03:17.27,1,Rare,054,"Allies you control get +1 power and +1 life.<br>
Upkeep — At the beginning of your recollection phase, if you control four or fewer other domains, sacrifice Exalted Dorumegian Throne.",Unique;Domain,Guardian;Throne,Norm,Guardian,3,0.14,0.26,1.67,0.22,,Normal,,,,"<em>Humanity's ascension gilded in iron, onyx, and gold.</em>",,,
531643,Exorcise Curses,exorcise curses,https://tcgplayer-cdn.tcgplayer.com/product/531643_200w.jpg,74,23338,https://cpt.tcgcsv.com/TGg6,2024-01-26T05:03:17.27,1,Common,055,"Choose up to two Curse cards from a champion's lineage and discard them.<br>
Floating Memory (While paying for a memory cost, you may banish this card from your graveyard to pay for 1 of that cost.)",Action,Cleric;Spell,Norm,Cleric,2,0.01,0.18,1.0,0.07,,Normal,Fast,,,,,,
531643,Exorcise Curses,exorcise curses,https://tcgplayer-cdn.tcgplayer.com/product/531643_200w.jpg,74,23338,https://cpt.tcgcsv.com/TGg6,2024-01-26T05:03:17.27,1,Common,055,"Choose up to two Curse cards from a champion's lineage and discard them.<br>
Floating Memory (While paying for a memory cost, you may banish this card from your graveyard to pay for 1 of that cost.)",Action,Cleric;Spell,Norm,Cleric,2,6.5,6.56,13.99,,,Foil,Fast,,,,,,
531644,"Freydis, Master Tactician",freydis master tactician,https://tcgplayer-cdn.tcgplayer.com/product/531644_200w.jpg,74,23338,https://cpt.tcgcsv.com/VGg6,2024-01-26T05:03:17.27,1,Super Rare,057,"[Class Bonus] At the beginning of your recollection phase, put a tactic counter on Freydis, then glimpse X where X is the amount of tactic counters on Freydis. <br>
Remove three tactic counters from Freydis: For the rest of the game, Ranger units you control are always distant.",Unique;Ally,Ranger;Human,Norm,Ranger,2,1.18,2.1,13.99,1.65,,Normal,,1,2,,,,
531644,"Freydis, Master Tactician",freydis master tactician,https://tcgplayer-cdn.tcgplayer.com/product/531644_200w.jpg,74,23338,https://cpt.tcgcsv.com/VGg6,2024-01-26T05:03:17.27,1,Super Rare,057,"[Class Bonus] At the beginning of your recollection phase, put a tactic counter on Freydis, then glimpse X where X is the amount of tactic counters on Freydis. <br>
Remove three tactic counters from Freydis: For the rest of the game, Ranger units you control are always distant.",Unique;Ally,Ranger;Human,Norm,Ranger,2,5.99,14.5,47.99,6.66,,Foil,,1,2,,,,
531645,Harvest Herbs,harvest herbs,https://tcgplayer-cdn.tcgplayer.com/product/531645_200w.jpg,74,23338,https://cpt.tcgcsv.com/WGg6,2024-01-26T05:03:17.27,1,Common,058,"Gather. (To gather, summon a Blightroot, Manaroot, Silvershine, Fraysia, Razorvine, or Springleaf token, chosen at random.)<br>
[Class Bonus] Floating Memory (While paying for a memory cost, you may banish this card from your graveyard to pay for 1 of that cost.)",Action,Cleric;Skill,Norm,Cleric,1,0.06,0.2,1.49,0.15,,Normal,Slow,,,,,,
531645,Harvest Herbs,harvest herbs,https://tcgplayer-cdn.tcgplayer.com/product/531645_200w.jpg,74,23338,https://cpt.tcgcsv.com/WGg6,2024-01-26T05:03:17.27,1,Common,058,"Gather. (To gather, summon a Blightroot, Manaroot, Silvershine, Fraysia, Razorvine, or Springleaf token, chosen at random.)<br>
[Class Bonus] Floating Memory (While paying for a memory cost, you may banish this card from your graveyard to pay for 1 of that cost.)",Action,Cleric;Skill,Norm,Cleric,1,4.94,13.0,15.74,8.5,,Foil,Slow,,,,,,
531646,Healing Aura,healing aura,https://tcgplayer-cdn.tcgplayer.com/product/531646_200w.jpg,74,23338,https://cpt.tcgcsv.com/XGg6,2024-01-26T05:03:17.27,1,Common,059,"[Class Bonus] This card costs 1 less to activate. (Apply this effect only if your champion's class matches this card's class.)<br>
At the beginning of your recollection phase, recover 1. (To recover, remove that many damage counters from your champion.)",Phantasia,Cleric;Spell,Norm,Cleric,4,0.05,0.19,1.0,0.08,,Normal,,,,,,,
531646,Healing Aura,healing aura,https://tcgplayer-cdn.tcgplayer.com/product/531646_200w.jpg,74,23338,https://cpt.tcgcsv.com/XGg6,2024-01-26T05:03:17.27,1,Common,059,"[Class Bonus] This card costs 1 less to activate. (Apply this effect only if your champion's class matches this card's class.)<br>
At the beginning of your recollection phase, recover 1. (To recover, remove that many damage counters from your champion.)",Phantasia,Cleric;Spell,Norm,Cleric,4,3.01,4.97,9.49,4.94,,Foil,,,,,,,
531647,"Lena, Dorumegia's Herald",lena dorumegia s herald,https://tcgplayer-cdn.tcgplayer.com/product/531647_200w.jpg,74,23338,https://cpt.tcgcsv.com/ZGg6,2024-01-26T05:03:17.27,1,Super Rare,061,"[Class Bonus] True Sight<br>
(4), [REST]: Look at the top four cards of your deck. You may reveal a Ranger ally card from among them and put it into your hand. Put the rest on the bottom of your deck in any order. This ability costs (2) less to activate as long as Lena is distant.",Ally,Ranger;Human,Norm,Ranger,3,7.87,11.49,35.2,,,Foil,,1,3,,,,
531647,"Lena, Dorumegia's Herald",lena dorumegia s herald,https://tcgplayer-cdn.tcgplayer.com/product/531647_200w.jpg,74,23338,https://cpt.tcgcsv.com/ZGg6,2024-01-26T05:03:17.27,1,Super Rare,061,"[Class Bonus] True Sight<br>
(4), [REST]: Look at the top four cards of your deck. You may reveal a Ranger ally card from among them and put it into your hand. Put the rest on the bottom of your deck in any order. This ability costs (2) less to activate as long as Lena is distant.",Ally,Ranger;Human,Norm,Ranger,3,2.49,3.84,13.99,3.19,,Normal,,1,3,,,,
531648,Lone Gunslinger,lone gunslinger,https://tcgplayer-cdn.tcgplayer.com/product/531648_200w.jpg,74,23338,https://cpt.tcgcsv.com/-Gg6,2024-01-26T05:03:17.27,1,Common,062,"Ranged 1 (As long as this unit is distant, its attacks get +1 power.)<br>
[Class Bonus] Floating Memory (While paying for a memory cost, you may banish this card from your graveyard to pay for 1 of that cost. Apply this effect only if your champion's class matches this card's class.)",Ally,Ranger;Human,Norm,Ranger,1,1.44,3.0,7.0,1.45,,Foil,,1,1,,,,
531648,Lone Gunslinger,lone gunslinger,https://tcgplayer-cdn.tcgplayer.com/product/531648_200w.jpg,74,23338,https://cpt.tcgcsv.com/-Gg6,2024-01-26T05:03:17.27,1,Common,062,"Ranged 1 (As long as this unit is distant, its attacks get +1 power.)<br>
[Class Bonus] Floating Memory (While paying for a memory cost, you may banish this card from your graveyard to pay for 1 of that cost. Apply this effect only if your champion's class matches this card's class.)",Ally,Ranger;Human,Norm,Ranger,1,0.04,0.18,1.0,0.1,,Normal,,1,1,,,,
531649,Oasis Trading Post,oasis trading post,https://tcgplayer-cdn.tcgplayer.com/product/531649_200w.jpg,74,23338,https://cpt.tcgcsv.com/_Gg6,2024-01-26T05:03:17.27,1,Common,065,"(3), [REST]: Glimpse 2.<br>
(4), [REST]: Gather.<br>
(5), [REST]: Summon an Automaton Drone token.",Domain,Warrior;Market,Norm,Warrior,3,0.66,0.78,2.99,0.79,,Foil,,,,<em>A bustling trade port blessed by climate and sulfur.</em>,,,
531649,Oasis Trading Post,oasis trading post,https://tcgplayer-cdn.tcgplayer.com/product/531649_200w.jpg,74,23338,https://cpt.tcgcsv.com/_Gg6,2024-01-26T05:03:17.27,1,Common,065,"(3), [REST]: Glimpse 2.<br>
(4), [REST]: Gather.<br>
(5), [REST]: Summon an Automaton Drone token.",Domain,Warrior;Market,Norm,Warrior,3,0.04,0.2,1.0,0.06,,Normal,,,,<em>A bustling trade port blessed by climate and sulfur.</em>,,,
531650,Organize the Alliance,organize the alliance,https://tcgplayer-cdn.tcgplayer.com/product/531650_200w.jpg,74,23338,https://cpt.tcgcsv.com/0Hg6,2024-01-26T05:03:17.27,1,Common,066,"Target ally becomes fostered.<br>
[Class Bonus] Floating Memory (While paying for a memory cost, you may banish this card from your graveyard to pay for 1 of that cost.)",Action,Guardian;Skill,Norm,Guardian,3,0.01,0.15,1.0,0.09,,Normal,Slow,,,<em>A united front to face down the Automaton horde.</em>,,,
531650,Organize the Alliance,organize the alliance,https://tcgplayer-cdn.tcgplayer.com/product/531650_200w.jpg,74,23338,https://cpt.tcgcsv.com/0Hg6,2024-01-26T05:03:17.27,1,Common,066,"Target ally becomes fostered.<br>
[Class Bonus] Floating Memory (While paying for a memory cost, you may banish this card from your graveyard to pay for 1 of that cost.)",Action,Guardian;Skill,Norm,Guardian,3,0.92,1.36,9.85,1.36,,Foil,Slow,,,<em>A united front to face down the Automaton horde.</em>,,,
531651,Palatial Concourse,palatial concourse,https://tcgplayer-cdn.tcgplayer.com/product/531651_200w.jpg,74,23338,https://cpt.tcgcsv.com/2Hg6,2024-01-26T05:03:17.27,1,Common,067,"At the beginning of your recollection phase, glimpse 1. (To glimpse, look at that many cards from the top of your deck. Put those cards back on the top or on the bottom of your deck in any order.)",Domain,Mage;Crossroads,Norm,Mage,2,0.04,0.18,1.0,0.1,,Normal,,,,<em>Regal thoroughfares for inquisitive scholars.</em>,,,
531651,Palatial Concourse,palatial concourse,https://tcgplayer-cdn.tcgplayer.com/product/531651_200w.jpg,74,23338,https://cpt.tcgcsv.com/2Hg6,2024-01-26T05:03:17.27,1,Common,067,"At the beginning of your recollection phase, glimpse 1. (To glimpse, look at that many cards from the top of your deck. Put those cards back on the top or on the bottom of your deck in any order.)",Domain,Mage;Crossroads,Norm,Mage,2,0.68,0.9,9.89,0.82,,Foil,,,,<em>Regal thoroughfares for inquisitive scholars.</em>,,,
531652,Plea for Peace,plea for peace,https://tcgplayer-cdn.tcgplayer.com/product/531652_200w.jpg,74,23338,https://cpt.tcgcsv.com/3Hg6,2024-01-26T05:03:17.27,1,Common,068,"Until the beginning of your next turn, players can't declare attacks unless they pay (1) for each attack declaration.",Action,Guardian;Skill,Norm,Guardian,1,0.05,0.18,1.0,0.08,,Normal,Slow,,,"<em>Once upon a time, Rose thought that they could resolve their differences with humans peacefully.</em>",,,
531652,Plea for Peace,plea for peace,https://tcgplayer-cdn.tcgplayer.com/product/531652_200w.jpg,74,23338,https://cpt.tcgcsv.com/3Hg6,2024-01-26T05:03:17.27,1,Common,068,"Until the beginning of your next turn, players can't declare attacks unless they pay (1) for each attack declaration.",Action,Guardian;Skill,Norm,Guardian,1,0.87,1.0,5.0,0.95,,Foil,Slow,,,"<em>Once upon a time, Rose thought that they could resolve their differences with humans peacefully.</em>",,,
531653,Raze the Land,raze the land,https://tcgplayer-cdn.tcgplayer.com/product/531653_200w.jpg,74,23338,https://cpt.tcgcsv.com/5Hg6,2024-01-26T05:03:17.27,1,Uncommon,070,"Destroy target domain.<br>
Floating Memory",Action,Guardian;Skill,Norm,Guardian,3,0.08,0.2,2.0,0.15,,Normal,Slow,,,<em>Fires raged unchecked and smoke blotted out the sky. Nothing but rumble remained in the aftermath.</em>,,,
531653,Raze the Land,raze the land,https://tcgplayer-cdn.tcgplayer.com/product/531653_200w.jpg,74,23338,https://cpt.tcgcsv.com/5Hg6,2024-01-26T05:03:17.27,1,Uncommon,070,"Destroy target domain.<br>
Floating Memory",Action,Guardian;Skill,Norm,Guardian,3,1.46,1.69,2.99,2.11,,Foil,Slow,,,<em>Fires raged unchecked and smoke blotted out the sky. Nothing but rumble remained in the aftermath.</em>,,,
531654,Reconstructive Surgery,reconstructive surgery,https://tcgplayer-cdn.tcgplayer.com/product/531654_200w.jpg,74,23338,https://cpt.tcgcsv.com/6Hg6,2024-01-26T05:03:17.27,1,Common,072,"Choose one —<br>
• Put a buff counter on target Automaton ally.<br>
• [Level 2+] Return an Automaton ally card from your graveyard to your memory. (Choose this option only if your champion is level 2 or higher.)",Action,Cleric;Skill,Norm,Cleric,2,0.73,2.14,3.99,0.73,,Foil,Slow,,,,,,
531654,Reconstructive Surgery,reconstructive surgery,https://tcgplayer-cdn.tcgplayer.com/product/531654_200w.jpg,74,23338,https://cpt.tcgcsv.com/6Hg6,2024-01-26T05:03:17.27,1,Common,072,"Choose one —<br>
• Put a buff counter on target Automaton ally.<br>
• [Level 2+] Return an Automaton ally card from your graveyard to your memory. (Choose this option only if your champion is level 2 or higher.)",Action,Cleric;Skill,Norm,Cleric,2,0.04,0.17,1.0,0.07,,Normal,Slow,,,,,,
531655,Reposition,reposition,https://tcgplayer-cdn.tcgplayer.com/product/531655_200w.jpg,74,23338,https://cpt.tcgcsv.com/7Hg6,2024-01-26T05:03:17.27,1,Common,073,"Target unit becomes distant. (Units stay distant until the end of their controller's turn.)<br>
[Class Bonus] Floating Memory (While paying for a memory cost, you may banish this card from your graveyard to pay for 1 of that cost.)",Action,Ranger;Skill,Norm,Ranger,1,3.49,4.96,5.0,3.83,,Foil,Fast,,,,,,
531655,Reposition,reposition,https://tcgplayer-cdn.tcgplayer.com/product/531655_200w.jpg,74,23338,https://cpt.tcgcsv.com/7Hg6,2024-01-26T05:03:17.27,1,Common,073,"Target unit becomes distant. (Units stay distant until the end of their controller's turn.)<br>
[Class Bonus] Floating Memory (While paying for a memory cost, you may banish this card from your graveyard to pay for 1 of that cost.)",Action,Ranger;Skill,Norm,Ranger,1,0.04,0.18,1.0,0.08,,Normal,Fast,,,,,,
531656,Sanctum of Esoteric Truth,sanctum of esoteric truth,https://tcgplayer-cdn.tcgplayer.com/product/531656_200w.jpg,74,23338,https://cpt.tcgcsv.com/8Hg6,2024-01-26T05:03:17.27,1,Common,074,"Whenever your champion levels up, you may put two cards from your hand and/or memory on the bottom of your deck. If you do, draw two cards.",Domain,Cleric;Throne,Norm,Cleric,2,0.97,1.08,11.25,0.97,,Foil,,,,<em>The sanctum sanctorum of an imperial alchemist. Incredible and horrific secrets can be found within.</em>,,,
531656,Sanctum of Esoteric Truth,sanctum of esoteric truth,https://tcgplayer-cdn.tcgplayer.com/product/531656_200w.jpg,74,23338,https://cpt.tcgcsv.com/8Hg6,2024-01-26T05:03:17.27,1,Common,074,"Whenever your champion levels up, you may put two cards from your hand and/or memory on the bottom of your deck. If you do, draw two cards.",Domain,Cleric;Throne,Norm,Cleric,2,0.01,0.19,1.0,0.06,,Normal,,,,<em>The sanctum sanctorum of an imperial alchemist. Incredible and horrific secrets can be found within.</em>,,,
531657,Scavenge the Distillery,scavenge the distillery,https://tcgplayer-cdn.tcgplayer.com/product/531657_200w.jpg,74,23338,https://cpt.tcgcsv.com/9Hg6,2024-01-26T05:03:17.27,1,Uncommon,075,"[Class Bonus] This card costs 1 less to activate.<br>
Return up to one target Potion item card from your graveyard to your hand.",Action,Cleric;Skill,Norm,Cleric,3,0.78,0.99,8.0,,,Foil,Slow,,,<em>Abandoned workshops often contain useful draughts.</em>,,,
531657,Scavenge the Distillery,scavenge the distillery,https://tcgplayer-cdn.tcgplayer.com/product/531657_200w.jpg,74,23338,https://cpt.tcgcsv.com/9Hg6,2024-01-26T05:03:17.27,1,Uncommon,075,"[Class Bonus] This card costs 1 less to activate.<br>
Return up to one target Potion item card from your graveyard to your hand.",Action,Cleric;Skill,Norm,Cleric,3,0.12,0.2,2.0,0.14,,Normal,Slow,,,<em>Abandoned workshops often contain useful draughts.</em>,,,
531658,Scry the Skies,scry the skies,https://tcgplayer-cdn.tcgplayer.com/product/531658_200w.jpg,74,23338,https://cpt.tcgcsv.com/bHg6,2024-01-26T05:03:17.27,1,Common,076,"Glimpse LV. Draw a card into your memory. (To glimpse, look at that many cards from the top of your deck. Put those cards back on the top or on the bottom of your deck in any order.)",Action,Mage;Skill,Norm,Mage,1,3.94,4.47,15.0,3.99,,Foil,Slow,,,<em>The skies hold secrets only privy to the few versed in its signs.</em>,,,
531658,Scry the Skies,scry the skies,https://tcgplayer-cdn.tcgplayer.com/product/531658_200w.jpg,74,23338,https://cpt.tcgcsv.com/bHg6,2024-01-26T05:03:17.27,1,Common,076,"Glimpse LV. Draw a card into your memory. (To glimpse, look at that many cards from the top of your deck. Put those cards back on the top or on the bottom of your deck in any order.)",Action,Mage;Skill,Norm,Mage,1,0.04,0.18,0.52,0.12,,Normal,Slow,,,<em>The skies hold secrets only privy to the few versed in its signs.</em>,,,
531659,Seasoned Shieldmaster,seasoned shieldmaster,https://tcgplayer-cdn.tcgplayer.com/product/531659_200w.jpg,74,23338,https://cpt.tcgcsv.com/cHg6,2024-01-26T05:03:17.27,1,Super Rare,077,"Whenever an ally you control becomes fostered, draw a card into your memory.<br>
[Class Bonus] Fostered allies you control get +1 power and +1 life. (Apply this effect only if your champion's class matches this card's class.)",Ally,Guardian;Human,Norm,Guardian,3,0.84,2.28,7.99,1.86,,Normal,,1,3,,,,
531659,Seasoned Shieldmaster,seasoned shieldmaster,https://tcgplayer-cdn.tcgplayer.com/product/531659_200w.jpg,74,23338,https://cpt.tcgcsv.com/cHg6,2024-01-26T05:03:17.27,1,Super Rare,077,"Whenever an ally you control becomes fostered, draw a card into your memory.<br>
[Class Bonus] Fostered allies you control get +1 power and +1 life. (Apply this effect only if your champion's class matches this card's class.)",Ally,Guardian;Human,Norm,Guardian,3,18.99,19.99,23.99,,,Foil,,1,3,,,,
531660,Serum of Wisdom,serum of wisdom,https://tcgplayer-cdn.tcgplayer.com/product/531660_200w.jpg,74,23338,https://cpt.tcgcsv.com/dHg6,2024-01-26T05:03:17.27,1,Common,078,"Brew — Three Herbs (You may sacrifice the listed objects rather than pay this card's reserve cost.) <br>
Sacrifice Serum of Wisdom: Glimpse 3. Draw a card into your memory.",Item,Cleric;Potion,Norm,Cleric,3,0.05,0.18,1.0,0.07,,Normal,,,,,,,
531660,Serum of Wisdom,serum of wisdom,https://tcgplayer-cdn.tcgplayer.com/product/531660_200w.jpg,74,23338,https://cpt.tcgcsv.com/dHg6,2024-01-26T05:03:17.27,1,Common,078,"Brew — Three Herbs (You may sacrifice the listed objects rather than pay this card's reserve cost.) <br>
Sacrifice Serum of Wisdom: Glimpse 3. Draw a card into your memory.",Item,Cleric;Potion,Norm,Cleric,3,0.94,1.3,6.18,1.05,,Foil,,,,,,,
531661,Strategic Warfare,strategic warfare,https://tcgplayer-cdn.tcgplayer.com/product/531661_200w.jpg,74,23338,https://cpt.tcgcsv.com/fHg6,2024-01-26T05:03:17.27,1,Common,082,"Allies you control get +1 power until end of turn. <br>
[Level 2+] Target unit gains true sight until end of turn. (Units with true sight can attack units with stealth.)",Action,Ranger;Skill,Norm,Ranger,2,0.01,0.18,1.0,0.06,,Normal,Slow,,,<em>Reconnaissance and battlefield tactics can overcome even overwhelming numbers.</em>,,,
531661,Strategic Warfare,strategic warfare,https://tcgplayer-cdn.tcgplayer.com/product/531661_200w.jpg,74,23338,https://cpt.tcgcsv.com/fHg6,2024-01-26T05:03:17.27,1,Common,082,"Allies you control get +1 power until end of turn. <br>
[Level 2+] Target unit gains true sight until end of turn. (Units with true sight can attack units with stealth.)",Action,Ranger;Skill,Norm,Ranger,2,1.25,1.99,9.95,,,Foil,Slow,,,<em>Reconnaissance and battlefield tactics can overcome even overwhelming numbers.</em>,,,
531662,Study the Fables,study the fables,https://tcgplayer-cdn.tcgplayer.com/product/531662_200w.jpg,74,23338,https://cpt.tcgcsv.com/gHg6,2024-01-26T05:03:17.27,1,Common,083,Target player reveals six cards from their material deck. Draw a card into your memory.,Action,Cleric;Skill,Norm,Cleric,2,0.01,0.18,1.0,0.04,,Normal,Slow,,,<em>Perhaps the answer lies within Azoth's many myths.</em>,,,
531662,Study the Fables,study the fables,https://tcgplayer-cdn.tcgplayer.com/product/531662_200w.jpg,74,23338,https://cpt.tcgcsv.com/gHg6,2024-01-26T05:03:17.27,1,Common,083,Target player reveals six cards from their material deck. Draw a card into your memory.,Action,Cleric;Skill,Norm,Cleric,2,0.65,0.99,9.95,0.99,,Foil,Slow,,,<em>Perhaps the answer lies within Azoth's many myths.</em>,,,
531663,Subjugating Lash,subjugating lash,https://tcgplayer-cdn.tcgplayer.com/product/531663_200w.jpg,74,23338,https://cpt.tcgcsv.com/hHg6,2024-01-26T05:03:17.27,1,Common,084,"As long as your champion has twelve or more damage counters on them, Subjugating Lash gets +2 power.",Attack,Guardian;Lash,Norm,Guardian,2,0.01,0.19,1.0,0.06,,Normal,,2,,<em>Savor the pain.</em>,,,
531663,Subjugating Lash,subjugating lash,https://tcgplayer-cdn.tcgplayer.com/product/531663_200w.jpg,74,23338,https://cpt.tcgcsv.com/hHg6,2024-01-26T05:03:17.27,1,Common,084,"As long as your champion has twelve or more damage counters on them, Subjugating Lash gets +2 power.",Attack,Guardian;Lash,Norm,Guardian,2,1.28,1.58,11.79,1.53,,Foil,,2,,<em>Savor the pain.</em>,,,
531664,Swooping Talons,swooping talons,https://tcgplayer-cdn.tcgplayer.com/product/531664_200w.jpg,74,23338,https://cpt.tcgcsv.com/jHg6,2024-01-26T05:03:17.27,1,Uncommon,086,"Choose one —<br>
• Deal 2 damage to target ally.<br>
• [Level 2+] Destroy target item with memory cost 0 or reserve cost 4 or less. (Choose this option only if your champion is level 2 or higher.)",Action,Ranger;Skill,Norm,Ranger,3,0.78,2.76,8.95,0.82,,Foil,Slow,,,,,,
531664,Swooping Talons,swooping talons,https://tcgplayer-cdn.tcgplayer.com/product/531664_200w.jpg,74,23338,https://cpt.tcgcsv.com/jHg6,2024-01-26T05:03:17.27,1,Uncommon,086,"Choose one —<br>
• Deal 2 damage to target ally.<br>
• [Level 2+] Destroy target item with memory cost 0 or reserve cost 4 or less. (Choose this option only if your champion is level 2 or higher.)",Action,Ranger;Skill,Norm,Ranger,3,0.09,0.2,2.0,0.14,,Normal,Slow,,,,,,
531665,Take Aim,take aim,https://tcgplayer-cdn.tcgplayer.com/product/531665_200w.jpg,74,23338,https://cpt.tcgcsv.com/kHg6,2024-01-26T05:03:17.27,1,Common,087,"Target unit's next attack this turn gets +2 power. Class Bonus: That unit also gains ranged 2 until end of turn. (As long as that unit is distant, that unit's attacks get +2 power. Apply the additional effect only if your champion's class matches this card's class.)",Action,Ranger;Skill,Norm,Ranger,2,2.04,3.32,9.95,3.49,,Foil,Slow,,,,,,
531665,Take Aim,take aim,https://tcgplayer-cdn.tcgplayer.com/product/531665_200w.jpg,74,23338,https://cpt.tcgcsv.com/kHg6,2024-01-26T05:03:17.27,1,Common,087,"Target unit's next attack this turn gets +2 power. Class Bonus: That unit also gains ranged 2 until end of turn. (As long as that unit is distant, that unit's attacks get +2 power. Apply the additional effect only if your champion's class matches this card's class.)",Action,Ranger;Skill,Norm,Ranger,2,0.04,0.16,1.0,0.06,,Normal,Slow,,,,,,
531666,Take Cover,take cover,https://tcgplayer-cdn.tcgplayer.com/product/531666_200w.jpg,74,23338,https://cpt.tcgcsv.com/lHg6,2024-01-26T05:03:17.27,1,Rare,088,"[Class Bonus] This card costs 1 less to activate. <br>
Target unit you control gains stealth until end of turn. That unit also becomes distant. (This unit can't be targeted by attacks unless permitted by true sight. Units stay distant until the end of their controller's turn.)",Action,Ranger;Skill;Reaction,Norm,Ranger,5,0.79,0.91,20.99,0.81,,Foil,Fast,,,,,,
531666,Take Cover,take cover,https://tcgplayer-cdn.tcgplayer.com/product/531666_200w.jpg,74,23338,https://cpt.tcgcsv.com/lHg6,2024-01-26T05:03:17.27,1,Rare,088,"[Class Bonus] This card costs 1 less to activate. <br>
Target unit you control gains stealth until end of turn. That unit also becomes distant. (This unit can't be targeted by attacks unless permitted by true sight. Units stay distant until the end of their controller's turn.)",Action,Ranger;Skill;Reaction,Norm,Ranger,5,0.1,0.31,1.88,0.19,,Normal,Fast,,,,,,
531667,The Eternal Kingdom,the eternal kingdom,https://tcgplayer-cdn.tcgplayer.com/product/531667_200w.jpg,74,23338,https://cpt.tcgcsv.com/mHg6,2024-01-26T05:03:17.27,1,Ultra Rare,089,"[Class Bonus] Domains you control have reservable. (While paying for a reserve cost, you may rest an object with reservable to pay for 1 of that cost.)<br>
Upkeep — At the beginning of your recollection phase, you may pay (2). If you don't, sacrifice The Eternal Kingdom.",Unique;Domain,Guardian;Castle,Norm,Guardian,4,109.99,123.8,150.0,,,Foil,,,,,,,
531667,The Eternal Kingdom,the eternal kingdom,https://tcgplayer-cdn.tcgplayer.com/product/531667_200w.jpg,74,23338,https://cpt.tcgcsv.com/mHg6,2024-01-26T05:03:17.27,1,Ultra Rare,089,"[Class Bonus] Domains you control have reservable. (While paying for a reserve cost, you may rest an object with reservable to pay for 1 of that cost.)<br>
Upkeep — At the beginning of your recollection phase, you may pay (2). If you don't, sacrifice The Eternal Kingdom.",Unique;Domain,Guardian;Castle,Norm,Guardian,4,15.0,19.48,35.73,16.25,,Normal,,,,,,,
531668,Trained Sharpshooter,trained sharpshooter,https://tcgplayer-cdn.tcgplayer.com/product/531668_200w.jpg,74,23338,https://cpt.tcgcsv.com/nHg6,2024-01-26T05:03:17.27,1,Common,090,"[Class Bonus] Ranged 2 (As long as this unit is distant, its attacks get +2 power. Apply this effect only if your champion's class matches this card's class.)",Ally,Ranger;Human,Norm,Ranger,3,0.01,0.18,1.0,0.05,,Normal,,2,3,<em>Military-trained infantry able to adjust position and sight an enemy across the battlefield.</em>,,,
531668,Trained Sharpshooter,trained sharpshooter,https://tcgplayer-cdn.tcgplayer.com/product/531668_200w.jpg,74,23338,https://cpt.tcgcsv.com/nHg6,2024-01-26T05:03:17.27,1,Common,090,"[Class Bonus] Ranged 2 (As long as this unit is distant, its attacks get +2 power. Apply this effect only if your champion's class matches this card's class.)",Ally,Ranger;Human,Norm,Ranger,3,0.73,1.25,4.99,1.01,,Foil,,2,3,<em>Military-trained infantry able to adjust position and sight an enemy across the battlefield.</em>,,,
531669,Unearth Revelations,unearth revelations,https://tcgplayer-cdn.tcgplayer.com/product/531669_200w.jpg,74,23338,https://cpt.tcgcsv.com/pHg6,2024-01-26T05:03:17.27,1,Common,091,"Draw two cards, then put two cards from your hand on the bottom of your deck in any order.",Action,Cleric;Skill,Norm,Cleric,1,0.01,0.12,1.0,0.02,,Normal,Slow,,,"<em>Ancient relics lie buried underneath Azoth. Now, it's a race to see who can control their power first.</em>",,,
531669,Unearth Revelations,unearth revelations,https://tcgplayer-cdn.tcgplayer.com/product/531669_200w.jpg,74,23338,https://cpt.tcgcsv.com/pHg6,2024-01-26T05:03:17.27,1,Common,091,"Draw two cards, then put two cards from your hand on the bottom of your deck in any order.",Action,Cleric;Skill,Norm,Cleric,1,0.94,0.99,2.98,1.96,,Foil,Slow,,,"<em>Ancient relics lie buried underneath Azoth. Now, it's a race to see who can control their power first.</em>",,,
531670,Vanish from Sight,vanish from sight,https://tcgplayer-cdn.tcgplayer.com/product/531670_200w.jpg,74,23338,https://cpt.tcgcsv.com/qHg6,2024-01-26T05:03:17.27,1,Uncommon,092,"Activate this card only during an opponent's recollection phase.<br>
Your champion gains stealth until end of turn.",Action,Assassin;Skill;Reaction,Norm,Assassin,3,0.2,1.18,2.76,0.67,,Normal,Fast,,,"<em>Like a wraith, Tristan slipped through the battle wrapped in shadows unseen, daggers ready.</em>",,,
531670,Vanish from Sight,vanish from sight,https://tcgplayer-cdn.tcgplayer.com/product/531670_200w.jpg,74,23338,https://cpt.tcgcsv.com/qHg6,2024-01-26T05:03:17.27,1,Uncommon,092,"Activate this card only during an opponent's recollection phase.<br>
Your champion gains stealth until end of turn.",Action,Assassin;Skill;Reaction,Norm,Assassin,3,11.63,13.0,24.21,12.87,,Foil,Fast,,,"<em>Like a wraith, Tristan slipped through the battle wrapped in shadows unseen, daggers ready.</em>",,,
531671,Airship Cannoneer,airship cannoneer,https://tcgplayer-cdn.tcgplayer.com/product/531671_200w.jpg,74,23338,https://cpt.tcgcsv.com/rHg6,2024-01-26T05:03:17.27,1,Uncommon,093,"[Class Bonus] Ranged 4 (As long as this unit is distant, its attacks get +4 power. Apply this effect only if your champion's class matches this card's class.)<br>
On Attack: You may banish three fire element cards from your graveyard. If you do, Airship Cannoneer becomes distant.",Ally,Ranger;Human,Fire,Ranger,4,0.99,3.99,12.49,3.24,,Foil,,2,3,,,,
531671,Airship Cannoneer,airship cannoneer,https://tcgplayer-cdn.tcgplayer.com/product/531671_200w.jpg,74,23338,https://cpt.tcgcsv.com/rHg6,2024-01-26T05:03:17.27,1,Uncommon,093,"[Class Bonus] Ranged 4 (As long as this unit is distant, its attacks get +4 power. Apply this effect only if your champion's class matches this card's class.)<br>
On Attack: You may banish three fire element cards from your graveyard. If you do, Airship Cannoneer becomes distant.",Ally,Ranger;Human,Fire,Ranger,4,0.13,0.25,1.0,0.17,,Normal,,2,3,,,,
531672,Attune with Flames,attune with flames,https://tcgplayer-cdn.tcgplayer.com/product/531672_200w.jpg,74,23338,https://cpt.tcgcsv.com/sHg6,2024-01-26T05:03:17.27,1,Rare,095,"[Class Bonus] This card costs 2 less to activate.<br>
Activate this card only during an opponent's recollection phase.<br>
Target Guardian weapon you control gets +5 power until the end of your next turn.",Action,Guardian;Skill;Craft,Fire,Guardian,6,0.99,4.98,11.95,,,Foil,Fast,,,,,,
531672,Attune with Flames,attune with flames,https://tcgplayer-cdn.tcgplayer.com/product/531672_200w.jpg,74,23338,https://cpt.tcgcsv.com/sHg6,2024-01-26T05:03:17.27,1,Rare,095,"[Class Bonus] This card costs 2 less to activate.<br>
Activate this card only during an opponent's recollection phase.<br>
Target Guardian weapon you control gets +5 power until the end of your next turn.",Action,Guardian;Skill;Craft,Fire,Guardian,6,0.1,0.25,2.0,0.14,,Normal,Fast,,,,,,
531673,Blazing Charge,blazing charge,https://tcgplayer-cdn.tcgplayer.com/product/531673_200w.jpg,74,23338,https://cpt.tcgcsv.com/tHg6,2024-01-26T05:03:17.27,1,Common,097,"[Class Bonus] Blazing Charge gets +2 power.<br>
On Attack: Until the beginning of your next turn, if damage would be dealt to your champion, they take that much damage plus 1 instead.",Attack,Guardian;Sword,Fire,Guardian,2,0.74,1.05,7.94,1.05,,Foil,,3,,<em>Reckless abandonment for crushing momentum.</em>,,,
531673,Blazing Charge,blazing charge,https://tcgplayer-cdn.tcgplayer.com/product/531673_200w.jpg,74,23338,https://cpt.tcgcsv.com/tHg6,2024-01-26T05:03:17.27,1,Common,097,"[Class Bonus] Blazing Charge gets +2 power.<br>
On Attack: Until the beginning of your next turn, if damage would be dealt to your champion, they take that much damage plus 1 instead.",Attack,Guardian;Sword,Fire,Guardian,2,0.03,0.15,1.0,0.07,,Normal,,3,,<em>Reckless abandonment for crushing momentum.</em>,,,
531674,Bottled Forgelight,bottled forgelight,https://tcgplayer-cdn.tcgplayer.com/product/531674_200w.jpg,74,23338,https://cpt.tcgcsv.com/vHg6,2024-01-26T05:03:17.27,1,Common,098,"Brew — One Razorvine, One Herb<br>
On Enter: If Bottled Forgelight was brewed, deal 2 damage to target unit.<br>
Sacrifice Bottled Forgelight: Deal 2 damage to target unit.",Item,Cleric;Potion,Fire,Cleric,3,0.75,1.99,7.95,0.91,,Foil,,,,,,,
531674,Bottled Forgelight,bottled forgelight,https://tcgplayer-cdn.tcgplayer.com/product/531674_200w.jpg,74,23338,https://cpt.tcgcsv.com/vHg6,2024-01-26T05:03:17.27,1,Common,098,"Brew — One Razorvine, One Herb<br>
On Enter: If Bottled Forgelight was brewed, deal 2 damage to target unit.<br>
Sacrifice Bottled Forgelight: Deal 2 damage to target unit.",Item,Cleric;Potion,Fire,Cleric,3,0.04,0.16,1.0,0.07,,Normal,,,,,,,
531675,Excoriate,excoriate,https://tcgplayer-cdn.tcgplayer.com/product/531675_200w.jpg,74,23338,https://cpt.tcgcsv.com/wHg6,2024-01-26T05:03:17.27,1,Common,100,"[Level 2+] This card costs 1 less to activate. (Apply this effect only if your champion is level 2 or higher.)<br>
Destroy target ally with reserve cost 4 or less.",Action,Mage;Spell,Fire,Mage,4,0.04,0.15,1.0,0.06,,Normal,Slow,,,"<em>""Filth must be cleansed from our kingdom.""</em>",,,
531675,Excoriate,excoriate,https://tcgplayer-cdn.tcgplayer.com/product/531675_200w.jpg,74,23338,https://cpt.tcgcsv.com/wHg6,2024-01-26T05:03:17.27,1,Common,100,"[Level 2+] This card costs 1 less to activate. (Apply this effect only if your champion is level 2 or higher.)<br>
Destroy target ally with reserve cost 4 or less.",Action,Mage;Spell,Fire,Mage,4,0.96,1.99,4.26,1.32,,Foil,Slow,,,"<em>""Filth must be cleansed from our kingdom.""</em>",,,
531676,Explosive Fractal,explosive fractal,https://tcgplayer-cdn.tcgplayer.com/product/531676_200w.jpg,74,23338,https://cpt.tcgcsv.com/xHg6,2024-01-26T05:03:17.27,1,Uncommon,101,"[Class Bonus] [Memory 4+] On Enter: Deal 2 damage to target champion. (Apply this effect only if your champion's class matches this card's class and only if there are four or more cards in your memory.)<br>
Reservable",Phantasia,Cleric;Fractal,Fire,Cleric,3,0.08,0.22,2.0,0.17,,Normal,,,,,,,
531676,Explosive Fractal,explosive fractal,https://tcgplayer-cdn.tcgplayer.com/product/531676_200w.jpg,74,23338,https://cpt.tcgcsv.com/xHg6,2024-01-26T05:03:17.27,1,Uncommon,101,"[Class Bonus] [Memory 4+] On Enter: Deal 2 damage to target champion. (Apply this effect only if your champion's class matches this card's class and only if there are four or more cards in your memory.)<br>
Reservable",Phantasia,Cleric;Fractal,Fire,Cleric,3,1.46,2.0,9.99,2.08,,Foil,,,,,,,
531677,Fiery Duelist,fiery duelist,https://tcgplayer-cdn.tcgplayer.com/product/531677_200w.jpg,74,23338,https://cpt.tcgcsv.com/zHg6,2024-01-26T05:03:17.27,1,Common,103,"[Class Bonus] Ranged 2 (As long as this unit is distant, its attacks get +2 power.)<br>
On Enter: You may discard a fire element card. If you do, draw a card and Fiery Duelist becomes distant. (Units stay distant until the end of their controller's turn.)",Ally,Ranger;Human,Fire,Ranger,3,0.05,0.2,1.0,0.09,,Normal,,1,1,,,,
531677,Fiery Duelist,fiery duelist,https://tcgplayer-cdn.tcgplayer.com/product/531677_200w.jpg,74,23338,https://cpt.tcgcsv.com/zHg6,2024-01-26T05:03:17.27,1,Common,103,"[Class Bonus] Ranged 2 (As long as this unit is distant, its attacks get +2 power.)<br>
On Enter: You may discard a fire element card. If you do, draw a card and Fiery Duelist becomes distant. (Units stay distant until the end of their controller's turn.)",Ally,Ranger;Human,Fire,Ranger,3,1.26,1.35,1.69,1.28,,Foil,,1,1,,,,
531678,Fiery Warcry,fiery warcry,https://tcgplayer-cdn.tcgplayer.com/product/531678_200w.jpg,74,23338,https://cpt.tcgcsv.com/BHg6,2024-01-26T05:03:17.27,1,Uncommon,104,"Draw a card, then discard a card.<br>
[Class Bonus] You may banish a fire element card from your graveyard. When you do, target ally loses taunt and intercept until end of turn.",Action,Guardian;Skill,Fire,Guardian,2,0.13,0.25,2.0,0.18,,Normal,Slow,,,<em>A superheated shout to rattle any foe.</em>,,,
531678,Fiery Warcry,fiery warcry,https://tcgplayer-cdn.tcgplayer.com/product/531678_200w.jpg,74,23338,https://cpt.tcgcsv.com/BHg6,2024-01-26T05:03:17.27,1,Uncommon,104,"Draw a card, then discard a card.<br>
[Class Bonus] You may banish a fire element card from your graveyard. When you do, target ally loses taunt and intercept until end of turn.",Action,Guardian;Skill,Fire,Guardian,2,0.79,1.0,3.76,1.08,,Foil,Slow,,,<em>A superheated shout to rattle any foe.</em>,,,
531679,Fireblooded Oath,fireblooded oath,https://tcgplayer-cdn.tcgplayer.com/product/531679_200w.jpg,74,23338,https://cpt.tcgcsv.com/CHg6,2024-01-26T05:03:17.27,1,Super Rare,105,"[Class Bonus] This card costs 2 less to activate.<br>
As an additional cost to activate this card, banish three fire element cards from your graveyard.<br>
Level up your champion. At the beginning of the next end phase, delevel your champion.",Action,Guardian;Spell,Fire,Guardian,5,0.46,0.99,3.84,0.84,,Normal,Slow,,,,,,
531679,Fireblooded Oath,fireblooded oath,https://tcgplayer-cdn.tcgplayer.com/product/531679_200w.jpg,74,23338,https://cpt.tcgcsv.com/CHg6,2024-01-26T05:03:17.27,1,Super Rare,105,"[Class Bonus] This card costs 2 less to activate.<br>
As an additional cost to activate this card, banish three fire element cards from your graveyard.<br>
Level up your champion. At the beginning of the next end phase, delevel your champion.",Action,Guardian;Spell,Fire,Guardian,5,9.99,19.32,20.97,11.13,,Foil,Slow,,,,,,
531680,Firetuned Automaton,firetuned automaton,https://tcgplayer-cdn.tcgplayer.com/product/531680_200w.jpg,74,23338,https://cpt.tcgcsv.com/DHg6,2024-01-26T05:03:17.27,1,Uncommon,106,"As an additional cost to activate this card, discard a fire element card.<br>
[Class Bonus] Floating Memory (While paying for a memory cost, you may banish this card from your graveyard to pay for 1 of that cost.)",Ally,Guardian;Automaton,Fire,Guardian,2,0.99,3.71,6.0,,,Foil,,3,1,,,,
531680,Firetuned Automaton,firetuned automaton,https://tcgplayer-cdn.tcgplayer.com/product/531680_200w.jpg,74,23338,https://cpt.tcgcsv.com/DHg6,2024-01-26T05:03:17.27,1,Uncommon,106,"As an additional cost to activate this card, discard a fire element card.<br>
[Class Bonus] Floating Memory (While paying for a memory cost, you may banish this card from your graveyard to pay for 1 of that cost.)",Ally,Guardian;Automaton,Fire,Guardian,2,0.14,0.23,2.0,0.19,,Normal,,3,1,,,,
531681,Flameblessed Trainee,flameblessed trainee,https://tcgplayer-cdn.tcgplayer.com/product/531681_200w.jpg,74,23338,https://cpt.tcgcsv.com/FHg6,2024-01-26T05:03:17.27,1,Common,108,"[Class Bonus] On Attack: If Flameblessed Trainee is attacking an ally, you may discard a fire element card. If you do, this attack gets +3 power. (Apply this effect only if your champion's class matches this card's class.)",Ally,Cleric;Human,Fire,Cleric,2,0.69,2.79,7.74,1.36,,Foil,,1,2,,,,
531681,Flameblessed Trainee,flameblessed trainee,https://tcgplayer-cdn.tcgplayer.com/product/531681_200w.jpg,74,23338,https://cpt.tcgcsv.com/FHg6,2024-01-26T05:03:17.27,1,Common,108,"[Class Bonus] On Attack: If Flameblessed Trainee is attacking an ally, you may discard a fire element card. If you do, this attack gets +3 power. (Apply this effect only if your champion's class matches this card's class.)",Ally,Cleric;Human,Fire,Cleric,2,0.04,0.18,1.0,0.06,,Normal,,1,2,,,,
531682,Force Load,force load,https://tcgplayer-cdn.tcgplayer.com/product/531682_200w.jpg,74,23338,https://cpt.tcgcsv.com/GHg6,2024-01-26T05:03:17.27,1,Uncommon,109,"Choose a fire or norm element Bullet card from your material deck with memory cost 0 and load it into target Gun weapon you control. (As a weapon is used for an attack, all of its loaded cards are put into the attacker's intent.)",Action,Ranger;Skill,Fire,Ranger,2,0.76,0.96,9.99,0.99,,Foil,Slow,,,<em>Factory Recommendation: one round per shot.</em>,,,
531682,Force Load,force load,https://tcgplayer-cdn.tcgplayer.com/product/531682_200w.jpg,74,23338,https://cpt.tcgcsv.com/GHg6,2024-01-26T05:03:17.27,1,Uncommon,109,"Choose a fire or norm element Bullet card from your material deck with memory cost 0 and load it into target Gun weapon you control. (As a weapon is used for an attack, all of its loaded cards are put into the attacker's intent.)",Action,Ranger;Skill,Fire,Ranger,2,0.08,0.2,2.0,0.12,,Normal,Slow,,,<em>Factory Recommendation: one round per shot.</em>,,,
531683,Lavaheated Brew,lavaheated brew,https://tcgplayer-cdn.tcgplayer.com/product/531683_200w.jpg,74,23338,https://cpt.tcgcsv.com/HHg6,2024-01-26T05:03:17.27,1,Uncommon,113,"Draw a card, then discard a card. If you didn't discard a Potion item card, deal 3 damage to your champion.<br>
[Class Bonus] Floating Memory (While paying for a memory cost, you may banish this card from your graveyard to pay for 1 of that cost.)",Action,Cleric;Skill,Fire,Cleric,2,1.98,3.49,7.99,,,Foil,Slow,,,,,,
531683,Lavaheated Brew,lavaheated brew,https://tcgplayer-cdn.tcgplayer.com/product/531683_200w.jpg,74,23338,https://cpt.tcgcsv.com/HHg6,2024-01-26T05:03:17.27,1,Uncommon,113,"Draw a card, then discard a card. If you didn't discard a Potion item card, deal 3 damage to your champion.<br>
[Class Bonus] Floating Memory (While paying for a memory cost, you may banish this card from your graveyard to pay for 1 of that cost.)",Action,Cleric;Skill,Fire,Cleric,2,0.12,0.22,2.0,0.22,,Normal,Slow,,,,,,
531684,Manic Zealot,manic zealot,https://tcgplayer-cdn.tcgplayer.com/product/531684_200w.jpg,74,23338,https://cpt.tcgcsv.com/JHg6,2024-01-26T05:03:17.27,1,Common,114,On Death: Deal 2 damage to each champion.,Ally,Assassin;Automaton,Fire,Assassin,2,0.05,0.19,3.0,0.08,,Normal,,1,1,"<em>For some, awakening was a blessing, a revelation of the potential world before them. For others, awakening was a curse with only one solution.</em>",,,
531684,Manic Zealot,manic zealot,https://tcgplayer-cdn.tcgplayer.com/product/531684_200w.jpg,74,23338,https://cpt.tcgcsv.com/JHg6,2024-01-26T05:03:17.27,1,Common,114,On Death: Deal 2 damage to each champion.,Ally,Assassin;Automaton,Fire,Assassin,2,1.26,2.49,8.68,1.39,,Foil,,1,1,"<em>For some, awakening was a blessing, a revelation of the potential world before them. For others, awakening was a curse with only one solution.</em>",,,
531685,Overwhelming Swing,overwhelming swing,https://tcgplayer-cdn.tcgplayer.com/product/531685_200w.jpg,74,23338,https://cpt.tcgcsv.com/KHg6,2024-01-26T05:03:17.27,1,Uncommon,116,[Class Bonus] [Level 2+] Combat damage dealt by this attack is unpreventable. (Apply this effect only if your champion's class matches this card's class and only if your champion is level 2 or higher.),Attack,Guardian;Hammer,Fire,Guardian,6,0.09,0.2,2.0,0.1,,Normal,,5,,<em>Shields become shrapnel under explosive force.</em>,,,
531685,Overwhelming Swing,overwhelming swing,https://tcgplayer-cdn.tcgplayer.com/product/531685_200w.jpg,74,23338,https://cpt.tcgcsv.com/KHg6,2024-01-26T05:03:17.27,1,Uncommon,116,[Class Bonus] [Level 2+] Combat damage dealt by this attack is unpreventable. (Apply this effect only if your champion's class matches this card's class and only if your champion is level 2 or higher.),Attack,Guardian;Hammer,Fire,Guardian,6,0.49,0.81,10.0,0.77,,Foil,,5,,<em>Shields become shrapnel under explosive force.</em>,,,
531686,Tether in Flames,tether in flames,https://tcgplayer-cdn.tcgplayer.com/product/531686_200w.jpg,74,23338,https://cpt.tcgcsv.com/LHg6,2024-01-26T05:03:17.27,1,Rare,119,"[Class Bonus] This card costs 2 less to activate.<br>
Negate target card activation unless its controller has Tether in Flames deal 1+LV unpreventable damage to their champion. (LV refers to your champion's level.)",Action,Cleric;Spell;Reaction,Fire,Cleric,3,0.37,0.69,1.94,0.54,,Normal,Fast,,,,,,
531686,Tether in Flames,tether in flames,https://tcgplayer-cdn.tcgplayer.com/product/531686_200w.jpg,74,23338,https://cpt.tcgcsv.com/LHg6,2024-01-26T05:03:17.27,1,Rare,119,"[Class Bonus] This card costs 2 less to activate.<br>
Negate target card activation unless its controller has Tether in Flames deal 1+LV unpreventable damage to their champion. (LV refers to your champion's level.)",Action,Cleric;Spell;Reaction,Fire,Cleric,3,4.99,8.4,9.99,8.4,,Foil,Fast,,,,,,
531687,Veteran Blazebearer,veteran blazebearer,https://tcgplayer-cdn.tcgplayer.com/product/531687_200w.jpg,74,23338,https://cpt.tcgcsv.com/MHg6,2024-01-26T05:03:17.27,1,Uncommon,120,"On Enter: Veteran Blazebearer gains taunt until the beginning of your next turn.<br>
[Class Bonus] Steadfast (This ally can retaliate while rested and doesn't rest to do so.)",Ally,Guardian;Human,Fire,Guardian,3,0.1,0.25,2.0,0.19,,Normal,,2,3,<em>Blast furnace machinery refurbished for battle.</em>,,,
531687,Veteran Blazebearer,veteran blazebearer,https://tcgplayer-cdn.tcgplayer.com/product/531687_200w.jpg,74,23338,https://cpt.tcgcsv.com/MHg6,2024-01-26T05:03:17.27,1,Uncommon,120,"On Enter: Veteran Blazebearer gains taunt until the beginning of your next turn.<br>
[Class Bonus] Steadfast (This ally can retaliate while rested and doesn't rest to do so.)",Ally,Guardian;Human,Fire,Guardian,3,3.73,5.04,14.95,6.3,,Foil,,2,3,<em>Blast furnace machinery refurbished for battle.</em>,,,
531688,Airship Cruiser,airship cruiser,https://tcgplayer-cdn.tcgplayer.com/product/531688_200w.jpg,74,23338,https://cpt.tcgcsv.com/NHg6,2024-01-26T05:03:17.27,1,Common,121,"Ranged 2 (As long as this unit is distant, its attacks get +2 power.)<br>
[Class Bonus] Floating Memory (While paying for a memory cost, you may banish this card from your graveyard to pay for 1 of that cost.)",Ally,Ranger;Human,Water,Ranger,3,0.96,1.02,8.7,1.02,,Foil,,1,3,,,,
531688,Airship Cruiser,airship cruiser,https://tcgplayer-cdn.tcgplayer.com/product/531688_200w.jpg,74,23338,https://cpt.tcgcsv.com/NHg6,2024-01-26T05:03:17.27,1,Common,121,"Ranged 2 (As long as this unit is distant, its attacks get +2 power.)<br>
[Class Bonus] Floating Memory (While paying for a memory cost, you may banish this card from your graveyard to pay for 1 of that cost.)",Ally,Ranger;Human,Water,Ranger,3,0.01,0.15,1.0,0.06,,Normal,,1,3,,,,
531689,Aqueous Armor,aqueous armor,https://tcgplayer-cdn.tcgplayer.com/product/531689_200w.jpg,74,23338,https://cpt.tcgcsv.com/PHg6,2024-01-26T05:03:17.27,1,Rare,122,"Ally Link (This object enters the field linked to target ally. If the link is broken, sacrifice this object.)<br>
At the beginning of your recollection phase, put the top card of your deck into your graveyard.<br>
[Class Bonus] Linked ally gets +2 life.",Phantasia,Guardian;Spell,Water,Guardian,3,0.97,1.51,3.0,0.99,,Foil,,,,,,,
531689,Aqueous Armor,aqueous armor,https://tcgplayer-cdn.tcgplayer.com/product/531689_200w.jpg,74,23338,https://cpt.tcgcsv.com/PHg6,2024-01-26T05:03:17.27,1,Rare,122,"Ally Link (This object enters the field linked to target ally. If the link is broken, sacrifice this object.)<br>
At the beginning of your recollection phase, put the top card of your deck into your graveyard.<br>
[Class Bonus] Linked ally gets +2 life.",Phantasia,Guardian;Spell,Water,Guardian,3,0.16,0.25,1.37,0.19,,Normal,,,,,,,
531690,Awakened Deacon,awakened deacon,https://tcgplayer-cdn.tcgplayer.com/product/531690_200w.jpg,74,23338,https://cpt.tcgcsv.com/QHg6,2024-01-26T05:03:17.27,1,Common,123,"As long as you control two or more phantasias, Awakened Deacon has intercept. (Whenever your champion is attacked while this ally with intercept is awake, you may redirect that attack to this ally.)<br>
[Class Bonus] Floating Memory",Ally,Cleric;Automaton,Water,Cleric,2,4.52,8.0,39.89,7.18,,Foil,,1,3,,,,
531690,Awakened Deacon,awakened deacon,https://tcgplayer-cdn.tcgplayer.com/product/531690_200w.jpg,74,23338,https://cpt.tcgcsv.com/QHg6,2024-01-26T05:03:17.27,1,Common,123,"As long as you control two or more phantasias, Awakened Deacon has intercept. (Whenever your champion is attacked while this ally with intercept is awake, you may redirect that attack to this ally.)<br>
[Class Bonus] Floating Memory",Ally,Cleric;Automaton,Water,Cleric,2,0.03,0.17,1.0,0.13,,Normal,,1,3,,,,
531691,Calculated Foresight,calculated foresight,https://tcgplayer-cdn.tcgplayer.com/product/531691_200w.jpg,74,23338,https://cpt.tcgcsv.com/RHg6,2024-01-26T05:03:17.27,1,Uncommon,125,"Put the top two cards of your deck into your graveyard. Then you may banish a card with floating memory from your graveyard. If you do, you champion gains ranged 3 until end of turn. (Multiple instances of ranged stack.)",Action,Ranger;Skill,Water,Ranger,2,0.96,1.0,9.99,1.49,,Foil,Slow,,,<em>Some skirmishes are won before the first shot.</em>,,,
531691,Calculated Foresight,calculated foresight,https://tcgplayer-cdn.tcgplayer.com/product/531691_200w.jpg,74,23338,https://cpt.tcgcsv.com/RHg6,2024-01-26T05:03:17.27,1,Uncommon,125,"Put the top two cards of your deck into your graveyard. Then you may banish a card with floating memory from your graveyard. If you do, you champion gains ranged 3 until end of turn. (Multiple instances of ranged stack.)",Action,Ranger;Skill,Water,Ranger,2,0.03,0.16,2.0,0.12,,Normal,Slow,,,<em>Some skirmishes are won before the first shot.</em>,,,
531692,Conjure Downpour,conjure downpour,https://tcgplayer-cdn.tcgplayer.com/product/531692_200w.jpg,74,23338,https://cpt.tcgcsv.com/SHg6,2024-01-26T05:03:17.27,1,Uncommon,126,"Until end of turn, whenever a unit attacks, that attack gets -2 power. <br>
[Class Bonus] [Memory 4+] Draw a card into your memory. (Apply this effect only if your champion's class matches this card's class and only if there are four or more cards in your memory.)",Action,Cleric;Spell,Water,Cleric,3,2.91,4.5,29.98,6.14,,Foil,Fast,,,,,,
531692,Conjure Downpour,conjure downpour,https://tcgplayer-cdn.tcgplayer.com/product/531692_200w.jpg,74,23338,https://cpt.tcgcsv.com/SHg6,2024-01-26T05:03:17.27,1,Uncommon,126,"Until end of turn, whenever a unit attacks, that attack gets -2 power. <br>
[Class Bonus] [Memory 4+] Draw a card into your memory. (Apply this effect only if your champion's class matches this card's class and only if there are four or more cards in your memory.)",Action,Cleric;Spell,Water,Cleric,3,0.2,0.31,1.0,0.3,,Normal,Fast,,,,,,
531693,Convalescent Tonic,convalescent tonic,https://tcgplayer-cdn.tcgplayer.com/product/531693_200w.jpg,74,23338,https://cpt.tcgcsv.com/THg6,2024-01-26T05:03:17.27,1,Common,127,"Brew — One Fraysia (You may sacrifice the listed objects rather than pay this card's reserve cost.) <br>
Sacrifice Convalescent Tonic: Put up to two cards from your hand on the bottom of your deck then draw that many cards. Recover 3.",Item,Cleric;Potion,Water,Cleric,3,0.04,0.18,1.0,0.05,,Normal,,,,,,,
531693,Convalescent Tonic,convalescent tonic,https://tcgplayer-cdn.tcgplayer.com/product/531693_200w.jpg,74,23338,https://cpt.tcgcsv.com/THg6,2024-01-26T05:03:17.27,1,Common,127,"Brew — One Fraysia (You may sacrifice the listed objects rather than pay this card's reserve cost.) <br>
Sacrifice Convalescent Tonic: Put up to two cards from your hand on the bottom of your deck then draw that many cards. Recover 3.",Item,Cleric;Potion,Water,Cleric,3,0.48,0.79,2.24,0.79,,Foil,,,,,,,
531694,Diffusive Block,diffusive block,https://tcgplayer-cdn.tcgplayer.com/product/531694_200w.jpg,74,23338,https://cpt.tcgcsv.com/VHg6,2024-01-26T05:03:17.27,1,Common,129,"This card costs 1 less to activate If you control a Shield item.<br>
Prevent the next 2 damage that would be dealt to target unit this turn.<br>
[Class Bonus] Floating Memory",Action,Guardian;Skill;Reaction,Water,Guardian,2,0.05,0.16,1.0,0.13,,Normal,Fast,,,,,,
531694,Diffusive Block,diffusive block,https://tcgplayer-cdn.tcgplayer.com/product/531694_200w.jpg,74,23338,https://cpt.tcgcsv.com/VHg6,2024-01-26T05:03:17.27,1,Common,129,"This card costs 1 less to activate If you control a Shield item.<br>
Prevent the next 2 damage that would be dealt to target unit this turn.<br>
[Class Bonus] Floating Memory",Action,Guardian;Skill;Reaction,Water,Guardian,2,6.99,8.99,15.99,8.49,,Foil,Fast,,,,,,
531695,Frigid Bash,frigid bash,https://tcgplayer-cdn.tcgplayer.com/product/531695_200w.jpg,74,23338,https://cpt.tcgcsv.com/WHg6,2024-01-26T05:03:17.27,1,Uncommon,134,"This card costs 2 less to activate If you control a Shield item.<br>
[Class Bonus] On Hit: The hit unit doesn't wake up during its controller's next wake up phase unless that player pays (2). (The optional cost is paid upon the resolution of this trigger.)",Attack,Guardian;Shield,Water,Guardian,3,0.05,0.16,2.0,0.1,,Normal,,2,,,,,
531695,Frigid Bash,frigid bash,https://tcgplayer-cdn.tcgplayer.com/product/531695_200w.jpg,74,23338,https://cpt.tcgcsv.com/WHg6,2024-01-26T05:03:17.27,1,Uncommon,134,"This card costs 2 less to activate If you control a Shield item.<br>
[Class Bonus] On Hit: The hit unit doesn't wake up during its controller's next wake up phase unless that player pays (2). (The optional cost is paid upon the resolution of this trigger.)",Attack,Guardian;Shield,Water,Guardian,3,0.75,1.98,15.0,,,Foil,,2,,,,,
531696,"Geni, Gifted Mechanist",geni gifted mechanist,https://tcgplayer-cdn.tcgplayer.com/product/531696_200w.jpg,74,23338,https://cpt.tcgcsv.com/XHg6,2024-01-26T05:03:17.27,1,Super Rare,135,"(2), [REST], Banish a card from your graveyard: If the banished card was an Automaton ally card, summon an Automaton Drone token. Then if the banished card had floating memory, put two buff counters on an Automaton ally you control.",Unique;Ally,Cleric;Human,Water,Cleric,3,0.24,0.63,9.65,0.44,,Normal,,0,2,,,,
531696,"Geni, Gifted Mechanist",geni gifted mechanist,https://tcgplayer-cdn.tcgplayer.com/product/531696_200w.jpg,74,23338,https://cpt.tcgcsv.com/XHg6,2024-01-26T05:03:17.27,1,Super Rare,135,"(2), [REST], Banish a card from your graveyard: If the banished card was an Automaton ally card, summon an Automaton Drone token. Then if the banished card had floating memory, put two buff counters on an Automaton ally you control.",Unique;Ally,Cleric;Human,Water,Cleric,3,4.69,5.25,20.95,5.5,,Foil,,0,2,,,,
531697,Hypothermia,hypothermia,https://tcgplayer-cdn.tcgplayer.com/product/531697_200w.jpg,74,23338,https://cpt.tcgcsv.com/ZHg6,2024-01-26T05:03:17.27,1,Common,136,Target rested ally gets -4 life until end of turn.,Action,Cleric;Spell,Water,Cleric,2,1.45,2.3,9.99,2.3,,Foil,Slow,,,"<em>Rest once, and you may never rise again.</em>",,,
531697,Hypothermia,hypothermia,https://tcgplayer-cdn.tcgplayer.com/product/531697_200w.jpg,74,23338,https://cpt.tcgcsv.com/ZHg6,2024-01-26T05:03:17.27,1,Common,136,Target rested ally gets -4 life until end of turn.,Action,Cleric;Spell,Water,Cleric,2,0.04,0.18,1.0,0.08,,Normal,Slow,,,"<em>Rest once, and you may never rise again.</em>",,,
531698,Krustallan Archer,krustallan archer,https://tcgplayer-cdn.tcgplayer.com/product/531698_200w.jpg,74,23338,https://cpt.tcgcsv.com/-Hg6,2024-01-26T05:03:17.27,1,Uncommon,137,"[Class Bonus] Ranged 3 (As long as this unit is distant, its attacks get +2 power.)<br>
On Attack: You may banish a card with floating memory from your graveyard. If you do, draw a card and Krustallan Archer becomes distant.",Ally,Ranger;Human,Water,Ranger,2,2.72,6.49,10.0,7.99,,Foil,,1,2,,,,
531698,Krustallan Archer,krustallan archer,https://tcgplayer-cdn.tcgplayer.com/product/531698_200w.jpg,74,23338,https://cpt.tcgcsv.com/-Hg6,2024-01-26T05:03:17.27,1,Uncommon,137,"[Class Bonus] Ranged 3 (As long as this unit is distant, its attacks get +2 power.)<br>
On Attack: You may banish a card with floating memory from your graveyard. If you do, draw a card and Krustallan Archer becomes distant.",Ally,Ranger;Human,Water,Ranger,2,0.15,0.25,2.0,0.24,,Normal,,1,2,,,,
531699,Krustallan Distiller,krustallan distiller,https://tcgplayer-cdn.tcgplayer.com/product/531699_200w.jpg,74,23338,https://cpt.tcgcsv.com/_Hg6,2024-01-26T05:03:17.27,1,Common,138,"[Class Bonus] On Enter: If you've brewed a Potion this turn, draw a card into your memory. (Apply this effect only if your champion's class matches this card's class.)",Ally,Cleric;Human,Water,Cleric,3,0.48,0.97,4.2,0.97,,Foil,,1,3,<em>The frigid temperatures of Krustal are optimal for the distillation of restoration tonics.</em>,,,
531699,Krustallan Distiller,krustallan distiller,https://tcgplayer-cdn.tcgplayer.com/product/531699_200w.jpg,74,23338,https://cpt.tcgcsv.com/_Hg6,2024-01-26T05:03:17.27,1,Common,138,"[Class Bonus] On Enter: If you've brewed a Potion this turn, draw a card into your memory. (Apply this effect only if your champion's class matches this card's class.)",Ally,Cleric;Human,Water,Cleric,3,0.01,0.15,1.0,0.03,,Normal,,1,3,<em>The frigid temperatures of Krustal are optimal for the distillation of restoration tonics.</em>,,,
531700,Perfect Repulsion,perfect repulsion,https://tcgplayer-cdn.tcgplayer.com/product/531700_200w.jpg,74,23338,https://cpt.tcgcsv.com/0Jg6,2024-01-26T05:03:17.27,1,Uncommon,139,"The next time target unit you control would take exactly X damage this turn, prevent that damage, where X is the amount of cards in your memory. Draw a card if damage was prevented this way. (X is calculated only as this card resolves.)",Action,Cleric;Spell;Reaction,Water,Cleric,2,0.05,0.18,2.0,0.11,,Normal,Fast,,,,,,
531700,Perfect Repulsion,perfect repulsion,https://tcgplayer-cdn.tcgplayer.com/product/531700_200w.jpg,74,23338,https://cpt.tcgcsv.com/0Jg6,2024-01-26T05:03:17.27,1,Uncommon,139,"The next time target unit you control would take exactly X damage this turn, prevent that damage, where X is the amount of cards in your memory. Draw a card if damage was prevented this way. (X is calculated only as this card resolves.)",Action,Cleric;Spell;Reaction,Water,Cleric,2,1.45,2.8,9.73,2.93,,Foil,Fast,,,,,,
531701,Potion Infusion: Frostbite,potion infusion frostbite,https://tcgplayer-cdn.tcgplayer.com/product/531701_200w.jpg,74,23338,https://cpt.tcgcsv.com/2Jg6,2024-01-26T05:03:17.27,1,Uncommon,141,"Rest target Potion. If you do, it gains ""On Sacrifice: Rest target unit. The next time that unit would take damage from a water element source this turn, it takes that much damage plus 4 instead"" until end of turn. (This trigger would resolve before the Potion's ability.)",Action,Cleric;Spell,Water,Cleric,1,0.05,0.19,5.0,0.15,,Normal,Fast,,,,,,
531701,Potion Infusion: Frostbite,potion infusion frostbite,https://tcgplayer-cdn.tcgplayer.com/product/531701_200w.jpg,74,23338,https://cpt.tcgcsv.com/2Jg6,2024-01-26T05:03:17.27,1,Uncommon,141,"Rest target Potion. If you do, it gains ""On Sacrifice: Rest target unit. The next time that unit would take damage from a water element source this turn, it takes that much damage plus 4 instead"" until end of turn. (This trigger would resolve before the Potion's ability.)",Action,Cleric;Spell,Water,Cleric,1,1.45,1.93,10.75,,,Foil,Fast,,,,,,
531702,Reconnaissance Field,reconnaissance field,https://tcgplayer-cdn.tcgplayer.com/product/531702_200w.jpg,74,23338,https://cpt.tcgcsv.com/3Jg6,2024-01-26T05:03:17.27,1,Common,142,"On Enter: Look at target opponent's hand and memory. <br>
[Class Bonus] [REST]: Target unit gains ranged 1 and true sight until end of turn. (Units with true sight can attack units with stealth. Multiple instances of ranged stack.)",Phantasia,Ranger;Spell,Water,Ranger,3,0.04,0.15,1.0,0.07,,Normal,,,,,,,
531702,Reconnaissance Field,reconnaissance field,https://tcgplayer-cdn.tcgplayer.com/product/531702_200w.jpg,74,23338,https://cpt.tcgcsv.com/3Jg6,2024-01-26T05:03:17.27,1,Common,142,"On Enter: Look at target opponent's hand and memory. <br>
[Class Bonus] [REST]: Target unit gains ranged 1 and true sight until end of turn. (Units with true sight can attack units with stealth. Multiple instances of ranged stack.)",Phantasia,Ranger;Spell,Water,Ranger,3,0.63,0.91,4.99,0.99,,Foil,,,,,,,
531703,Refresh Chamber,refresh chamber,https://tcgplayer-cdn.tcgplayer.com/product/531703_200w.jpg,74,23338,https://cpt.tcgcsv.com/5Jg6,2024-01-26T05:03:17.27,1,Common,143,"Materialize a Bullet card from your material deck. Then you may banish a card with floating memory from your graveyard. If you do, put Refresh Chamber into your memory. (You still pay for the costs of the materialization.)",Action,Ranger;Skill,Water,Ranger,2,0.01,0.18,0.52,0.07,,Normal,Slow,,,,,,
531703,Refresh Chamber,refresh chamber,https://tcgplayer-cdn.tcgplayer.com/product/531703_200w.jpg,74,23338,https://cpt.tcgcsv.com/5Jg6,2024-01-26T05:03:17.27,1,Common,143,"Materialize a Bullet card from your material deck. Then you may banish a card with floating memory from your graveyard. If you do, put Refresh Chamber into your memory. (You still pay for the costs of the materialization.)",Action,Ranger;Skill,Water,Ranger,2,1.26,2.24,9.95,1.29,,Foil,Slow,,,,,,
531704,Rimesoul Bishop,rimesoul bishop,https://tcgplayer-cdn.tcgplayer.com/product/531704_200w.jpg,74,23338,https://cpt.tcgcsv.com/6Jg6,2024-01-26T05:03:17.27,1,Uncommon,144,"On Enter: You may banish a card with floating memory from your graveyard. If you do, draw a card.<br>
[Class Bonus] Floating Memory",Ally,Cleric;Human,Water,Cleric,3,7.98,17.65,44.95,7.15,,Foil,,2,2,"<em>After the first disaster, some found solace in faith.</em>",,,
531704,Rimesoul Bishop,rimesoul bishop,https://tcgplayer-cdn.tcgplayer.com/product/531704_200w.jpg,74,23338,https://cpt.tcgcsv.com/6Jg6,2024-01-26T05:03:17.27,1,Uncommon,144,"On Enter: You may banish a card with floating memory from your graveyard. If you do, draw a card.<br>
[Class Bonus] Floating Memory",Ally,Cleric;Human,Water,Cleric,3,0.19,0.28,2.0,0.23,,Normal,,2,2,"<em>After the first disaster, some found solace in faith.</em>",,,
531705,Seasprite Diver,seasprite diver,https://tcgplayer-cdn.tcgplayer.com/product/531705_200w.jpg,74,23338,https://cpt.tcgcsv.com/7Jg6,2024-01-26T05:03:17.27,1,Uncommon,145,"As long as an opponent has four or more cards in their graveyard, this card costs 1 less to activate. <br>
On Enter: Banish target card in a graveyard.",Ally,Ranger;Automaton,Water,Ranger,4,7.99,8.78,15.98,8.57,,Foil,,2,3,<em>Some find solace in the ocean among the aquatic.</em>,,,
531705,Seasprite Diver,seasprite diver,https://tcgplayer-cdn.tcgplayer.com/product/531705_200w.jpg,74,23338,https://cpt.tcgcsv.com/7Jg6,2024-01-26T05:03:17.27,1,Uncommon,145,"As long as an opponent has four or more cards in their graveyard, this card costs 1 less to activate. <br>
On Enter: Banish target card in a graveyard.",Ally,Ranger;Automaton,Water,Ranger,4,0.19,0.26,2.0,0.25,,Normal,,2,3,<em>Some find solace in the ocean among the aquatic.</em>,,,
531706,Shatterfall Keep,shatterfall keep,https://tcgplayer-cdn.tcgplayer.com/product/531706_200w.jpg,74,23338,https://cpt.tcgcsv.com/8Jg6,2024-01-26T05:03:17.27,1,Rare,146,"[REST], Banish a card with floating memory from your graveyard: Put the top two cards of your deck into your graveyard.<br>
Upkeep — At the beginning of your recollection phase, if there are less than three water element cards in your graveyard, sacrifice Shatterfall Keep.",Unique;Domain,Cleric;Cataclysm,Water,Cleric,3,0.49,0.99,3.26,0.72,,Foil,,,,,,,
531706,Shatterfall Keep,shatterfall keep,https://tcgplayer-cdn.tcgplayer.com/product/531706_200w.jpg,74,23338,https://cpt.tcgcsv.com/8Jg6,2024-01-26T05:03:17.27,1,Rare,146,"[REST], Banish a card with floating memory from your graveyard: Put the top two cards of your deck into your graveyard.<br>
Upkeep — At the beginning of your recollection phase, if there are less than three water element cards in your graveyard, sacrifice Shatterfall Keep.",Unique;Domain,Cleric;Cataclysm,Water,Cleric,3,0.19,0.3,2.09,0.28,,Normal,,,,,,,
531707,Storm of Thorns,storm of thorns,https://tcgplayer-cdn.tcgplayer.com/product/531707_200w.jpg,74,23338,https://cpt.tcgcsv.com/9Jg6,2024-01-26T05:03:17.27,1,Rare,147,"If damage would be dealt to a unit you control this turn, prevent 1 of that damage. If the damage prevented had a unit as its source, deal 1 damage to that unit. <br>
[Class Bonus] Floating Memory",Action,Guardian;Skill;Reaction,Water,Guardian,2,33.0,34.99,41.0,36.24,,Foil,Fast,,,,,,
531707,Storm of Thorns,storm of thorns,https://tcgplayer-cdn.tcgplayer.com/product/531707_200w.jpg,74,23338,https://cpt.tcgcsv.com/9Jg6,2024-01-26T05:03:17.27,1,Rare,147,"If damage would be dealt to a unit you control this turn, prevent 1 of that damage. If the damage prevented had a unit as its source, deal 1 damage to that unit. <br>
[Class Bonus] Floating Memory",Action,Guardian;Skill;Reaction,Water,Guardian,2,0.76,1.38,7.0,0.87,,Normal,Fast,,,,,,
531708,Tactical Retreat,tactical retreat,https://tcgplayer-cdn.tcgplayer.com/product/531708_200w.jpg,74,23338,https://cpt.tcgcsv.com/bJg6,2024-01-26T05:03:17.27,1,Uncommon,149,"Target unit becomes distant. If that unit is defending, end the combat phase. (As a phase ends, banish all triggers, activations, and materializations on the effects stack.)<br>
[Class Bonus] Floating Memory",Action,Ranger;Skill;Reaction,Water,Ranger,3,2.32,5.94,10.92,2.99,,Foil,Fast,,,,,,
531708,Tactical Retreat,tactical retreat,https://tcgplayer-cdn.tcgplayer.com/product/531708_200w.jpg,74,23338,https://cpt.tcgcsv.com/bJg6,2024-01-26T05:03:17.27,1,Uncommon,149,"Target unit becomes distant. If that unit is defending, end the combat phase. (As a phase ends, banish all triggers, activations, and materializations on the effects stack.)<br>
[Class Bonus] Floating Memory",Action,Ranger;Skill;Reaction,Water,Ranger,3,0.2,0.25,2.0,0.22,,Normal,Fast,,,,,,
531709,Vaporjet Shieldbearer,vaporjet shieldbearer,https://tcgplayer-cdn.tcgplayer.com/product/531709_200w.jpg,74,23338,https://cpt.tcgcsv.com/cJg6,2024-01-26T05:03:17.27,1,Uncommon,151,"Steadfast (This ally can retaliate while rested and doesn't rest to do so.)<br>
[Class Bonus] On Hit: Look at the top card of your deck. You may put that card into your graveyard.",Ally,Guardian;Automaton,Water,Guardian,2,0.17,0.25,2.0,0.22,,Normal,,1,3,<em>Automated portside insurance for pirates.</em>,,,
531709,Vaporjet Shieldbearer,vaporjet shieldbearer,https://tcgplayer-cdn.tcgplayer.com/product/531709_200w.jpg,74,23338,https://cpt.tcgcsv.com/cJg6,2024-01-26T05:03:17.27,1,Uncommon,151,"Steadfast (This ally can retaliate while rested and doesn't rest to do so.)<br>
[Class Bonus] On Hit: Look at the top card of your deck. You may put that card into your graveyard.",Ally,Guardian;Automaton,Water,Guardian,2,4.99,6.05,6.53,6.53,,Foil,,1,3,<em>Automated portside insurance for pirates.</em>,,,
531710,Waverider Protector,waverider protector,https://tcgplayer-cdn.tcgplayer.com/product/531710_200w.jpg,74,23338,https://cpt.tcgcsv.com/dJg6,2024-01-26T05:03:17.27,1,Common,152,"[Class Bonus] Taunt (While awake, this ally must be targeted before other units you control during your opponents' attack declarations if able.)<br>
[Class Bonus] Floating Memory (While paying for a memory cost, you may banish this card from your graveyard to pay for 1 of that cost.)",Ally,Guardian;Human,Water,Guardian,4,0.01,0.18,1.0,0.09,,Normal,,1,4,,,,
531710,Waverider Protector,waverider protector,https://tcgplayer-cdn.tcgplayer.com/product/531710_200w.jpg,74,23338,https://cpt.tcgcsv.com/dJg6,2024-01-26T05:03:17.27,1,Common,152,"[Class Bonus] Taunt (While awake, this ally must be targeted before other units you control during your opponents' attack declarations if able.)<br>
[Class Bonus] Floating Memory (While paying for a memory cost, you may banish this card from your graveyard to pay for 1 of that cost.)",Ally,Guardian;Human,Water,Guardian,4,0.7,6.97,14.99,,,Foil,,1,4,,,,
531711,Battlefield Spotter,battlefield spotter,https://tcgplayer-cdn.tcgplayer.com/product/531711_200w.jpg,74,23338,https://cpt.tcgcsv.com/fJg6,2024-01-26T05:03:17.27,1,Rare,154,"[Class Bonus] On Enter: Another target unit you control becomes distant.<br>
[Level 2+] Other units you control gain ranged 1. (Multiple instances of ranged stack. Apply this effect only if your champion is level 2 or higher.)",Ally,Ranger;Human,Wind,Ranger,2,0.2,0.47,2.25,0.24,,Normal,,1,2,,,,
531711,Battlefield Spotter,battlefield spotter,https://tcgplayer-cdn.tcgplayer.com/product/531711_200w.jpg,74,23338,https://cpt.tcgcsv.com/fJg6,2024-01-26T05:03:17.27,1,Rare,154,"[Class Bonus] On Enter: Another target unit you control becomes distant.<br>
[Level 2+] Other units you control gain ranged 1. (Multiple instances of ranged stack. Apply this effect only if your champion is level 2 or higher.)",Ally,Ranger;Human,Wind,Ranger,2,1.49,3.0,9.99,2.51,,Foil,,1,2,,,,
531712,Dominating Strike,dominating strike,https://tcgplayer-cdn.tcgplayer.com/product/531712_200w.jpg,74,23338,https://cpt.tcgcsv.com/gJg6,2024-01-26T05:03:17.27,1,Uncommon,156,"[Vanitas Bonus] You may reveal three wind element cards from your memory rather than pay this card's reserve cost. (Apply this effect only if your champion is Vanitas.)<br>
Weapons can't be used for this attack.",Attack,Cleric;Fist,Wind,Cleric,3,0.2,0.25,2.0,0.21,,Normal,,4,,,,,
531712,Dominating Strike,dominating strike,https://tcgplayer-cdn.tcgplayer.com/product/531712_200w.jpg,74,23338,https://cpt.tcgcsv.com/gJg6,2024-01-26T05:03:17.27,1,Uncommon,156,"[Vanitas Bonus] You may reveal three wind element cards from your memory rather than pay this card's reserve cost. (Apply this effect only if your champion is Vanitas.)<br>
Weapons can't be used for this attack.",Attack,Cleric;Fist,Wind,Cleric,3,7.99,12.0,18.99,4.48,,Foil,,4,,,,,
531713,Draught of Stamina,draught of stamina,https://tcgplayer-cdn.tcgplayer.com/product/531713_200w.jpg,74,23338,https://cpt.tcgcsv.com/hJg6,2024-01-26T05:03:17.27,1,Uncommon,157,"Brew — One Springleaf, Two Herbs (You may sacrifice the listed objects rather than pay this card's reserve cost.) <br>
Sacrifice Draught of Stamina: Wake up target ally you control.",Item,Cleric;Potion,Wind,Cleric,4,0.08,0.2,2.0,0.16,,Normal,,,,,,,
531713,Draught of Stamina,draught of stamina,https://tcgplayer-cdn.tcgplayer.com/product/531713_200w.jpg,74,23338,https://cpt.tcgcsv.com/hJg6,2024-01-26T05:03:17.27,1,Uncommon,157,"Brew — One Springleaf, Two Herbs (You may sacrifice the listed objects rather than pay this card's reserve cost.) <br>
Sacrifice Draught of Stamina: Wake up target ally you control.",Item,Cleric;Potion,Wind,Cleric,4,0.79,1.0,5.99,1.12,,Foil,,,,,,,
531714,Enchaining Gale,enchaining gale,https://tcgplayer-cdn.tcgplayer.com/product/531714_200w.jpg,74,23338,https://cpt.tcgcsv.com/jJg6,2024-01-26T05:03:17.27,1,Common,158,"[Class Bonus] This card costs 1 less to activate. (Apply this effect only if your champion's class matches this card's class.)<br>
Suppress target ally. (To suppress an ally, banish it and return it to the field under its owner's control at the beginning of the next end phase.)",Action,Cleric;Spell,Wind,Cleric,2,2.51,4.99,19.99,4.19,,Foil,Fast,,,,,,
531714,Enchaining Gale,enchaining gale,https://tcgplayer-cdn.tcgplayer.com/product/531714_200w.jpg,74,23338,https://cpt.tcgcsv.com/jJg6,2024-01-26T05:03:17.27,1,Common,158,"[Class Bonus] This card costs 1 less to activate. (Apply this effect only if your champion's class matches this card's class.)<br>
Suppress target ally. (To suppress an ally, banish it and return it to the field under its owner's control at the beginning of the next end phase.)",Action,Cleric;Spell,Wind,Cleric,2,0.01,0.18,1.0,0.07,,Normal,Fast,,,,,,
531715,Enhance Hearing,enhance hearing,https://tcgplayer-cdn.tcgplayer.com/product/531715_200w.jpg,74,23338,https://cpt.tcgcsv.com/kJg6,2024-01-26T05:03:17.27,1,Common,159,"[Class Bonus] This card costs 1 less to activate. <br>
Look at the top three cards of your deck. You may reveal a wind element card or a Reaction card from among them and put it into your hand. Put the rest on the bottom of your deck in any order.",Action,Ranger;Skill,Wind,Ranger,3,0.58,1.18,10.0,0.79,,Foil,Fast,,,,,,
531715,Enhance Hearing,enhance hearing,https://tcgplayer-cdn.tcgplayer.com/product/531715_200w.jpg,74,23338,https://cpt.tcgcsv.com/kJg6,2024-01-26T05:03:17.27,1,Common,159,"[Class Bonus] This card costs 1 less to activate. <br>
Look at the top three cards of your deck. You may reveal a wind element card or a Reaction card from among them and put it into your hand. Put the rest on the bottom of your deck in any order.",Action,Ranger;Skill,Wind,Ranger,3,0.03,0.17,1.0,0.06,,Normal,Fast,,,,,,
531716,Enhance Potency,enhance potency,https://tcgplayer-cdn.tcgplayer.com/product/531716_200w.jpg,74,23338,https://cpt.tcgcsv.com/lJg6,2024-01-26T05:03:17.27,1,Rare,160,"[Class Bonus] This card costs 1 less to activate.<br>
Rest target Potion. If you do, the next time you activate an ability of that Potion this turn, copy that ability. You may choose new targets for the copy.",Action,Cleric;Spell,Wind,Cleric,3,0.7,5.99,17.99,9.99,,Foil,Slow,,,,,,
531716,Enhance Potency,enhance potency,https://tcgplayer-cdn.tcgplayer.com/product/531716_200w.jpg,74,23338,https://cpt.tcgcsv.com/lJg6,2024-01-26T05:03:17.27,1,Rare,160,"[Class Bonus] This card costs 1 less to activate.<br>
Rest target Potion. If you do, the next time you activate an ability of that Potion this turn, copy that ability. You may choose new targets for the copy.",Action,Cleric;Spell,Wind,Cleric,3,0.19,0.26,1.5,0.23,,Normal,Slow,,,,,,
531717,Fertile Grounds,fertile grounds,https://tcgplayer-cdn.tcgplayer.com/product/531717_200w.jpg,74,23338,https://cpt.tcgcsv.com/mJg6,2024-01-26T05:03:17.27,1,Uncommon,161,"At the beginning of your recollection phase, summon a token copy of an Herb item you control.",Phantasia,Cleric;Spell,Wind,Cleric,3,13.54,14.26,14.98,12.67,,Foil,,,,<em>Rapid advancements in botanical research have led to greenhouse enchantments that can replicate the alchemical structure of common herbal ingredients.</em>,,,
531717,Fertile Grounds,fertile grounds,https://tcgplayer-cdn.tcgplayer.com/product/531717_200w.jpg,74,23338,https://cpt.tcgcsv.com/mJg6,2024-01-26T05:03:17.27,1,Uncommon,161,"At the beginning of your recollection phase, summon a token copy of an Herb item you control.",Phantasia,Cleric;Spell,Wind,Cleric,3,0.19,0.27,2.0,0.27,,Normal,,,,<em>Rapid advancements in botanical research have led to greenhouse enchantments that can replicate the alchemical structure of common herbal ingredients.</em>,,,
531718,Imperial Alchemist,imperial alchemist,https://tcgplayer-cdn.tcgplayer.com/product/531718_200w.jpg,74,23338,https://cpt.tcgcsv.com/nJg6,2024-01-26T05:03:17.27,1,Common,162,"[Class Bonus] On Enter: Gather. (To gather, summon a Blightroot, Manaroot, Silvershine, Fraysia, Razorvine, or Springleaf token, chosen at random.)<br>
Whenever you brew a Potion, put a buff counter on Imperial Alchemist.",Ally,Cleric;Human,Wind,Cleric,2,0.01,0.17,1.0,0.05,,Normal,,1,3,,,,
531718,Imperial Alchemist,imperial alchemist,https://tcgplayer-cdn.tcgplayer.com/product/531718_200w.jpg,74,23338,https://cpt.tcgcsv.com/nJg6,2024-01-26T05:03:17.27,1,Common,162,"[Class Bonus] On Enter: Gather. (To gather, summon a Blightroot, Manaroot, Silvershine, Fraysia, Razorvine, or Springleaf token, chosen at random.)<br>
Whenever you brew a Potion, put a buff counter on Imperial Alchemist.",Ally,Cleric;Human,Wind,Cleric,2,2.31,4.62,9.99,4.49,,Foil,,1,3,,,,
531719,"Perse, Relentless Raptor",perse relentless raptor,https://tcgplayer-cdn.tcgplayer.com/product/531719_200w.jpg,74,23338,https://cpt.tcgcsv.com/pJg6,2024-01-26T05:03:17.27,1,Super Rare,163,"Ranged 2 (As long as this unit is distant, its attacks get +2 power.)<br>
[REST]: Suppress target ally, item, or weapon. Activate this ability only if Perse is distant.",Unique;Ally,Ranger;Human,Wind,Ranger,3,7.99,9.69,18.99,9.22,,Normal,,1,3,<em>A merciless bounty hunter whose talons never miss.</em>,,,
531719,"Perse, Relentless Raptor",perse relentless raptor,https://tcgplayer-cdn.tcgplayer.com/product/531719_200w.jpg,74,23338,https://cpt.tcgcsv.com/pJg6,2024-01-26T05:03:17.27,1,Super Rare,163,"Ranged 2 (As long as this unit is distant, its attacks get +2 power.)<br>
[REST]: Suppress target ally, item, or weapon. Activate this ability only if Perse is distant.",Unique;Ally,Ranger;Human,Wind,Ranger,3,21.0,22.25,48.99,14.65,,Foil,,1,3,<em>A merciless bounty hunter whose talons never miss.</em>,,,
531720,Repelling Palmblast,repelling palmblast,https://tcgplayer-cdn.tcgplayer.com/product/531720_200w.jpg,74,23338,https://cpt.tcgcsv.com/qJg6,2024-01-26T05:03:17.27,1,Uncommon,165,"Return all allies with 2 power or less to their owner's memories.<br>
Floating Memory (While paying for a memory cost, you may banish this card from your graveyard to pay for 1 of that cost.)",Action,Cleric;Spell,Wind,Cleric,5,0.08,0.2,2.0,0.11,,Normal,Slow,,,,,,
531720,Repelling Palmblast,repelling palmblast,https://tcgplayer-cdn.tcgplayer.com/product/531720_200w.jpg,74,23338,https://cpt.tcgcsv.com/qJg6,2024-01-26T05:03:17.27,1,Uncommon,165,"Return all allies with 2 power or less to their owner's memories.<br>
Floating Memory (While paying for a memory cost, you may banish this card from your graveyard to pay for 1 of that cost.)",Action,Cleric;Spell,Wind,Cleric,5,0.48,0.95,9.99,0.68,,Foil,Slow,,,,,,
531721,"Rose, Eternal Paragon (CSR) (ALC1E)",Rose Eternal Paragon CSR ALC1E,https://tcgplayer-cdn.tcgplayer.com/product/531721_200w.jpg,74,23338,https://cpt.tcgcsv.com/rJg6,2024-01-26T05:03:17.27,1,Collector Super Rare,166,"Intercept, True Sight<br>
[Class Bonus] Fast Activation (You may activate this card at fast speed.)<br>
[Level 2+] On Enter: You may change the target of an attack to Rose. If you do, Rose gets +1 life until end of turn.",Ally;Unique,Guardian;Warrior;Automaton,Wind,Warrior;Guardian,4,379.99,389.99,399.99,270.0,,Foil,,2,3,,,,
531722,Rousing Slam,rousing slam,https://tcgplayer-cdn.tcgplayer.com/product/531722_200w.jpg,74,23338,https://cpt.tcgcsv.com/sJg6,2024-01-26T05:03:17.27,1,Common,167,[Class Bonus] [Level 2+] On Attack: The attacker gains vigor and taunt until the beginning of your next turn. (Units with vigor wake up at the beginning of your end phase.),Attack,Guardian;Sword,Wind,Guardian,4,0.28,0.78,8.15,0.3,,Foil,,4,,<em>A goading and invigorating challenge to fight.</em>,,,
531722,Rousing Slam,rousing slam,https://tcgplayer-cdn.tcgplayer.com/product/531722_200w.jpg,74,23338,https://cpt.tcgcsv.com/sJg6,2024-01-26T05:03:17.27,1,Common,167,[Class Bonus] [Level 2+] On Attack: The attacker gains vigor and taunt until the beginning of your next turn. (Units with vigor wake up at the beginning of your end phase.),Attack,Guardian;Sword,Wind,Guardian,4,0.04,0.15,1.0,0.05,,Normal,,4,,<em>A goading and invigorating challenge to fight.</em>,,,
531723,Shimmercloak Assassin,shimmercloak assassin,https://tcgplayer-cdn.tcgplayer.com/product/531723_200w.jpg,74,23338,https://cpt.tcgcsv.com/tJg6,2024-01-26T05:03:17.27,1,Common,168,Stealth (This unit can't be targeted by attacks unless permitted by true sight.),Ally,Assassin;Automaton,Wind,Assassin,3,10.55,11.1,18.99,7.25,,Foil,,2,2,"<em>""I need an Auto-Maid, but make it keep out of sight somehow. They are an eyesore for my guests.""
— Custom Dorumegian Noble Commission</em>",,,
531723,Shimmercloak Assassin,shimmercloak assassin,https://tcgplayer-cdn.tcgplayer.com/product/531723_200w.jpg,74,23338,https://cpt.tcgcsv.com/tJg6,2024-01-26T05:03:17.27,1,Common,168,Stealth (This unit can't be targeted by attacks unless permitted by true sight.),Ally,Assassin;Automaton,Wind,Assassin,3,0.04,0.17,1.0,0.1,,Normal,,2,2,"<em>""I need an Auto-Maid, but make it keep out of sight somehow. They are an eyesore for my guests.""
— Custom Dorumegian Noble Commission</em>",,,
531724,Spellshield: Wind,spellshield wind,https://tcgplayer-cdn.tcgplayer.com/product/531724_200w.jpg,74,23338,https://cpt.tcgcsv.com/vJg6,2024-01-26T05:03:17.27,1,Rare,169,"[Class Bonus] This card costs 1 less to activate. <br>
The next time damage would be dealt to your champion this turn, prevent that damage. If 3 or more damage was prevented this way, put a buff counter on an ally you control.",Action,Cleric;Spell;Reaction,Wind,Cleric,4,0.89,3.49,29.49,0.71,,Foil,Fast,,,,,,
531724,Spellshield: Wind,spellshield wind,https://tcgplayer-cdn.tcgplayer.com/product/531724_200w.jpg,74,23338,https://cpt.tcgcsv.com/vJg6,2024-01-26T05:03:17.27,1,Rare,169,"[Class Bonus] This card costs 1 less to activate. <br>
The next time damage would be dealt to your champion this turn, prevent that damage. If 3 or more damage was prevented this way, put a buff counter on an ally you control.",Action,Cleric;Spell;Reaction,Wind,Cleric,4,0.2,0.25,2.25,0.2,,Normal,Fast,,,,,,
531725,Vanishing Shot,vanishing shot,https://tcgplayer-cdn.tcgplayer.com/product/531725_200w.jpg,74,23338,https://cpt.tcgcsv.com/wJg6,2024-01-26T05:03:17.27,1,Uncommon,170,"[REST]: Load Vanishing Shot into target unloaded Gun weapon you control.<br>
On Ally Hit: You may return the hit ally to its owner's memory.",Item,Ranger;Bullet,Wind,Ranger,1,0.1,0.2,2.0,0.13,,Normal,,2,,<em>A enchanted bullet to make threats disappear.</em>,,,
531725,Vanishing Shot,vanishing shot,https://tcgplayer-cdn.tcgplayer.com/product/531725_200w.jpg,74,23338,https://cpt.tcgcsv.com/wJg6,2024-01-26T05:03:17.27,1,Uncommon,170,"[REST]: Load Vanishing Shot into target unloaded Gun weapon you control.<br>
On Ally Hit: You may return the hit ally to its owner's memory.",Item,Ranger;Bullet,Wind,Ranger,1,0.6,1.99,18.95,1.99,,Foil,,2,,<em>A enchanted bullet to make threats disappear.</em>,,,
531726,Veiled Dash,veiled dash,https://tcgplayer-cdn.tcgplayer.com/product/531726_200w.jpg,74,23338,https://cpt.tcgcsv.com/xJg6,2024-01-26T05:03:17.27,1,Uncommon,171,"[Class Bonus] This card costs 2 less to activate.<br>
Up to two target units become distant, then reveal any amount of wind element cards from your memory. Prevent the next X damage that would be dealt to each of those units this turn where X is the amount of wind element cards revealed this way.",Action,Ranger;Skill;Reaction,Wind,Ranger,4,0.15,0.24,2.0,0.2,,Normal,Fast,,,,,,
531726,Veiled Dash,veiled dash,https://tcgplayer-cdn.tcgplayer.com/product/531726_200w.jpg,74,23338,https://cpt.tcgcsv.com/xJg6,2024-01-26T05:03:17.27,1,Uncommon,171,"[Class Bonus] This card costs 2 less to activate.<br>
Up to two target units become distant, then reveal any amount of wind element cards from your memory. Prevent the next X damage that would be dealt to each of those units this turn where X is the amount of wind element cards revealed this way.",Action,Ranger;Skill;Reaction,Wind,Ranger,4,2.99,5.54,8.99,4.99,,Foil,Fast,,,,,,
531727,Whirlwind Vizier,whirlwind vizier,https://tcgplayer-cdn.tcgplayer.com/product/531727_200w.jpg,74,23338,https://cpt.tcgcsv.com/zJg6,2024-01-26T05:03:17.27,1,Uncommon,172,"[Class Bonus] Whirlwind Vizier gets +1 life. (Apply this effect only if your champion's class matches this card's class.)<br>
(3), [REST], Sacrifice Whirlwind Vizier: Destroy target non-Fractal phantasia.",Ally,Cleric;Automaton,Wind,Cleric,3,0.11,0.25,2.0,0.16,,Normal,,2,2,,,,
531727,Whirlwind Vizier,whirlwind vizier,https://tcgplayer-cdn.tcgplayer.com/product/531727_200w.jpg,74,23338,https://cpt.tcgcsv.com/zJg6,2024-01-26T05:03:17.27,1,Uncommon,172,"[Class Bonus] Whirlwind Vizier gets +1 life. (Apply this effect only if your champion's class matches this card's class.)<br>
(3), [REST], Sacrifice Whirlwind Vizier: Destroy target non-Fractal phantasia.",Ally,Cleric;Automaton,Wind,Cleric,3,0.79,0.98,19.89,0.97,,Foil,,2,2,,,,
531728,Winbless Arbalest,winbless arbalest,https://tcgplayer-cdn.tcgplayer.com/product/531728_200w.jpg,74,23338,https://cpt.tcgcsv.com/BJg6,2024-01-26T05:03:17.27,1,Common,174,"Ranged 2 (As long as this unit is distant, its attacks get +2 power.)<br>
[Class Bonus] Vigor (This unit wakes up at the beginning of your end phase. Apply this effect only if your champion's class matches this card's class.)",Ally,Ranger;Human,Wind,Ranger,3,0.04,0.18,1.0,0.1,,Normal,,2,2,,,,
531728,Winbless Arbalest,winbless arbalest,https://tcgplayer-cdn.tcgplayer.com/product/531728_200w.jpg,74,23338,https://cpt.tcgcsv.com/BJg6,2024-01-26T05:03:17.27,1,Common,174,"Ranged 2 (As long as this unit is distant, its attacks get +2 power.)<br>
[Class Bonus] Vigor (This unit wakes up at the beginning of your end phase. Apply this effect only if your champion's class matches this card's class.)",Ally,Ranger;Human,Wind,Ranger,3,0.76,2.43,7.99,2.49,,Foil,,2,2,,,,
531729,Winbless Gatekeeper,winbless gatekeeper,https://tcgplayer-cdn.tcgplayer.com/product/531729_200w.jpg,74,23338,https://cpt.tcgcsv.com/CJg6,2024-01-26T05:03:17.27,1,Uncommon,175,"Taunt (While awake, this ally must be targeted before other units you control during your opponents' attack declarations if able.)<br>
On Enter: You may pay (2). When you do, put a buff counter on target Guardian ally you control.",Ally,Guardian;Human,Wind,Guardian,2,0.16,0.25,2.0,0.19,,Normal,,1,2,,,,
531729,Winbless Gatekeeper,winbless gatekeeper,https://tcgplayer-cdn.tcgplayer.com/product/531729_200w.jpg,74,23338,https://cpt.tcgcsv.com/CJg6,2024-01-26T05:03:17.27,1,Uncommon,175,"Taunt (While awake, this ally must be targeted before other units you control during your opponents' attack declarations if able.)<br>
On Enter: You may pay (2). When you do, put a buff counter on target Guardian ally you control.",Ally,Guardian;Human,Wind,Guardian,2,1.99,2.3,9.88,,,Foil,,1,2,,,,
531730,Winds of Retribution,winds of retribution,https://tcgplayer-cdn.tcgplayer.com/product/531730_200w.jpg,74,23338,https://cpt.tcgcsv.com/DJg6,2024-01-26T05:03:17.27,1,Uncommon,176,"[Class Bonus] [Level 2+] This card costs 2 less to activate. (Apply this effect only if your champion's class matches this card's class and only if your champion is level 2 or higher.)<br>
Allies you control get +2 power until end of turn.",Action,Guardian;Skill,Wind,Guardian,6,0.78,0.96,14.4,,,Foil,Slow,,,,,,
531730,Winds of Retribution,winds of retribution,https://tcgplayer-cdn.tcgplayer.com/product/531730_200w.jpg,74,23338,https://cpt.tcgcsv.com/DJg6,2024-01-26T05:03:17.27,1,Uncommon,176,"[Class Bonus] [Level 2+] This card costs 2 less to activate. (Apply this effect only if your champion's class matches this card's class and only if your champion is level 2 or higher.)<br>
Allies you control get +2 power until end of turn.",Action,Guardian;Skill,Wind,Guardian,6,0.04,0.19,2.0,0.08,,Normal,Slow,,,,,,
531731,Young Peacekeeper,young peacekeeper,https://tcgplayer-cdn.tcgplayer.com/product/531731_200w.jpg,74,23338,https://cpt.tcgcsv.com/FJg6,2024-01-26T05:03:17.27,1,Uncommon,177,"Foster  (At the beginning of your recollection phase, if this ally hasn’t been dealt damage since the end of your previous turn, it becomes fostered.) <br>
Young Peacekeeper gets +1 power and +1 life as long as it's fostered.<br>
[Class Bonus] Floating Memory",Ally,Guardian;Human,Wind,Guardian,3,0.49,1.25,9.99,0.79,,Foil,,1,2,,,,
531731,Young Peacekeeper,young peacekeeper,https://tcgplayer-cdn.tcgplayer.com/product/531731_200w.jpg,74,23338,https://cpt.tcgcsv.com/FJg6,2024-01-26T05:03:17.27,1,Uncommon,177,"Foster  (At the beginning of your recollection phase, if this ally hasn’t been dealt damage since the end of your previous turn, it becomes fostered.) <br>
Young Peacekeeper gets +1 power and +1 life as long as it's fostered.<br>
[Class Bonus] Floating Memory",Ally,Guardian;Human,Wind,Guardian,3,0.1,0.2,1.0,0.12,,Normal,,1,2,,,,
531732,"Astarte, Celestial Dawn",astarte celestial dawn,https://tcgplayer-cdn.tcgplayer.com/product/531732_200w.jpg,74,23338,https://cpt.tcgcsv.com/GJg6,2024-01-26T05:03:17.27,1,Super Rare,178,"[Class Bonus] Fast Activation (You may activate this card at fast speed.)<br>
If an object would enter the field under an opponent's control from anywhere except from the effects stack, banish it face down instead.",Unique;Ally,Cleric;Human,Astra,Cleric,3,11.15,12.85,49.99,,,Foil,,2,4,,,,
531732,"Astarte, Celestial Dawn",astarte celestial dawn,https://tcgplayer-cdn.tcgplayer.com/product/531732_200w.jpg,74,23338,https://cpt.tcgcsv.com/GJg6,2024-01-26T05:03:17.27,1,Super Rare,178,"[Class Bonus] Fast Activation (You may activate this card at fast speed.)<br>
If an object would enter the field under an opponent's control from anywhere except from the effects stack, banish it face down instead.",Unique;Ally,Cleric;Human,Astra,Cleric,3,1.15,3.8,9.99,2.79,,Normal,,2,4,,,,
531733,Astra Sight,astra sight,https://tcgplayer-cdn.tcgplayer.com/product/531733_200w.jpg,74,23338,https://cpt.tcgcsv.com/HJg6,2024-01-26T05:03:17.27,1,Uncommon,179,"Starcalling — (0) (As you're looking at this card while glimpsing, you may activate it by paying this cost. If you do, put all other cards you're looking at on the bottom of your deck in any order.)<br>
Glimpse 1, then draw a card.",Action,Cleric;Spell,Astra,Cleric,0,28.0,29.49,30.52,18.65,,Foil,Fast,,,,,,
531733,Astra Sight,astra sight,https://tcgplayer-cdn.tcgplayer.com/product/531733_200w.jpg,74,23338,https://cpt.tcgcsv.com/HJg6,2024-01-26T05:03:17.27,1,Uncommon,179,"Starcalling — (0) (As you're looking at this card while glimpsing, you may activate it by paying this cost. If you do, put all other cards you're looking at on the bottom of your deck in any order.)<br>
Glimpse 1, then draw a card.",Action,Cleric;Spell,Astra,Cleric,0,0.17,0.25,2.0,0.24,,Normal,Fast,,,,,,
531734,Astral Seal,astral seal,https://tcgplayer-cdn.tcgplayer.com/product/531734_200w.jpg,74,23338,https://cpt.tcgcsv.com/JJg6,2024-01-26T05:03:17.27,1,Super Rare,180,"[Class Bonus] This card costs 3 less to activate if it targets an activation of a card with the same name as a card in any banishment.<br>
Negate target card activation. Banish the card that had its activation negated this way.",Action,Cleric;Spell,Astra,Cleric,3,6.93,18.0,24.68,14.46,,Normal,Fast,,,,,,
531734,Astral Seal,astral seal,https://tcgplayer-cdn.tcgplayer.com/product/531734_200w.jpg,74,23338,https://cpt.tcgcsv.com/JJg6,2024-01-26T05:03:17.27,1,Super Rare,180,"[Class Bonus] This card costs 3 less to activate if it targets an activation of a card with the same name as a card in any banishment.<br>
Negate target card activation. Banish the card that had its activation negated this way.",Action,Cleric;Spell,Astra,Cleric,3,50.69,52.0,54.0,42.75,,Foil,Fast,,,,,,
531735,Celestial Calling,celestial calling,https://tcgplayer-cdn.tcgplayer.com/product/531735_200w.jpg,74,23338,https://cpt.tcgcsv.com/KJg6,2024-01-26T05:03:17.27,1,Rare,181,"[Class Bonus] This card costs 2 less to activate.<br>
Reveal cards from the top of your deck until you reveal an astra element Spell card. Banish that card and put the rest on the bottom of your deck in a random order. At the beginning of your next recollection phase, you may activate the banished card without paying its reserve cost.",Action,Cleric;Spell,Astra,Cleric,4,0.17,0.25,2.44,0.2,,Normal,Slow,,,,,,
531735,Celestial Calling,celestial calling,https://tcgplayer-cdn.tcgplayer.com/product/531735_200w.jpg,74,23338,https://cpt.tcgcsv.com/KJg6,2024-01-26T05:03:17.27,1,Rare,181,"[Class Bonus] This card costs 2 less to activate.<br>
Reveal cards from the top of your deck until you reveal an astra element Spell card. Banish that card and put the rest on the bottom of your deck in a random order. At the beginning of your next recollection phase, you may activate the banished card without paying its reserve cost.",Action,Cleric;Spell,Astra,Cleric,4,0.95,4.5,27.99,,,Foil,Slow,,,,,,
531736,"Claude, Fated Visionary",claude fated visionary,https://tcgplayer-cdn.tcgplayer.com/product/531736_200w.jpg,74,23338,https://cpt.tcgcsv.com/LJg6,2024-01-26T05:03:17.27,1,Super Rare,182,"On Enter: Put the top LV cards of your deck into your graveyard. Then return up to two Automaton ally cards from your graveyard to your memory.<br>
Automaton allies you control have taunt and ""On Death: Glimpse 3.""",Unique;Ally,Cleric;Human,Astra,Cleric,3,0.24,1.89,9.99,1.02,,Normal,,0,2,,,,
531736,"Claude, Fated Visionary",claude fated visionary,https://tcgplayer-cdn.tcgplayer.com/product/531736_200w.jpg,74,23338,https://cpt.tcgcsv.com/LJg6,2024-01-26T05:03:17.27,1,Super Rare,182,"On Enter: Put the top LV cards of your deck into your graveyard. Then return up to two Automaton ally cards from your graveyard to your memory.<br>
Automaton allies you control have taunt and ""On Death: Glimpse 3.""",Unique;Ally,Cleric;Human,Astra,Cleric,3,3.39,3.75,13.98,4.02,,Foil,,0,2,,,,
531737,"Claude, Fated Visionary (CSR) (ALC1E)",Claude Fated Visionary CSR ALC1E,https://tcgplayer-cdn.tcgplayer.com/product/531737_200w.jpg,74,23338,https://cpt.tcgcsv.com/MJg6,2024-01-26T05:03:17.27,1,Collector Super Rare,182,"On Enter: Put the top LV cards of your deck into your graveyard. Then return up to two Automaton ally cards from your graveyard to your memory.<br>
Automaton allies you control have taunt and ""On Death: Glimpse 3.""",Ally;Unique,Cleric;Human,Astra,Cleric,3,139.99,149.99,157.49,,,Foil,,0,2,,,,
531738,Cometfall,cometfall,https://tcgplayer-cdn.tcgplayer.com/product/531738_200w.jpg,74,23338,https://cpt.tcgcsv.com/NJg6,2024-01-26T05:03:17.27,1,Rare,183,"Starcalling — (2) (As you're looking at this card while glimpsing, you may activate it by paying this cost. If you do, put all other cards you're looking at on the bottom of your deck in any order.)<br>
Deal 3 damage to all non-astra element units. Class Bonus: Deal 4 damage to those units instead.",Action,Cleric;Spell,Astra,Cleric,5,7.03,13.0,39.99,6.82,,Foil,Slow,,,,,,
531738,Cometfall,cometfall,https://tcgplayer-cdn.tcgplayer.com/product/531738_200w.jpg,74,23338,https://cpt.tcgcsv.com/NJg6,2024-01-26T05:03:17.27,1,Rare,183,"Starcalling — (2) (As you're looking at this card while glimpsing, you may activate it by paying this cost. If you do, put all other cards you're looking at on the bottom of your deck in any order.)<br>
Deal 3 damage to all non-astra element units. Class Bonus: Deal 4 damage to those units instead.",Action,Cleric;Spell,Astra,Cleric,5,0.19,0.25,2.09,0.25,,Normal,Slow,,,,,,
531739,Condensed Supernova,condensed supernova,https://tcgplayer-cdn.tcgplayer.com/product/531739_200w.jpg,74,23338,https://cpt.tcgcsv.com/PJg6,2024-01-26T05:03:17.27,1,Rare,184,"Brew — One Silvershine, Two Adjuvants, Two Catalysts<br>
Sacrifice Condensed Supernova: Deal LV damage to all non-astra units. Glimpse 4. (LV refers to your champion's level.)",Item,Cleric;Potion,Astra,Cleric,7,2.99,3.95,18.01,3.95,,Foil,,,,,,,
531739,Condensed Supernova,condensed supernova,https://tcgplayer-cdn.tcgplayer.com/product/531739_200w.jpg,74,23338,https://cpt.tcgcsv.com/PJg6,2024-01-26T05:03:17.27,1,Rare,184,"Brew — One Silvershine, Two Adjuvants, Two Catalysts<br>
Sacrifice Condensed Supernova: Deal LV damage to all non-astra units. Glimpse 4. (LV refers to your champion's level.)",Item,Cleric;Potion,Astra,Cleric,7,0.14,0.25,2.09,0.19,,Normal,,,,,,,
531740,Potion Infusion: Starlight,potion infusion starlight,https://tcgplayer-cdn.tcgplayer.com/product/531740_200w.jpg,74,23338,https://cpt.tcgcsv.com/QJg6,2024-01-26T05:03:17.27,1,Rare,185,"[Class Bonus] Starcalling — (1)<br>
Rest target Potion. If you do, it gains ""On Sacrifice: Until end of turn, your champion gets +4 level"" until end of turn. (This trigger would resolve before the Potion's ability.)",Action,Cleric;Spell,Astra,Cleric,3,2.49,7.59,40.95,4.0,,Foil,Slow,,,,,,
531740,Potion Infusion: Starlight,potion infusion starlight,https://tcgplayer-cdn.tcgplayer.com/product/531740_200w.jpg,74,23338,https://cpt.tcgcsv.com/QJg6,2024-01-26T05:03:17.27,1,Rare,185,"[Class Bonus] Starcalling — (1)<br>
Rest target Potion. If you do, it gains ""On Sacrifice: Until end of turn, your champion gets +4 level"" until end of turn. (This trigger would resolve before the Potion's ability.)",Action,Cleric;Spell,Astra,Cleric,3,0.19,0.24,2.43,0.2,,Normal,Slow,,,,,,
531741,Scry the Stars,scry the stars,https://tcgplayer-cdn.tcgplayer.com/product/531741_200w.jpg,74,23338,https://cpt.tcgcsv.com/RJg6,2024-01-26T05:03:17.27,1,Ultra Rare,186,"[Class Bonus] You may banish a card named Scry the Skies from your graveyard rather than pay this card's reserve cost.<br>
Until end of turn, cards you look at while glimpsing have ""Starcalling — (X)"", where X is that card's reserve cost. Glimpse 3.",Action,Cleric;Spell,Astra,Cleric,3,79.99,90.63,101.26,9.5,,Foil,Slow,,,,,,
531741,Scry the Stars,scry the stars,https://tcgplayer-cdn.tcgplayer.com/product/531741_200w.jpg,74,23338,https://cpt.tcgcsv.com/RJg6,2024-01-26T05:03:17.27,1,Ultra Rare,186,"[Class Bonus] You may banish a card named Scry the Skies from your graveyard rather than pay this card's reserve cost.<br>
Until end of turn, cards you look at while glimpsing have ""Starcalling — (X)"", where X is that card's reserve cost. Glimpse 3.",Action,Cleric;Spell,Astra,Cleric,3,10.99,13.0,78.98,13.54,,Normal,Slow,,,,,,
531742,Spellshield: Astra,spellshield astra,https://tcgplayer-cdn.tcgplayer.com/product/531742_200w.jpg,74,23338,https://cpt.tcgcsv.com/SJg6,2024-01-26T05:03:17.27,1,Rare,187,"[Class Bonus] This card costs 2 less to activate.<br>
The next time damage would be dealt to your champion this turn, prevent that damage. Glimpse X, where X is the amount of damage prevented this way.",Action,Cleric;Spell;Reaction,Astra,Cleric,4,14.54,15.5,35.75,14.99,,Foil,Fast,,,,,,
531742,Spellshield: Astra,spellshield astra,https://tcgplayer-cdn.tcgplayer.com/product/531742_200w.jpg,74,23338,https://cpt.tcgcsv.com/SJg6,2024-01-26T05:03:17.27,1,Rare,187,"[Class Bonus] This card costs 2 less to activate.<br>
The next time damage would be dealt to your champion this turn, prevent that damage. Glimpse X, where X is the amount of damage prevented this way.",Action,Cleric;Spell;Reaction,Astra,Cleric,4,0.25,0.5,2.09,0.48,,Normal,Fast,,,,,,
531743,The Constellatory Spire,the constellatory spire,https://tcgplayer-cdn.tcgplayer.com/product/531743_200w.jpg,74,23338,https://cpt.tcgcsv.com/TJg6,2024-01-26T05:03:17.27,1,Super Rare,188,"[Class Bonus] This card costs 2 less to activate.<br>
On Enter: Draw a card.<br>
Whenever you negate a card activation, you may rest The Constellatory Spire. When you do, deal 2 damage to target unit.",Domain,Cleric;Spire,Astra,Cleric,3,0.7,1.7,6.72,1.1,,Normal,,,,,,,
531743,The Constellatory Spire,the constellatory spire,https://tcgplayer-cdn.tcgplayer.com/product/531743_200w.jpg,74,23338,https://cpt.tcgcsv.com/TJg6,2024-01-26T05:03:17.27,1,Super Rare,188,"[Class Bonus] This card costs 2 less to activate.<br>
On Enter: Draw a card.<br>
Whenever you negate a card activation, you may rest The Constellatory Spire. When you do, deal 2 damage to target unit.",Domain,Cleric;Spire,Astra,Cleric,3,7.75,8.0,38.99,8.99,,Foil,,,,,,,
531744,Amorphous Strike,amorphous strike,https://tcgplayer-cdn.tcgplayer.com/product/531744_200w.jpg,74,23338,https://cpt.tcgcsv.com/VJg6,2024-01-26T05:03:17.27,1,Rare,189,"[Class Bonus] On Attack: You may banish an attack card from your graveyard. If you do, Amorphous Strike gets +X power where X is the banished card's power.",Attack,Guardian;Sword,Neos,Guardian,3,0.2,0.5,1.95,0.25,,Normal,,4,,<em>Renewed power from past experience.</em>,,,
531744,Amorphous Strike,amorphous strike,https://tcgplayer-cdn.tcgplayer.com/product/531744_200w.jpg,74,23338,https://cpt.tcgcsv.com/VJg6,2024-01-26T05:03:17.27,1,Rare,189,"[Class Bonus] On Attack: You may banish an attack card from your graveyard. If you do, Amorphous Strike gets +X power where X is the banished card's power.",Attack,Guardian;Sword,Neos,Guardian,3,2.42,2.42,15.0,2.99,,Foil,,4,,<em>Renewed power from past experience.</em>,,,
531745,Assemble the Ancients,assemble the ancients,https://tcgplayer-cdn.tcgplayer.com/product/531745_200w.jpg,74,23338,https://cpt.tcgcsv.com/WJg6,2024-01-26T05:03:17.27,1,Super Rare,190,Sacrifice any number of domains then summon that many Automaton Drone tokens. Those tokens enter the field rested with an amount of buff counters on it equal to the amount of domains sacrificed this way. Then they gain vigor until end of turn.,Action,Guardian;Spell,Neos,Guardian,3,0.18,0.5,3.0,0.23,,Normal,Slow,,,,,,
531745,Assemble the Ancients,assemble the ancients,https://tcgplayer-cdn.tcgplayer.com/product/531745_200w.jpg,74,23338,https://cpt.tcgcsv.com/WJg6,2024-01-26T05:03:17.27,1,Super Rare,190,Sacrifice any number of domains then summon that many Automaton Drone tokens. Those tokens enter the field rested with an amount of buff counters on it equal to the amount of domains sacrificed this way. Then they gain vigor until end of turn.,Action,Guardian;Spell,Neos,Guardian,3,15.96,15.96,15.96,15.96,,Foil,Slow,,,,,,
531746,Aurousteel Greatsword,aurousteel greatsword,https://tcgplayer-cdn.tcgplayer.com/product/531746_200w.jpg,74,23338,https://cpt.tcgcsv.com/XJg6,2024-01-26T05:03:17.27,1,Common,191,,Token;Weapon,Guardian;Sword,Neos,Guardian,1,0.05,0.2,1.0,0.14,,Normal,,3,,<em>Neos-infused steel forms to the wielder's core disposition and grandest desires.</em>,,1,
531746,Aurousteel Greatsword,aurousteel greatsword,https://tcgplayer-cdn.tcgplayer.com/product/531746_200w.jpg,74,23338,https://cpt.tcgcsv.com/XJg6,2024-01-26T05:03:17.27,1,Common,191,,Token;Weapon,Guardian;Sword,Neos,Guardian,1,3.99,6.49,8.99,4.66,,Foil,,3,,<em>Neos-infused steel forms to the wielder's core disposition and grandest desires.</em>,,1,
531747,Clockwork Amalgam,clockwork amalgam,https://tcgplayer-cdn.tcgplayer.com/product/531747_200w.jpg,74,23338,https://cpt.tcgcsv.com/ZJg6,2024-01-26T05:03:17.27,1,Super Rare,192,"[Class Bonus] This card costs 2 less to activate.<br>
Clockwork Amalgam enters the field as a copy of any ally or weapon on the field except it has ""At the beginning of your recollection phase, you may return this object to your hand.""",Phantasia,Guardian;Tamer;Spell,Neos,Guardian;Tamer,5,3.49,8.0,27.99,,,Foil,,,,,,,
531747,Clockwork Amalgam,clockwork amalgam,https://tcgplayer-cdn.tcgplayer.com/product/531747_200w.jpg,74,23338,https://cpt.tcgcsv.com/ZJg6,2024-01-26T05:03:17.27,1,Super Rare,192,"[Class Bonus] This card costs 2 less to activate.<br>
Clockwork Amalgam enters the field as a copy of any ally or weapon on the field except it has ""At the beginning of your recollection phase, you may return this object to your hand.""",Phantasia,Guardian;Tamer;Spell,Neos,Guardian;Tamer,5,0.25,0.48,6.95,0.35,,Normal,,,,,,,
531748,Fractal of Creation,fractal of creation,https://tcgplayer-cdn.tcgplayer.com/product/531748_200w.jpg,74,23338,https://cpt.tcgcsv.com/-Jg6,2024-01-26T05:03:17.27,1,Rare,193,"Reservable (While paying for a reserve cost, you may rest this object to pay for 1 of that cost.)<br>
Sacrifice Fractal of Creation: Summon a token copy of target token you control.",Phantasia,Mage;Fractal,Neos,Mage,2,0.99,2.0,98.99,1.49,,Foil,,,,<em>Power only constrained by imagination.</em>,,,
531748,Fractal of Creation,fractal of creation,https://tcgplayer-cdn.tcgplayer.com/product/531748_200w.jpg,74,23338,https://cpt.tcgcsv.com/-Jg6,2024-01-26T05:03:17.27,1,Rare,193,"Reservable (While paying for a reserve cost, you may rest this object to pay for 1 of that cost.)<br>
Sacrifice Fractal of Creation: Summon a token copy of target token you control.",Phantasia,Mage;Fractal,Neos,Mage,2,0.14,0.25,2.4,0.21,,Normal,,,,<em>Power only constrained by imagination.</em>,,,
531749,Neos Elemental,neos elemental,https://tcgplayer-cdn.tcgplayer.com/product/531749_200w.jpg,74,23338,https://cpt.tcgcsv.com/_Jg6,2024-01-26T05:03:17.27,1,Ultra Rare,194,"[Class Bonus] This card costs 1 less to activate for each token object you control.<br>
Hindered (This ally enters the field rested.)<br>
Steadfast, Taunt, True Sight, Vigor<br>
Neos Elemental gets +1 power and +1 life for each token object you control.",Ally,Guardian;Elemental,Neos,Guardian,10,59.99,94.99,129.99,69.99,,Foil,,1,1,,,,
531749,Neos Elemental,neos elemental,https://tcgplayer-cdn.tcgplayer.com/product/531749_200w.jpg,74,23338,https://cpt.tcgcsv.com/_Jg6,2024-01-26T05:03:17.27,1,Ultra Rare,194,"[Class Bonus] This card costs 1 less to activate for each token object you control.<br>
Hindered (This ally enters the field rested.)<br>
Steadfast, Taunt, True Sight, Vigor<br>
Neos Elemental gets +1 power and +1 life for each token object you control.",Ally,Guardian;Elemental,Neos,Guardian,10,3.99,6.0,18.59,4.18,,Normal,,1,1,,,,
531750,Neos Sight,neos sight,https://tcgplayer-cdn.tcgplayer.com/product/531750_200w.jpg,74,23338,https://cpt.tcgcsv.com/0Kg6,2024-01-26T05:03:17.27,1,Uncommon,195,"Draw a card. If you control eight or more objects, draw a card into your memory.",Action,Mage;Spell,Neos,Mage,0,0.04,0.2,2.0,0.09,,Normal,Fast,,,<em>Strength in numbers.</em>,,,
531750,Neos Sight,neos sight,https://tcgplayer-cdn.tcgplayer.com/product/531750_200w.jpg,74,23338,https://cpt.tcgcsv.com/0Kg6,2024-01-26T05:03:17.27,1,Uncommon,195,"Draw a card. If you control eight or more objects, draw a card into your memory.",Action,Mage;Spell,Neos,Mage,0,1.16,5.0,14.99,2.97,,Foil,Fast,,,<em>Strength in numbers.</em>,,,
531751,Obelisk of Armaments,obelisk of armaments,https://tcgplayer-cdn.tcgplayer.com/product/531751_200w.jpg,74,23338,https://cpt.tcgcsv.com/2Kg6,2024-01-26T05:03:17.27,1,Common,196,"(5), [REST]: Summon an Aurousteel Greatsword token. This ability costs (1) less to activate for each domain you control.",Unique;Token;Domain,Guardian;Obelisk,Neos,Guardian,3,0.05,0.17,0.52,0.1,,Normal,,,,,,,
531751,Obelisk of Armaments,obelisk of armaments,https://tcgplayer-cdn.tcgplayer.com/product/531751_200w.jpg,74,23338,https://cpt.tcgcsv.com/2Kg6,2024-01-26T05:03:17.27,1,Common,196,"(5), [REST]: Summon an Aurousteel Greatsword token. This ability costs (1) less to activate for each domain you control.",Unique;Token;Domain,Guardian;Obelisk,Neos,Guardian,3,2.91,4.71,9.99,4.71,,Foil,,,,,,,
531752,Obelisk of Fabrication,obelisk of fabrication,https://tcgplayer-cdn.tcgplayer.com/product/531752_200w.jpg,74,23338,https://cpt.tcgcsv.com/3Kg6,2024-01-26T05:03:17.27,1,Common,197,"(6), [REST]: Summon an Automaton Drone token with a buff counter on it. This ability costs (1) less to activate for each domain you control.",Unique;Token;Domain,Guardian;Obelisk,Neos,Guardian,3,0.05,0.2,1.0,0.11,,Normal,,,,,,,
531752,Obelisk of Fabrication,obelisk of fabrication,https://tcgplayer-cdn.tcgplayer.com/product/531752_200w.jpg,74,23338,https://cpt.tcgcsv.com/3Kg6,2024-01-26T05:03:17.27,1,Common,197,"(6), [REST]: Summon an Automaton Drone token with a buff counter on it. This ability costs (1) less to activate for each domain you control.",Unique;Token;Domain,Guardian;Obelisk,Neos,Guardian,3,3.49,3.98,20.89,3.71,,Foil,,,,,,,
531753,Obelisk of Protection,obelisk of protection,https://tcgplayer-cdn.tcgplayer.com/product/531753_200w.jpg,74,23338,https://cpt.tcgcsv.com/5Kg6,2024-01-26T05:03:17.27,1,Common,198,"(4), [REST]: Prevent the next 2 damage that would be dealt to target unit this turn. This ability costs (1) less to activate for each domain you control.",Unique;Token;Domain,Guardian;Obelisk,Neos,Guardian,3,0.05,0.17,1.0,0.1,,Normal,,,,,,,
531753,Obelisk of Protection,obelisk of protection,https://tcgplayer-cdn.tcgplayer.com/product/531753_200w.jpg,74,23338,https://cpt.tcgcsv.com/5Kg6,2024-01-26T05:03:17.27,1,Common,198,"(4), [REST]: Prevent the next 2 damage that would be dealt to target unit this turn. This ability costs (1) less to activate for each domain you control.",Unique;Token;Domain,Guardian;Obelisk,Neos,Guardian,3,2.59,4.99,18.0,2.86,,Foil,,,,,,,
531754,Provoke Obstinance,provoke obstinance,https://tcgplayer-cdn.tcgplayer.com/product/531754_200w.jpg,74,23338,https://cpt.tcgcsv.com/6Kg6,2024-01-26T05:03:17.27,1,Super Rare,199,"[Class Bonus] Whenever you activate this card, if there's exactly one target for its activation, draw a card into your memory.<br>
Up to five target objects you control gain spellshroud until end of turn. Prevent the next 2 damage that would be dealt to each of those targets this turn if they're units.",Action,Guardian;Spell;Reaction,Neos,Guardian,3,3.98,3.99,8.83,3.99,,Foil,Fast,,,,,,
531754,Provoke Obstinance,provoke obstinance,https://tcgplayer-cdn.tcgplayer.com/product/531754_200w.jpg,74,23338,https://cpt.tcgcsv.com/6Kg6,2024-01-26T05:03:17.27,1,Super Rare,199,"[Class Bonus] Whenever you activate this card, if there's exactly one target for its activation, draw a card into your memory.<br>
Up to five target objects you control gain spellshroud until end of turn. Prevent the next 2 damage that would be dealt to each of those targets this turn if they're units.",Action,Guardian;Spell;Reaction,Neos,Guardian,3,0.94,1.53,3.95,1.03,,Normal,Fast,,,,,,
531755,Smash with Obelisk,smash with obelisk,https://tcgplayer-cdn.tcgplayer.com/product/531755_200w.jpg,74,23338,https://cpt.tcgcsv.com/7Kg6,2024-01-26T05:03:17.27,1,Uncommon,200,"As an additional cost to activate this card, sacrifice a domain you control.<br>
Smash with Obelisk gets +X power where X is the reserve cost of the sacrificed domain.",Attack,Guardian;Obelisk,Neos,Guardian,3,0.99,5.25,9.99,2.29,,Foil,,6,,<em>Destructive power with the weight of the world.</em>,,,
531755,Smash with Obelisk,smash with obelisk,https://tcgplayer-cdn.tcgplayer.com/product/531755_200w.jpg,74,23338,https://cpt.tcgcsv.com/7Kg6,2024-01-26T05:03:17.27,1,Uncommon,200,"As an additional cost to activate this card, sacrifice a domain you control.<br>
Smash with Obelisk gets +X power where X is the reserve cost of the sacrificed domain.",Attack,Guardian;Obelisk,Neos,Guardian,3,0.07,0.19,2.0,0.11,,Normal,,6,,<em>Destructive power with the weight of the world.</em>,,,
531756,Summon Sentinels,summon sentinels,https://tcgplayer-cdn.tcgplayer.com/product/531756_200w.jpg,74,23338,https://cpt.tcgcsv.com/8Kg6,2024-01-26T05:03:17.27,1,Uncommon,201,"[Class Bonus] This costs 1 less to activate for each domain you control.<br>
Summon two Automaton Drone tokens each with a buff counter on them.",Action,Guardian;Skill,Neos,Guardian,4,1.99,3.46,10.25,2.56,,Foil,Slow,,,,,,
531756,Summon Sentinels,summon sentinels,https://tcgplayer-cdn.tcgplayer.com/product/531756_200w.jpg,74,23338,https://cpt.tcgcsv.com/8Kg6,2024-01-26T05:03:17.27,1,Uncommon,201,"[Class Bonus] This costs 1 less to activate for each domain you control.<br>
Summon two Automaton Drone tokens each with a buff counter on them.",Action,Guardian;Skill,Neos,Guardian,4,0.08,0.18,2.0,0.11,,Normal,Slow,,,,,,
531757,Anathema's End,anathema s end,https://tcgplayer-cdn.tcgplayer.com/product/531757_200w.jpg,74,23338,https://cpt.tcgcsv.com/9Kg6,2024-01-26T05:03:17.27,1,Super Rare,202,"[REST]: Load Anathema's End into target unloaded Gun weapon you control.<br>
[Class Bonus] On Champion Hit: Banish all Curse cards in the hit champion's lineage. For each card banished this way, deal 2 unpreventable damage to that champion.",Item,Ranger;Bullet,Umbra,Ranger,3,1.99,9.99,12.71,,,Foil,,1,,,,,
531757,Anathema's End,anathema s end,https://tcgplayer-cdn.tcgplayer.com/product/531757_200w.jpg,74,23338,https://cpt.tcgcsv.com/9Kg6,2024-01-26T05:03:17.27,1,Super Rare,202,"[REST]: Load Anathema's End into target unloaded Gun weapon you control.<br>
[Class Bonus] On Champion Hit: Banish all Curse cards in the hit champion's lineage. For each card banished this way, deal 2 unpreventable damage to that champion.",Item,Ranger;Bullet,Umbra,Ranger,3,0.19,0.98,3.39,0.28,,Normal,,1,,,,,
531758,"Carter, Synthetic Reaper",carter synthetic reaper,https://tcgplayer-cdn.tcgplayer.com/product/531758_200w.jpg,74,23338,https://cpt.tcgcsv.com/bKg6,2024-01-26T05:03:17.27,1,Ultra Rare,203,"[Class Bonus] Cleave <br>
Whenever an ally dies, recover 1.<br>
On Enter: You may sacrifice another ally you control. If you do, Carter gets +2 power until end of turn. If an Automaton ally was sacrificed this way, draw a card.",Unique;Ally,Guardian;Ranger;Human,Umbra,Guardian;Ranger,2,99.99,139.99,196.98,,,Foil,,2,3,,,,
531758,"Carter, Synthetic Reaper",carter synthetic reaper,https://tcgplayer-cdn.tcgplayer.com/product/531758_200w.jpg,74,23338,https://cpt.tcgcsv.com/bKg6,2024-01-26T05:03:17.27,1,Ultra Rare,203,"[Class Bonus] Cleave <br>
Whenever an ally dies, recover 1.<br>
On Enter: You may sacrifice another ally you control. If you do, Carter gets +2 power until end of turn. If an Automaton ally was sacrificed this way, draw a card.",Unique;Ally,Guardian;Ranger;Human,Umbra,Guardian;Ranger,2,49.99,55.1,65.0,44.31,,Normal,,2,3,,,,
531759,Creeping Torment,creeping torment,https://tcgplayer-cdn.tcgplayer.com/product/531759_200w.jpg,74,23338,https://cpt.tcgcsv.com/cKg6,2024-01-26T05:03:17.27,1,Common,204,"On Enter: Put Creeping Torment on the bottom of target champion's lineage.<br>
Inherited Effect: Whenever you draw your second card each turn, deal 2 unpreventable damage to this object. (Champions have this ability as long as this card is part of its lineage.)",Phantasia,Cleric;Curse;Spell,Umbra,Cleric,1,0.15,0.23,1.0,0.18,,Normal,,,,,,,
531759,Creeping Torment,creeping torment,https://tcgplayer-cdn.tcgplayer.com/product/531759_200w.jpg,74,23338,https://cpt.tcgcsv.com/cKg6,2024-01-26T05:03:17.27,1,Common,204,"On Enter: Put Creeping Torment on the bottom of target champion's lineage.<br>
Inherited Effect: Whenever you draw your second card each turn, deal 2 unpreventable damage to this object. (Champions have this ability as long as this card is part of its lineage.)",Phantasia,Cleric;Curse;Spell,Umbra,Cleric,1,5.25,11.0,29.99,8.99,,Foil,,,,,,,
531760,Demon's Aim,demon s aim,https://tcgplayer-cdn.tcgplayer.com/product/531760_200w.jpg,74,23338,https://cpt.tcgcsv.com/dKg6,2024-01-26T05:03:17.27,1,Rare,205,"Put Demon's Aim on the bottom of your champion's lineage. Then your champion's attacks this turn gain true sight, ""This attack can't be redirected by intercept"", and ""Choose the targets for this attack as though units didn't have taunt.""<br>
Inherited Effect: This object has -2 life.",Action,Ranger;Curse;Spell,Umbra,Ranger,2,0.17,0.3,1.87,0.24,,Normal,Slow,,,,,,
531760,Demon's Aim,demon s aim,https://tcgplayer-cdn.tcgplayer.com/product/531760_200w.jpg,74,23338,https://cpt.tcgcsv.com/dKg6,2024-01-26T05:03:17.27,1,Rare,205,"Put Demon's Aim on the bottom of your champion's lineage. Then your champion's attacks this turn gain true sight, ""This attack can't be redirected by intercept"", and ""Choose the targets for this attack as though units didn't have taunt.""<br>
Inherited Effect: This object has -2 life.",Action,Ranger;Curse;Spell,Umbra,Ranger,2,2.98,4.99,12.95,4.99,,Foil,Slow,,,,,,
531761,False Step,false step,https://tcgplayer-cdn.tcgplayer.com/product/531761_200w.jpg,74,23338,https://cpt.tcgcsv.com/fKg6,2024-01-26T05:03:17.27,1,Rare,206,"If damage would be dealt to your champion this turn, prevent 2 of that damage. Your champion becomes distant. Then you may pay (2). If you do, allies you control also become distant.",Action,Ranger;Skill;Reaction,Umbra,Ranger,1,0.36,0.5,2.35,0.43,,Normal,Fast,,,<em>The gliding shadows obfuscate and disorientate.</em>,,,
531761,False Step,false step,https://tcgplayer-cdn.tcgplayer.com/product/531761_200w.jpg,74,23338,https://cpt.tcgcsv.com/fKg6,2024-01-26T05:03:17.27,1,Rare,206,"If damage would be dealt to your champion this turn, prevent 2 of that damage. Your champion becomes distant. Then you may pay (2). If you do, allies you control also become distant.",Action,Ranger;Skill;Reaction,Umbra,Ranger,1,7.99,11.33,23.45,12.66,,Foil,Fast,,,<em>The gliding shadows obfuscate and disorientate.</em>,,,
531762,Gloamspire Wraith,Gloamspire Wraith,https://tcgplayer-cdn.tcgplayer.com/product/531762_200w.jpg,74,23338,https://cpt.tcgcsv.com/gKg6,2024-01-26T05:03:17.27,1,Rare,207,"[Class Bonus] Ranged 2<br>
As long as Gloamspire Wraith is distant, it has ""On Hit: Recover X, where X is the amount of damage dealt by this hit."" (To recover, remove that many damage counters from your champion.)",Ally,Human;Ranger,Umbra,Ranger,3,0.17,0.25,1.95,0.23,,Normal,,3,2,,,,
531762,Gloamspire Wraith,Gloamspire Wraith,https://tcgplayer-cdn.tcgplayer.com/product/531762_200w.jpg,74,23338,https://cpt.tcgcsv.com/gKg6,2024-01-26T05:03:17.27,1,Rare,207,"[Class Bonus] Ranged 2<br>
As long as Gloamspire Wraith is distant, it has ""On Hit: Recover X, where X is the amount of damage dealt by this hit."" (To recover, remove that many damage counters from your champion.)",Ally,Human;Ranger,Umbra,Ranger,3,2.99,5.98,29.89,3.39,,Foil,,3,2,,,,
531763,Load Soul,load soul,https://tcgplayer-cdn.tcgplayer.com/product/531763_200w.jpg,74,23338,https://cpt.tcgcsv.com/hKg6,2024-01-26T05:03:17.27,1,Super Rare,208,"Materialize a Bullet card from your material deck, then you may put two durability counters on a Gun weapon you control. If you do, put Load Soul on the bottom of your champion's lineage.<br>
 <br>
Inherited Effect: This object has -2 life.",Action,Ranger;Curse;Skill,Umbra,Ranger,2,0.25,0.75,3.24,0.53,,Normal,Slow,,,,,,
531763,Load Soul,load soul,https://tcgplayer-cdn.tcgplayer.com/product/531763_200w.jpg,74,23338,https://cpt.tcgcsv.com/hKg6,2024-01-26T05:03:17.27,1,Super Rare,208,"Materialize a Bullet card from your material deck, then you may put two durability counters on a Gun weapon you control. If you do, put Load Soul on the bottom of your champion's lineage.<br>
 <br>
Inherited Effect: This object has -2 life.",Action,Ranger;Curse;Skill,Umbra,Ranger,2,0.7,3.13,9.99,3.99,,Foil,Slow,,,,,,
531764,Mindbreak Bullet,mindbreak bullet,https://tcgplayer-cdn.tcgplayer.com/product/531764_200w.jpg,74,23338,https://cpt.tcgcsv.com/jKg6,2024-01-26T05:03:17.27,1,Rare,209,"[REST]: Load Mindbreak Bullet into target unloaded Gun weapon you control.<br>
[Class Bonus] On Champion Hit: Look at that opponent's memory and discard a card from it.",Item,Ranger;Bullet,Umbra,Ranger,2,1.99,3.37,13.99,3.37,,Foil,,3,,,,,
531764,Mindbreak Bullet,mindbreak bullet,https://tcgplayer-cdn.tcgplayer.com/product/531764_200w.jpg,74,23338,https://cpt.tcgcsv.com/jKg6,2024-01-26T05:03:17.27,1,Rare,209,"[REST]: Load Mindbreak Bullet into target unloaded Gun weapon you control.<br>
[Class Bonus] On Champion Hit: Look at that opponent's memory and discard a card from it.",Item,Ranger;Bullet,Umbra,Ranger,2,0.12,0.25,1.32,0.15,,Normal,,3,,,,,
531765,Relentless Hexchaser,relentless hexchaser,https://tcgplayer-cdn.tcgplayer.com/product/531765_200w.jpg,74,23338,https://cpt.tcgcsv.com/kKg6,2024-01-26T05:03:17.27,1,Super Rare,210,"Ranged 2<br>
On Enter: If you control a distant unit, Relentless Hexchaser becomes distant.<br>
[Element Bonus] (2): Return Relentless Hexchaser from your graveyard to the field rested.",Ally,Ranger;Human,Umbra,Ranger,2,19.99,21.98,35.0,21.99,,Foil,,2,2,,,,
531765,Relentless Hexchaser,relentless hexchaser,https://tcgplayer-cdn.tcgplayer.com/product/531765_200w.jpg,74,23338,https://cpt.tcgcsv.com/kKg6,2024-01-26T05:03:17.27,1,Super Rare,210,"Ranged 2<br>
On Enter: If you control a distant unit, Relentless Hexchaser becomes distant.<br>
[Element Bonus] (2): Return Relentless Hexchaser from your graveyard to the field rested.",Ally,Ranger;Human,Umbra,Ranger,2,0.7,2.49,9.99,1.61,,Normal,,2,2,,,,
531766,Shadecursed Hunter,shadecursed hunter,https://tcgplayer-cdn.tcgplayer.com/product/531766_200w.jpg,74,23338,https://cpt.tcgcsv.com/lKg6,2024-01-26T05:03:17.27,1,Rare,211,"Ranged 5, Stealth<br>
On Death: Put Shadecursed Hunter on the bottom of your champion's lineage.<br>
Inherited Effect: This object has -2 life.",Ally,Ranger;Curse;Human,Umbra,Ranger,2,1.92,2.08,12.97,2.42,,Foil,,2,1,<em>A soul bargained for the thrill of the hunt.</em>,,,
531766,Shadecursed Hunter,shadecursed hunter,https://tcgplayer-cdn.tcgplayer.com/product/531766_200w.jpg,74,23338,https://cpt.tcgcsv.com/lKg6,2024-01-26T05:03:17.27,1,Rare,211,"Ranged 5, Stealth<br>
On Death: Put Shadecursed Hunter on the bottom of your champion's lineage.<br>
Inherited Effect: This object has -2 life.",Ally,Ranger;Curse;Human,Umbra,Ranger,2,0.18,0.29,1.87,0.22,,Normal,,2,1,<em>A soul bargained for the thrill of the hunt.</em>,,,
531767,Umbra Sight,umbra sight,https://tcgplayer-cdn.tcgplayer.com/product/531767_200w.jpg,74,23338,https://cpt.tcgcsv.com/mKg6,2024-01-26T05:03:17.27,1,Uncommon,212,"Draw a card.<br>
You may draw a card into your memory and put Umbra Sight on the bottom of your champion's lineage. When you do, deal 2 unpreventable damage to your champion for each Curse card in your champion's lineage.",Action,Cleric;Curse;Spell,Umbra,Cleric,0,2.99,3.0,10.0,4.83,,Foil,Fast,,,,,,
531767,Umbra Sight,umbra sight,https://tcgplayer-cdn.tcgplayer.com/product/531767_200w.jpg,74,23338,https://cpt.tcgcsv.com/mKg6,2024-01-26T05:03:17.27,1,Uncommon,212,"Draw a card.<br>
You may draw a card into your memory and put Umbra Sight on the bottom of your champion's lineage. When you do, deal 2 unpreventable damage to your champion for each Curse card in your champion's lineage.",Action,Cleric;Curse;Spell,Umbra,Cleric,0,0.17,0.25,2.0,0.18,,Normal,Fast,,,,,,
531768,Umbral Tithe,umbral tithe,https://tcgplayer-cdn.tcgplayer.com/product/531768_200w.jpg,74,23338,https://cpt.tcgcsv.com/nKg6,2024-01-26T05:03:17.27,1,Rare,213,"This card costs 1 less to activate for each Curse card in each champion's lineage. <br>
Each player draws two cards into their memory. Then deal 4 damage to each champion controlled by players with six or more cards in their memory.",Action,Cleric;Spell,Umbra,Cleric,5,0.18,0.25,2.08,0.24,,Normal,Fast,,,,,,
531768,Umbral Tithe,umbral tithe,https://tcgplayer-cdn.tcgplayer.com/product/531768_200w.jpg,74,23338,https://cpt.tcgcsv.com/nKg6,2024-01-26T05:03:17.27,1,Rare,213,"This card costs 1 less to activate for each Curse card in each champion's lineage. <br>
Each player draws two cards into their memory. Then deal 4 damage to each champion controlled by players with six or more cards in their memory.",Action,Cleric;Spell,Umbra,Cleric,5,4.99,11.89,29.1,7.99,,Foil,Fast,,,,,,
531769,Violet Haze,violet haze,https://tcgplayer-cdn.tcgplayer.com/product/531769_200w.jpg,74,23338,https://cpt.tcgcsv.com/pKg6,2024-01-26T05:03:17.27,1,Super Rare,214,"All units you control become distant, then put Violet Haze on the bottom of target champion's lineage.<br>
Inherited Effect: This object has -2 life.",Action,Ranger;Curse;Spell,Umbra,Ranger,2,0.25,0.83,44.0,0.47,,Normal,Fast,,,"<em>Obscure their sight, then dampen their senses.</em>",,,
531769,Violet Haze,violet haze,https://tcgplayer-cdn.tcgplayer.com/product/531769_200w.jpg,74,23338,https://cpt.tcgcsv.com/pKg6,2024-01-26T05:03:17.27,1,Super Rare,214,"All units you control become distant, then put Violet Haze on the bottom of target champion's lineage.<br>
Inherited Effect: This object has -2 life.",Action,Ranger;Curse;Spell,Umbra,Ranger,2,3.99,11.99,20.48,,,Foil,Fast,,,"<em>Obscure their sight, then dampen their senses.</em>",,,
533091,"Diana, Cursebreaker (CSR) (ALC1E)",Diana Cursebreaker CSR ALC1E,https://tcgplayer-cdn.tcgplayer.com/product/533091_200w.jpg,74,23338,https://cpt.tcgcsv.com/Rfh6,2024-01-29T15:10:25.853,1,Collector Super Rare,010,"Diana Lineage<br>
Banish all Curse cards from Diana's lineage: Materialize two Bullet cards from your material deck. Until end of turn, Diana gains ""On Attack: Wake up Diana."" Activate this ability only if there are four or more Curse cards in Diana's lineage.",Champion,Human;Ranger,Umbra,Ranger,,998.22,998.22,998.22,450.0,,Foil,,,25,,3,,3
