productId,name,cleanName,imageUrl,categoryId,groupId,url,modifiedOn,imageCount,lowPrice,midPrice,highPrice,marketPrice,directLowPrice,subTypeName,extRarity,extNumber,extDescription,extCardType,extCardSubtype,extElement,extClass,extMemoryCost,extLevel,extLife,extFlavorText,extPower,extDurability,extReserveCost,extSpeed
559098,Mortal Ambition 1st Edition Booster Box,Mortal Ambition 1st Edition Booster Box,https://tcgplayer-cdn.tcgplayer.com/product/559098_200w.jpg,74,23545,https://cpt.tcgcsv.com/-Ft6,2024-10-11T04:08:17.513,1,59.0,75.14,107.99,62.9,,Normal,,,,,,,,,,,,,,,
559099,Mortal Ambition 1st Edition Booster Box Case,Mortal Ambition 1st Edition Booster Box Case,https://tcgplayer-cdn.tcgplayer.com/product/559099_200w.jpg,74,23545,https://cpt.tcgcsv.com/_Ft6,2024-10-11T04:08:17.513,1,365.89,514.76,580.0,366.85,,Normal,,,,,,,,,,,,,,,
559100,Mortal Ambition 1st Edition Booster Pack,Mortal Ambition 1st Edition Booster Pack,https://tcgplayer-cdn.tcgplayer.com/product/559100_200w.jpg,74,23545,https://cpt.tcgcsv.com/0Gt6,2024-10-11T04:08:17.513,1,4.99,5.24,5.49,5.06,,Normal,,,,,,,,,,,,,,,
583917,Spirit of Fire,Spirit of Fire,https://tcgplayer-cdn.tcgplayer.com/product/583917_200w.jpg,74,23545,https://cpt.tcgcsv.com/mBH6,2024-10-11T04:08:17.513,1,0.1,0.2,0.52,0.14,,Normal,Common,001,On Enter: Draw seven cards.,Champion,Spirit,Fire,Spirit,0,0,15,"<em>The vermillion bird blazes a fiery trail across the horizon, alight with a passion for knowledge.</em>",,,,
583918,Spirit of Water,Spirit of Water,https://tcgplayer-cdn.tcgplayer.com/product/583918_200w.jpg,74,23545,https://cpt.tcgcsv.com/nBH6,2024-10-11T04:08:17.513,1,0.1,0.2,0.52,0.11,,Normal,Common,002,On Enter: Draw seven cards.,Champion,Spirit,Water,Spirit,0,0,15,<em>The tides and waves thrash again as serpent and tortoise entwined awaken from their slumber.</em>,,,,
583919,Spirit of Wind,Spirit of Wind,https://tcgplayer-cdn.tcgplayer.com/product/583919_200w.jpg,74,23545,https://cpt.tcgcsv.com/pBH6,2024-10-11T04:08:17.513,1,0.05,0.2,0.52,0.09,,Normal,Common,003,On Enter: Draw seven cards.,Champion,Spirit,Wind,Spirit,0,0,15,<em>Auspicious fortune and good tidings follow the silver tiger on its fleet-footed journey through seasons.</em>,,,,
583920,"Jin, Fate Defiant",Jin Fate Defiant,https://tcgplayer-cdn.tcgplayer.com/product/583920_200w.jpg,74,23545,https://cpt.tcgcsv.com/qBH6,2024-10-17T17:58:22.62,1,0.1,0.21,0.52,0.16,,Normal,Common,004,"Inherited Effect — Whenever Jin attacks with a Polearm weapon and/or Polearm attack card, target Horse or Human ally you control gets +1 power until end of turn. (Your champion has this ability as long as this card is part of its lineage.)",Champion,Human,Norm,Warrior,1,1,20,<em>Why fight to die when you can fight to live?</em>,,,,
583920,"Jin, Fate Defiant",Jin Fate Defiant,https://tcgplayer-cdn.tcgplayer.com/product/583920_200w.jpg,74,23545,https://cpt.tcgcsv.com/qBH6,2024-10-17T17:58:22.62,1,7.0,10.0,29.99,10.01,,Foil,Common,004,"Inherited Effect — Whenever Jin attacks with a Polearm weapon and/or Polearm attack card, target Horse or Human ally you control gets +1 power until end of turn. (Your champion has this ability as long as this card is part of its lineage.)",Champion,Human,Norm,Warrior,1,1,20,<em>Why fight to die when you can fight to live?</em>,,,,
583921,"Jin, Fate Defiant (CSR)",Jin Fate Defiant CSR,https://tcgplayer-cdn.tcgplayer.com/product/583921_200w.jpg,74,23545,https://cpt.tcgcsv.com/rBH6,2024-10-23T13:40:22.237,1,205.0,220.67,398.74,266.0,,Foil,Collector Super Rare,004,"Inherited Effect — Whenever Jin attacks with a Polearm weapon and/or Polearm attack card, target Horse or Human ally you control gets +1 power until end of turn. (Your champion has this ability as long as this card is part of its lineage.)",Champion,Human,Norm,Warrior,1,1,20,<em>Why fight to die when you can fight to live?</em>,,,,
583922,"Jin, Zealous Maverick",Jin Zealous Maverick,https://tcgplayer-cdn.tcgplayer.com/product/583922_200w.jpg,74,23545,https://cpt.tcgcsv.com/sBH6,2024-10-11T04:08:17.513,1,0.1,0.2,0.52,0.15,,Normal,Common,005,"Jin Lineage (Jin, Zealous Maverick must be leveled from a previous level ""Jin"" champion.) <br><br>
<br><br>
On Enter: Jin's next attack this turn gets +1 power and has ""On Attack: Wake up Jin.""",Champion,Human,Norm,Warrior,2,2,24,"<em>Unfortunately for you, I have something to fight for.</em>",,,,
583922,"Jin, Zealous Maverick",Jin Zealous Maverick,https://tcgplayer-cdn.tcgplayer.com/product/583922_200w.jpg,74,23545,https://cpt.tcgcsv.com/sBH6,2024-10-11T04:08:17.513,1,14.46,17.56,29.99,16.88,,Foil,Common,005,"Jin Lineage (Jin, Zealous Maverick must be leveled from a previous level ""Jin"" champion.) <br><br>
<br><br>
On Enter: Jin's next attack this turn gets +1 power and has ""On Attack: Wake up Jin.""",Champion,Human,Norm,Warrior,2,2,24,"<em>Unfortunately for you, I have something to fight for.</em>",,,,
583923,"Jin, Zealous Maverick (CSR)",Jin Zealous Maverick CSR,https://tcgplayer-cdn.tcgplayer.com/product/583923_200w.jpg,74,23545,https://cpt.tcgcsv.com/tBH6,2024-10-23T13:40:00.927,1,,,,,,,Collector Super Rare,005,"Jin Lineage (Jin, Zealous Maverick must be leveled from a previous level ""Jin"" champion.) <br>
<br>
<br>
<br>
On Enter: Jin's next attack this turn gets +1 power and has ""On Attack: Wake up Jin.""",Champion,Human,Norm,Warrior,2,2,24,"<em>Unfortunately for you, I have something to fight for.</em>",,,,
583924,"Jin, Undying Resolve",Jin Undying Resolve,https://tcgplayer-cdn.tcgplayer.com/product/583924_200w.jpg,74,23545,https://cpt.tcgcsv.com/vBH6,2024-10-11T04:08:17.513,1,4.0,9.6,43.97,8.86,,Foil,Common,006,"Jin Lineage <br><br>
<br><br>
As long as it's not your end phase, Jin has immortality. (A unit with immortality can't die.)",Champion,Human,Exia,Warrior,3,3,28,"<em>For the first time, I have never felt more alive!</em>",,,,
583924,"Jin, Undying Resolve",Jin Undying Resolve,https://tcgplayer-cdn.tcgplayer.com/product/583924_200w.jpg,74,23545,https://cpt.tcgcsv.com/vBH6,2024-10-11T04:08:17.513,1,0.08,0.2,0.52,0.13,,Normal,Common,006,"Jin Lineage <br><br>
<br><br>
As long as it's not your end phase, Jin has immortality. (A unit with immortality can't die.)",Champion,Human,Exia,Warrior,3,3,28,"<em>For the first time, I have never felt more alive!</em>",,,,
583925,"Kongming, Wayward Maven",Kongming Wayward Maven,https://tcgplayer-cdn.tcgplayer.com/product/583925_200w.jpg,74,23545,https://cpt.tcgcsv.com/wBH6,2024-10-11T04:08:17.513,1,0.1,0.2,0.52,0.15,,Normal,Common,007,"On Enter: You gain the Shifting Currents mastery. (Players can only have one mastery. The Shifting Currents mastery has four modes: North, South, East, and West. Some cards benefit from certain directions of Shifting Currents. Starts in the North direction.)",Champion,Human,Norm,Mage,1,1,19,<em>A lily pad is but a weed in a pond of lotuses.</em>,,,,
583925,"Kongming, Wayward Maven",Kongming Wayward Maven,https://tcgplayer-cdn.tcgplayer.com/product/583925_200w.jpg,74,23545,https://cpt.tcgcsv.com/wBH6,2024-10-11T04:08:17.513,1,12.94,19.99,48.99,17.67,,Foil,Common,007,"On Enter: You gain the Shifting Currents mastery. (Players can only have one mastery. The Shifting Currents mastery has four modes: North, South, East, and West. Some cards benefit from certain directions of Shifting Currents. Starts in the North direction.)",Champion,Human,Norm,Mage,1,1,19,<em>A lily pad is but a weed in a pond of lotuses.</em>,,,,
583926,"Kongming, Wayward Maven (CSR)",Kongming Wayward Maven CSR,https://tcgplayer-cdn.tcgplayer.com/product/583926_200w.jpg,74,23545,https://cpt.tcgcsv.com/xBH6,2024-10-23T13:43:07.017,1,699.99,699.99,700.0,,,Foil,Collector Super Rare,007,"On Enter: You gain the Shifting Currents mastery. (Players can only have one mastery. The Shifting Currents mastery has four modes: North, South, East, and West. Some cards benefit from certain directions of Shifting Currents. Starts in the North direction.)",Champion,Human,Norm,Mage,1,1,19,"<em>“Dear sister, did you know? Even the most beautiful begonia can become a deadly poison if overindulged.”</em>",,,,
583927,"Kongming, Ascetic Vice",Kongming Ascetic Vice,https://tcgplayer-cdn.tcgplayer.com/product/583927_200w.jpg,74,23545,https://cpt.tcgcsv.com/zBH6,2024-10-11T04:08:17.513,1,0.1,0.2,0.52,0.14,,Normal,Common,008,"Kongming Lineage (Kongming, Ascetic Vice must be leveled from a previous level ""Kongming"" champion.) <br><br>
<br><br>
On Enter: Empower 3.<br><br>
<br><br>
Inherited Effect — Whenever your Shifting Currents change from facing North to South, draw a card.",Champion,Human,Norm,Mage,2,2,22,,,,,
583927,"Kongming, Ascetic Vice",Kongming Ascetic Vice,https://tcgplayer-cdn.tcgplayer.com/product/583927_200w.jpg,74,23545,https://cpt.tcgcsv.com/zBH6,2024-10-11T04:08:17.513,1,2.61,5.0,34.99,10.85,,Foil,Common,008,"Kongming Lineage (Kongming, Ascetic Vice must be leveled from a previous level ""Kongming"" champion.) <br><br>
<br><br>
On Enter: Empower 3.<br><br>
<br><br>
Inherited Effect — Whenever your Shifting Currents change from facing North to South, draw a card.",Champion,Human,Norm,Mage,2,2,22,,,,,
583928,"Kongming, Ascetic Vice (CSR)",Kongming Ascetic Vice CSR,https://tcgplayer-cdn.tcgplayer.com/product/583928_200w.jpg,74,23545,https://cpt.tcgcsv.com/BBH6,2024-10-23T13:40:53.133,1,375.0,399.99,599.98,233.7,,Foil,Collector Super Rare,008,"Kongming Lineage (Kongming, Ascetic Vice must be leveled from a previous level ""Kongming"" champion.) <br>
<br>
<br>
<br>
On Enter: Empower 3.<br>
<br>
<br>
<br>
Inherited Effect — Whenever your Shifting Currents change from facing North to South, draw a card.",Champion,Human,Norm,Mage,2,2,22,<em>I will no longer exist merely in your shadows!</em>,,,,
583929,"Kongming, Fel Eidolon",Kongming Fel Eidolon,https://tcgplayer-cdn.tcgplayer.com/product/583929_200w.jpg,74,23545,https://cpt.tcgcsv.com/CBH6,2024-10-11T04:08:17.513,1,0.1,0.2,0.52,0.14,,Normal,Common,009,"Kongming Lineage <br><br>
<br><br>
On Enter: Recover X, where X is the amount of tera element cards in your banishment.<br><br>
<br><br>
Whenever you activate a Spell card, you may change the direction of your Shifting Currents to an adjacent direction of your choice.",Champion,Human,Tera,Mage,3,3,25,,,,,
583929,"Kongming, Fel Eidolon",Kongming Fel Eidolon,https://tcgplayer-cdn.tcgplayer.com/product/583929_200w.jpg,74,23545,https://cpt.tcgcsv.com/CBH6,2024-10-11T04:08:17.513,1,2.0,6.38,67.99,6.07,,Foil,Common,009,"Kongming Lineage <br><br>
<br><br>
On Enter: Recover X, where X is the amount of tera element cards in your banishment.<br><br>
<br><br>
Whenever you activate a Spell card, you may change the direction of your Shifting Currents to an adjacent direction of your choice.",Champion,Human,Tera,Mage,3,3,25,,,,,
583930,"Kongming, Fel Eidolon (CUR)",Kongming Fel Eidolon CUR,https://tcgplayer-cdn.tcgplayer.com/product/583930_200w.jpg,74,23545,https://cpt.tcgcsv.com/DBH6,2024-10-23T13:36:13.943,1,,,,,,,Collector Ultra Rare,009,"Kongming Lineage <br>
<br>
<br>
<br>
On Enter: Recover X, where X is the amount of tera element cards in your banishment.<br>
<br>
<br>
<br>
Whenever you activate a Spell card, you may change the direction of your Shifting Currents to an adjacent direction of your choice.",Champion,Human,Tera,Mage,3,3,25,,,,,
583931,Crescent Glaive,Crescent Glaive,https://tcgplayer-cdn.tcgplayer.com/product/583931_200w.jpg,74,23545,https://cpt.tcgcsv.com/FBH6,2024-10-11T04:08:17.513,1,0.7,1.48,9.99,1.7,,Foil,Common,010,[Class Bonus] [Level 2+] Crescent Glaive gets +1 power. (Apply this effect only if your champion's class matches this card's class and only if your champion is level 2 or higher.),Weapon;Regalia,Polearm,Norm,Warrior,1,,,<em>The centerpiece of the Imperial Armory.</em>,1,3,,
583931,Crescent Glaive,Crescent Glaive,https://tcgplayer-cdn.tcgplayer.com/product/583931_200w.jpg,74,23545,https://cpt.tcgcsv.com/FBH6,2024-10-11T04:08:17.513,1,0.03,0.17,0.52,0.08,,Normal,Common,010,[Class Bonus] [Level 2+] Crescent Glaive gets +1 power. (Apply this effect only if your champion's class matches this card's class and only if your champion is level 2 or higher.),Weapon;Regalia,Polearm,Norm,Warrior,1,,,<em>The centerpiece of the Imperial Armory.</em>,1,3,,
583932,Defender's Maul,Defenders Maul,https://tcgplayer-cdn.tcgplayer.com/product/583932_200w.jpg,74,23545,https://cpt.tcgcsv.com/GBH6,2024-10-11T04:08:17.513,1,0.04,0.18,0.52,0.09,,Normal,Common,011,"[Class Bonus] [Level 2+] Defender's Maul gets +2 power. (Apply this effect only if your champion's class matches this card's class and only if your champion is level 2 or higher.)<br><br>
<br><br>
As an additional cost to use this weapon for an attack, pay (2).",Weapon;Regalia,Hammer,Norm,Guardian,1,,,,2,3,,
583932,Defender's Maul,Defenders Maul,https://tcgplayer-cdn.tcgplayer.com/product/583932_200w.jpg,74,23545,https://cpt.tcgcsv.com/GBH6,2024-10-11T04:08:17.513,1,0.49,1.38,8.0,1.01,,Foil,Common,011,"[Class Bonus] [Level 2+] Defender's Maul gets +2 power. (Apply this effect only if your champion's class matches this card's class and only if your champion is level 2 or higher.)<br><br>
<br><br>
As an additional cost to use this weapon for an attack, pay (2).",Weapon;Regalia,Hammer,Norm,Guardian,1,,,,2,3,,
583933,Emergent Dagger,Emergent Dagger,https://tcgplayer-cdn.tcgplayer.com/product/583933_200w.jpg,74,23545,https://cpt.tcgcsv.com/HBH6,2024-10-11T04:08:17.513,1,1.32,2.37,5.99,2.37,,Foil,Common,012,[Class Bonus] [Level 2+] Emergent Dagger gets +2 power. (Apply this effect only if your champion's class matches this card's class and only if your champion is level 2 or higher.),Weapon;Regalia,Dagger,Norm,Assassin,1,,,<em>A hidden blade for unforseen problems.</em>,1,2,,
583933,Emergent Dagger,Emergent Dagger,https://tcgplayer-cdn.tcgplayer.com/product/583933_200w.jpg,74,23545,https://cpt.tcgcsv.com/HBH6,2024-10-11T04:08:17.513,1,0.05,0.15,0.52,0.12,,Normal,Common,012,[Class Bonus] [Level 2+] Emergent Dagger gets +2 power. (Apply this effect only if your champion's class matches this card's class and only if your champion is level 2 or higher.),Weapon;Regalia,Dagger,Norm,Assassin,1,,,<em>A hidden blade for unforseen problems.</em>,1,2,,
583934,Fan of Insight,Fan of Insight,https://tcgplayer-cdn.tcgplayer.com/product/583934_200w.jpg,74,23545,https://cpt.tcgcsv.com/JBH6,2024-10-11T04:08:17.513,1,0.03,0.2,0.52,0.2,,Normal,Common,013,"[Class Bonus] [Level 2+] On Enter: Draw a card into your memory. (Apply this effect only if your champion's class matches this card's class and only if your champion is level 2 or higher.)<br><br>
<br><br>
Banish Fan of Insight: Return a card from your memory to your hand.",Item;Regalia,Fan,Norm,Cleric,1,,,,,,,
583934,Fan of Insight,Fan of Insight,https://tcgplayer-cdn.tcgplayer.com/product/583934_200w.jpg,74,23545,https://cpt.tcgcsv.com/JBH6,2024-10-11T04:08:17.513,1,1.19,2.8,10.58,1.48,,Foil,Common,013,"[Class Bonus] [Level 2+] On Enter: Draw a card into your memory. (Apply this effect only if your champion's class matches this card's class and only if your champion is level 2 or higher.)<br><br>
<br><br>
Banish Fan of Insight: Return a card from your memory to your hand.",Item;Regalia,Fan,Norm,Cleric,1,,,,,,,
583935,Ghostsight Glass,Ghostsight Glass,https://tcgplayer-cdn.tcgplayer.com/product/583935_200w.jpg,74,23545,https://cpt.tcgcsv.com/KBH6,2024-10-11T04:08:17.513,1,2.8,9.99,29.99,5.68,,Foil,Rare,014,"(3), [REST]: Target unit gains true sight until end of turn. Activate this ability only at slow speed. (Units with true sight can attack units with stealth.)",Item;Regalia,Accessory,Norm,Cleric,0,,,"<em>A bronze mirror from the furnaces of Ritai, rumored to have been forged with Suzaku's flames.</em>",,,,
583935,Ghostsight Glass,Ghostsight Glass,https://tcgplayer-cdn.tcgplayer.com/product/583935_200w.jpg,74,23545,https://cpt.tcgcsv.com/KBH6,2024-10-11T04:08:17.513,1,0.75,0.98,2.49,0.9,,Normal,Rare,014,"(3), [REST]: Target unit gains true sight until end of turn. Activate this ability only at slow speed. (Units with true sight can attack units with stealth.)",Item;Regalia,Accessory,Norm,Cleric,0,,,"<em>A bronze mirror from the furnaces of Ritai, rumored to have been forged with Suzaku's flames.</em>",,,,
583936,Imperial Seal,Imperial Seal,https://tcgplayer-cdn.tcgplayer.com/product/583936_200w.jpg,74,23545,https://cpt.tcgcsv.com/LBH6,2024-10-23T13:47:40.35,1,45.12,56.16,89.99,51.81,,Normal,Ultra Rare,015,"Divine Relic (You can only have one card with this keyword in your material deck.)<br>
<br>
<br>
<br>
Banish Imperial Seal: All basic elements are enabled for you until end of turn. (Fire, water, and wind are basic elements.)",Item;Regalia,Artifact,Norm,Mage,0,,,,,,,
583936,Imperial Seal,Imperial Seal,https://tcgplayer-cdn.tcgplayer.com/product/583936_200w.jpg,74,23545,https://cpt.tcgcsv.com/LBH6,2024-10-23T13:47:40.35,1,249.99,380.0,599.95,199.99,,Foil,Ultra Rare,015,"Divine Relic (You can only have one card with this keyword in your material deck.)<br>
<br>
<br>
<br>
Banish Imperial Seal: All basic elements are enabled for you until end of turn. (Fire, water, and wind are basic elements.)",Item;Regalia,Artifact,Norm,Mage,0,,,,,,,
583937,Intricate Longbow,Intricate Longbow,https://tcgplayer-cdn.tcgplayer.com/product/583937_200w.jpg,74,23545,https://cpt.tcgcsv.com/MBH6,2024-10-11T04:08:17.513,1,0.8,1.63,3.56,2.58,,Foil,Common,016,"(Bow — Must be loaded to use for an attack and can't be used with an attack card.)<br><br>
<br><br>
[Class Bonus] [Level 2+] Intricate Longbow gets +1 power. (Apply this effect only if your champion's class matches this card's class and only if your champion is level 2 or higher.)",Weapon;Regalia,Bow,Norm,Ranger,1,,,,1,4,,
583937,Intricate Longbow,Intricate Longbow,https://tcgplayer-cdn.tcgplayer.com/product/583937_200w.jpg,74,23545,https://cpt.tcgcsv.com/MBH6,2024-10-11T04:08:17.513,1,0.05,0.17,0.52,0.09,,Normal,Common,016,"(Bow — Must be loaded to use for an attack and can't be used with an attack card.)<br><br>
<br><br>
[Class Bonus] [Level 2+] Intricate Longbow gets +1 power. (Apply this effect only if your champion's class matches this card's class and only if your champion is level 2 or higher.)",Weapon;Regalia,Bow,Norm,Ranger,1,,,,1,4,,
583938,Mandate of Honor,Mandate of Honor,https://tcgplayer-cdn.tcgplayer.com/product/583938_200w.jpg,74,23545,https://cpt.tcgcsv.com/NBH6,2024-10-11T04:08:17.513,1,3.0,4.99,21.3,4.68,,Normal,Super Rare,017,"As long as you control a unique ally, each player with influence eight or more can't draw cards. (A player's influence is equal to the total amount of cards in their hand and memory.)",Item;Regalia,Accessory,Norm,Cleric,0,,,<em>Honor between heroes.</em>,,,,
583938,Mandate of Honor,Mandate of Honor,https://tcgplayer-cdn.tcgplayer.com/product/583938_200w.jpg,74,23545,https://cpt.tcgcsv.com/NBH6,2024-10-11T04:08:17.513,1,7.0,13.99,39.99,10.28,,Foil,Super Rare,017,"As long as you control a unique ally, each player with influence eight or more can't draw cards. (A player's influence is equal to the total amount of cards in their hand and memory.)",Item;Regalia,Accessory,Norm,Cleric,0,,,<em>Honor between heroes.</em>,,,,
583939,Orb of Regret,Orb of Regret,https://tcgplayer-cdn.tcgplayer.com/product/583939_200w.jpg,74,23545,https://cpt.tcgcsv.com/PBH6,2024-10-11T04:08:17.513,1,0.25,0.39,2.0,0.3,,Normal,Rare,018,"Banish Orb of Regret: Shuffle up to three cards from your hand into your deck, then draw that many cards.",Item;Regalia,Bauble,Norm,Cleric,0,,,"<em>No being is truly bound to their fate, at least not when the will of the divine can be swayed.</em>",,,,
583939,Orb of Regret,Orb of Regret,https://tcgplayer-cdn.tcgplayer.com/product/583939_200w.jpg,74,23545,https://cpt.tcgcsv.com/PBH6,2024-10-11T04:08:17.513,1,2.49,5.0,8.98,2.41,,Foil,Rare,018,"Banish Orb of Regret: Shuffle up to three cards from your hand into your deck, then draw that many cards.",Item;Regalia,Bauble,Norm,Cleric,0,,,"<em>No being is truly bound to their fate, at least not when the will of the divine can be swayed.</em>",,,,
583940,Orb of Sealing,Orb of Sealing,https://tcgplayer-cdn.tcgplayer.com/product/583940_200w.jpg,74,23545,https://cpt.tcgcsv.com/QBH6,2024-10-11T04:08:17.513,1,15.99,98.96,124.99,13.06,,Foil,Super Rare,019,"REST: Put a seal counter on up to two target face up non-champion non-regalia cards in a single banishment and turn them face down.<br><br>
<br><br>
On Leave: Remove all seal counters from all cards in each banishment. If a card had a seal counter removed from it this way, turn it face up.",Item;Regalia,Bauble,Norm,Cleric,0,,,,,,,
583940,Orb of Sealing,Orb of Sealing,https://tcgplayer-cdn.tcgplayer.com/product/583940_200w.jpg,74,23545,https://cpt.tcgcsv.com/QBH6,2024-10-11T04:08:17.513,1,7.99,13.28,18.99,3.07,,Normal,Super Rare,019,"REST: Put a seal counter on up to two target face up non-champion non-regalia cards in a single banishment and turn them face down.<br><br>
<br><br>
On Leave: Remove all seal counters from all cards in each banishment. If a card had a seal counter removed from it this way, turn it face up.",Item;Regalia,Bauble,Norm,Cleric,0,,,,,,,
583941,Primal Whip,Primal Whip,https://tcgplayer-cdn.tcgplayer.com/product/583941_200w.jpg,74,23545,https://cpt.tcgcsv.com/RBH6,2024-10-11T04:08:17.513,1,0.03,0.18,0.52,0.09,,Normal,Common,020,[Class Bonus] [Level 2+] On Attack: Up to two target non-Human allies get +1 power until end of turn. (Apply this effect only if your champion's class matches this card's class and only if your champion is level 2 or higher.),Weapon;Regalia,Whip,Norm,Tamer,1,,,,1,3,,
583941,Primal Whip,Primal Whip,https://tcgplayer-cdn.tcgplayer.com/product/583941_200w.jpg,74,23545,https://cpt.tcgcsv.com/RBH6,2024-10-11T04:08:17.513,1,0.87,3.75,6.0,2.43,,Foil,Common,020,[Class Bonus] [Level 2+] On Attack: Up to two target non-Human allies get +1 power until end of turn. (Apply this effect only if your champion's class matches this card's class and only if your champion is level 2 or higher.),Weapon;Regalia,Whip,Norm,Tamer,1,,,,1,3,,
583942,Tome of Sorcery,Tome of Sorcery,https://tcgplayer-cdn.tcgplayer.com/product/583942_200w.jpg,74,23545,https://cpt.tcgcsv.com/SBH6,2024-10-11T04:08:17.513,1,3.9,5.98,14.0,6.39,,Foil,Common,021,"[Class Bonus] [Level 2+] On Enter: Draw a card into your memory. (Apply this effect only if your champion's class matches this card's class.)<br><br>
<br><br>
[REST]: Empower 1. (The next Spell card you activate this turn activates and resolves as if your champion got +1 level.)",Item;Regalia,Book,Norm,Mage,1,,,,,,,
583942,Tome of Sorcery,Tome of Sorcery,https://tcgplayer-cdn.tcgplayer.com/product/583942_200w.jpg,74,23545,https://cpt.tcgcsv.com/SBH6,2024-10-11T04:08:17.513,1,0.05,0.15,0.52,0.12,,Normal,Common,021,"[Class Bonus] [Level 2+] On Enter: Draw a card into your memory. (Apply this effect only if your champion's class matches this card's class.)<br><br>
<br><br>
[REST]: Empower 1. (The next Spell card you activate this turn activates and resolves as if your champion got +1 level.)",Item;Regalia,Book,Norm,Mage,1,,,,,,,
583943,Dragon's Dawn,Dragons Dawn,https://tcgplayer-cdn.tcgplayer.com/product/583943_200w.jpg,74,23545,https://cpt.tcgcsv.com/TBH6,2024-10-23T13:47:03.667,1,3.97,6.74,32.0,5.27,,Normal,Ultra Rare,022,"As an additional cost to materialize this card, banish three fire element cards from your graveyard. <br>
<br>
<br>
<br>
[Class Bonus] On Attack: You may discard a fire element card and have Dragon's Dawn deal 2 unpreventable damage to your champion. If you do, this attack gets +2 power and gains ""On Champion Hit: Draw a card.""",Weapon;Regalia,Polearm,Fire,Warrior,1,,,,2,3,,
583943,Dragon's Dawn,Dragons Dawn,https://tcgplayer-cdn.tcgplayer.com/product/583943_200w.jpg,74,23545,https://cpt.tcgcsv.com/TBH6,2024-10-23T13:47:03.667,1,149.99,197.6,299.99,,,Foil,Ultra Rare,022,"As an additional cost to materialize this card, banish three fire element cards from your graveyard. <br>
<br>
<br>
<br>
[Class Bonus] On Attack: You may discard a fire element card and have Dragon's Dawn deal 2 unpreventable damage to your champion. If you do, this attack gets +2 power and gains ""On Champion Hit: Draw a card.""",Weapon;Regalia,Polearm,Fire,Warrior,1,,,,2,3,,
583944,Everflame Staff,Everflame Staff,https://tcgplayer-cdn.tcgplayer.com/product/583944_200w.jpg,74,23545,https://cpt.tcgcsv.com/VBH6,2024-10-11T04:08:17.513,1,26.82,29.99,34.91,29.23,,Foil,Super Rare,023,"Whenever a fire element Spell source you control deals damage, put a refinement counter on Everflame Staff.<br><br>
<br><br>
[Class Bonus] Banish Everflame Staff: As a Spell, deal 4 damage to target champion. Activate this ability only if there are three or more refinement counters on Everflame Staff.",Item;Regalia,Staff,Fire,Cleric;Mage,0,,,,,,,
583944,Everflame Staff,Everflame Staff,https://tcgplayer-cdn.tcgplayer.com/product/583944_200w.jpg,74,23545,https://cpt.tcgcsv.com/VBH6,2024-10-11T04:08:17.513,1,5.0,7.88,15.0,8.99,,Normal,Super Rare,023,"Whenever a fire element Spell source you control deals damage, put a refinement counter on Everflame Staff.<br><br>
<br><br>
[Class Bonus] Banish Everflame Staff: As a Spell, deal 4 damage to target champion. Activate this ability only if there are three or more refinement counters on Everflame Staff.",Item;Regalia,Staff,Fire,Cleric;Mage,0,,,,,,,
583945,Gem of Searing Flame,Gem of Searing Flame,https://tcgplayer-cdn.tcgplayer.com/product/583945_200w.jpg,74,23545,https://cpt.tcgcsv.com/WBH6,2024-10-11T04:08:17.513,1,0.3,0.55,2.99,0.51,,Normal,Rare,024,"As a Spell, whenever your Shifting Currents change from facing North to West, deal 2 damage to target champion.",Item;Regalia,Crystal,Fire,Mage,0,,,<em>Sanguo sleeps upon a woodfire hidden beneath the tinderwood.</em>,,,,
583945,Gem of Searing Flame,Gem of Searing Flame,https://tcgplayer-cdn.tcgplayer.com/product/583945_200w.jpg,74,23545,https://cpt.tcgcsv.com/WBH6,2024-10-11T04:08:17.513,1,7.72,8.5,10.75,9.52,,Foil,Rare,024,"As a Spell, whenever your Shifting Currents change from facing North to West, deal 2 damage to target champion.",Item;Regalia,Crystal,Fire,Mage,0,,,<em>Sanguo sleeps upon a woodfire hidden beneath the tinderwood.</em>,,,,
583946,Ebbing Tide,Ebbing Tide,https://tcgplayer-cdn.tcgplayer.com/product/583946_200w.jpg,74,23545,https://cpt.tcgcsv.com/XBH6,2024-10-23T13:46:42.613,1,147.0,161.7,350.0,,,Foil,Ultra Rare,025,"Hindered (This object enters the field rested.)<br>
<br>
<br>
<br>
[REST]: Empower 2. Activate this ability only if your Shifting Currents face East or West.<br>
<br>
<br>
<br>
[REST]: Banish Ebbing Tide: Empower X, where X is the amount of water element cards in your graveyard. Activate this ability only at slow speed and only if your Shifting Currents face North or South.",Item;Regalia,Fan,Water,Mage,1,,,,,,,
583946,Ebbing Tide,Ebbing Tide,https://tcgplayer-cdn.tcgplayer.com/product/583946_200w.jpg,74,23545,https://cpt.tcgcsv.com/XBH6,2024-10-23T13:46:42.613,1,7.99,13.48,30.98,12.88,,Normal,Ultra Rare,025,"Hindered (This object enters the field rested.)<br>
<br>
<br>
<br>
[REST]: Empower 2. Activate this ability only if your Shifting Currents face East or West.<br>
<br>
<br>
<br>
[REST]: Banish Ebbing Tide: Empower X, where X is the amount of water element cards in your graveyard. Activate this ability only at slow speed and only if your Shifting Currents face North or South.",Item;Regalia,Fan,Water,Mage,1,,,,,,,
583947,Eventide Spear,Eventide Spear,https://tcgplayer-cdn.tcgplayer.com/product/583947_200w.jpg,74,23545,https://cpt.tcgcsv.com/ZBH6,2024-10-11T04:08:17.513,1,28.92,30.0,47.99,29.13,,Foil,Super Rare,026,"[Class Bonus] As long as an opponent controls two or more rested units, you may activate this card from your material deck. (Apply this effect only if your champion's class matches this card's class.)",Weapon;Regalia,Polearm,Water,Warrior,0,,,"<em>The enemy is numerous, but the tide is immeasurable.</em>",1,1,,
583947,Eventide Spear,Eventide Spear,https://tcgplayer-cdn.tcgplayer.com/product/583947_200w.jpg,74,23545,https://cpt.tcgcsv.com/ZBH6,2024-10-11T04:08:17.513,1,1.67,2.97,17.99,2.76,,Normal,Super Rare,026,"[Class Bonus] As long as an opponent controls two or more rested units, you may activate this card from your material deck. (Apply this effect only if your champion's class matches this card's class.)",Weapon;Regalia,Polearm,Water,Warrior,0,,,"<em>The enemy is numerous, but the tide is immeasurable.</em>",1,1,,
583948,Cloudstone Orb,Cloudstone Orb,https://tcgplayer-cdn.tcgplayer.com/product/583948_200w.jpg,74,23545,https://cpt.tcgcsv.com/-BH6,2024-10-11T04:08:17.513,1,11.74,14.4,39.99,,,Foil,Super Rare,027,"On Enter: Empower X, where X is the amount of wind element non-champion objects you control.<br><br>
<br><br>
[Class Bonus] (3): Return Cloudstone Orb to its owner's material deck. (Activate this ability only if your champion's class matches this card's class.)",Item;Regalia,Bauble,Wind,Mage,0,,,,,,,
583948,Cloudstone Orb,Cloudstone Orb,https://tcgplayer-cdn.tcgplayer.com/product/583948_200w.jpg,74,23545,https://cpt.tcgcsv.com/-BH6,2024-10-11T04:08:17.513,1,0.72,1.45,12.0,1.43,,Normal,Super Rare,027,"On Enter: Empower X, where X is the amount of wind element non-champion objects you control.<br><br>
<br><br>
[Class Bonus] (3): Return Cloudstone Orb to its owner's material deck. (Activate this ability only if your champion's class matches this card's class.)",Item;Regalia,Bauble,Wind,Mage,0,,,,,,,
583949,Sundering Moon,Sundering Moon,https://tcgplayer-cdn.tcgplayer.com/product/583949_200w.jpg,74,23545,https://cpt.tcgcsv.com/_BH6,2024-10-23T13:46:25.787,1,99.89,99.99,259.99,,,Foil,Ultra Rare,028,"[Jin Bonus] On Enter: If you control two or more wind element allies, Sundering Moon gets +1 power until end of turn.<br>
<br>
<br>
<br>
[Jin Bonus] (2), Return Sundering Moon to your material deck: Prevent the next 1 damage that would be dealt to target unit you control this turn.",Weapon;Regalia,Polearm,Wind,Warrior,0,,,,1,2,,
583949,Sundering Moon,Sundering Moon,https://tcgplayer-cdn.tcgplayer.com/product/583949_200w.jpg,74,23545,https://cpt.tcgcsv.com/_BH6,2024-10-23T13:46:25.787,1,1.25,5.41,30.38,3.85,,Normal,Ultra Rare,028,"[Jin Bonus] On Enter: If you control two or more wind element allies, Sundering Moon gets +1 power until end of turn.<br>
<br>
<br>
<br>
[Jin Bonus] (2), Return Sundering Moon to your material deck: Prevent the next 1 damage that would be dealt to target unit you control this turn.",Weapon;Regalia,Polearm,Wind,Warrior,0,,,,1,2,,
583950,Acolyte of Cultivation,Acolyte of Cultivation,https://tcgplayer-cdn.tcgplayer.com/product/583950_200w.jpg,74,23545,https://cpt.tcgcsv.com/0CH6,2024-10-11T04:08:17.513,1,0.24,0.3,2.0,0.3,,Normal,Rare,029,"[Class Bonus] As long as you've activated a Spell card this turn, this card costs 3 less to activate. (Apply this effect only if your champion's class matches this card's class.)",Ally,Human,Norm,Cleric;Mage,,,3,<em>The pursuit of transcendence by any means.</em>,2,,4,
583950,Acolyte of Cultivation,Acolyte of Cultivation,https://tcgplayer-cdn.tcgplayer.com/product/583950_200w.jpg,74,23545,https://cpt.tcgcsv.com/0CH6,2024-10-11T04:08:17.513,1,6.99,7.99,9.89,7.28,,Foil,Rare,029,"[Class Bonus] As long as you've activated a Spell card this turn, this card costs 3 less to activate. (Apply this effect only if your champion's class matches this card's class.)",Ally,Human,Norm,Cleric;Mage,,,3,<em>The pursuit of transcendence by any means.</em>,2,,4,
583951,Adorned Stag,Adorned Stag,https://tcgplayer-cdn.tcgplayer.com/product/583951_200w.jpg,74,23545,https://cpt.tcgcsv.com/2CH6,2024-10-11T04:08:17.513,1,0.99,1.87,3.99,0.99,,Foil,Common,030,[Class Bonus] This card costs 1 less to activate. (Apply this effect only if your champion's class matches this card's class.),Ally,Animal;Deer,Norm,Tamer,,,3,<em>Their jeweled antlers are said to be a cure for many ailments but are hard to procure as they are shed only once every decade.</em>,1,,2,
583951,Adorned Stag,Adorned Stag,https://tcgplayer-cdn.tcgplayer.com/product/583951_200w.jpg,74,23545,https://cpt.tcgcsv.com/2CH6,2024-10-11T04:08:17.513,1,0.03,0.18,0.52,0.1,,Normal,Common,030,[Class Bonus] This card costs 1 less to activate. (Apply this effect only if your champion's class matches this card's class.),Ally,Animal;Deer,Norm,Tamer,,,3,<em>Their jeweled antlers are said to be a cure for many ailments but are hard to procure as they are shed only once every decade.</em>,1,,2,
583952,Backstep,Backstep,https://tcgplayer-cdn.tcgplayer.com/product/583952_200w.jpg,74,23545,https://cpt.tcgcsv.com/3CH6,2024-10-11T04:08:17.513,1,0.04,0.16,0.52,0.11,,Normal,Common,031,"Target unit becomes distant. (Units stay distant until the end of their controller's turn.)<br><br>
<br><br>
Draw a card.",Action,Action,Norm,Ranger,,,,<em>Some sights are best seen from afar.</em>,,,2,Fast
583952,Backstep,Backstep,https://tcgplayer-cdn.tcgplayer.com/product/583952_200w.jpg,74,23545,https://cpt.tcgcsv.com/3CH6,2024-10-11T04:08:17.513,1,0.84,3.0,8.99,3.67,,Foil,Common,031,"Target unit becomes distant. (Units stay distant until the end of their controller's turn.)<br><br>
<br><br>
Draw a card.",Action,Action,Norm,Ranger,,,,<em>Some sights are best seen from afar.</em>,,,2,Fast
583953,Brash Defender,Brash Defender,https://tcgplayer-cdn.tcgplayer.com/product/583953_200w.jpg,74,23545,https://cpt.tcgcsv.com/5CH6,2024-10-11T04:08:17.513,1,0.2,0.91,13.99,0.85,,Foil,Uncommon,032,"[Level 1+] Vigor (This unit wakes up at the beginning of your end phase. Apply this effect only if your champion is level 1 or higher.)<br><br>
<br><br>
Retort 3 (As long as this ally is retaliating, it gets +3 power.)",Ally,Human,Norm,Guardian,,,4,<em>Brave enough to take me head on?</em>,1,,4,
583953,Brash Defender,Brash Defender,https://tcgplayer-cdn.tcgplayer.com/product/583953_200w.jpg,74,23545,https://cpt.tcgcsv.com/5CH6,2024-10-11T04:08:17.513,1,0.05,0.2,0.99,0.11,,Normal,Uncommon,032,"[Level 1+] Vigor (This unit wakes up at the beginning of your end phase. Apply this effect only if your champion is level 1 or higher.)<br><br>
<br><br>
Retort 3 (As long as this ally is retaliating, it gets +3 power.)",Ally,Human,Norm,Guardian,,,4,<em>Brave enough to take me head on?</em>,1,,4,
583954,Bring Down the Mighty,Bring Down the Mighty,https://tcgplayer-cdn.tcgplayer.com/product/583954_200w.jpg,74,23545,https://cpt.tcgcsv.com/6CH6,2024-10-11T04:08:17.513,1,0.2,0.4,1.0,0.34,,Normal,Rare,033,"Until the beginning of your next turn, target ally can't attack. If that ally is unique, draw a card into your memory.",Action,Skill,Norm,Assassin,,,,"<em>Unbeknownst to even Lu Bu herself, this marked not the end, but the beginning.</em>",,,1,Slow
583954,Bring Down the Mighty,Bring Down the Mighty,https://tcgplayer-cdn.tcgplayer.com/product/583954_200w.jpg,74,23545,https://cpt.tcgcsv.com/6CH6,2024-10-11T04:08:17.513,1,4.95,5.99,11.99,5.99,,Foil,Rare,033,"Until the beginning of your next turn, target ally can't attack. If that ally is unique, draw a card into your memory.",Action,Skill,Norm,Assassin,,,,"<em>Unbeknownst to even Lu Bu herself, this marked not the end, but the beginning.</em>",,,1,Slow
583955,Cavalier Rescue,Cavalier Rescue,https://tcgplayer-cdn.tcgplayer.com/product/583955_200w.jpg,74,23545,https://cpt.tcgcsv.com/7CH6,2024-10-11T04:08:17.513,1,0.48,1.5,5.0,0.94,,Foil,Common,034,"Equestrian — As long as you control a Horse ally, this card costs 2 less to activate.<br><br>
<br><br>
Target ally gets +3 life until end of turn. If that ally is defending, wake it up.",Action,Horse;Skill,Norm,Tamer,,,,<em>A good horse is hard to replace.</em>,,,3,Fast
583955,Cavalier Rescue,Cavalier Rescue,https://tcgplayer-cdn.tcgplayer.com/product/583955_200w.jpg,74,23545,https://cpt.tcgcsv.com/7CH6,2024-10-11T04:08:17.513,1,0.03,0.18,0.52,0.07,,Normal,Common,034,"Equestrian — As long as you control a Horse ally, this card costs 2 less to activate.<br><br>
<br><br>
Target ally gets +3 life until end of turn. If that ally is defending, wake it up.",Action,Horse;Skill,Norm,Tamer,,,,<em>A good horse is hard to replace.</em>,,,3,Fast
583956,Clean Cut,Clean Cut,https://tcgplayer-cdn.tcgplayer.com/product/583956_200w.jpg,74,23545,https://cpt.tcgcsv.com/8CH6,2024-10-11T04:08:17.513,1,0.06,0.2,0.99,0.07,,Normal,Uncommon,035,[Level 2+] On Kill: Draw a card. (Apply this effect only if your champion is level 2 or higher.),Attack,Sword,Norm,Warrior,,,,<em>Xia Hou Dun's masterful control of the flow of battle lets her string lethal strikes into crafted opportunities.</em>,2,,2,
583956,Clean Cut,Clean Cut,https://tcgplayer-cdn.tcgplayer.com/product/583956_200w.jpg,74,23545,https://cpt.tcgcsv.com/8CH6,2024-10-11T04:08:17.513,1,0.48,1.86,14.75,0.74,,Foil,Uncommon,035,[Level 2+] On Kill: Draw a card. (Apply this effect only if your champion is level 2 or higher.),Attack,Sword,Norm,Warrior,,,,<em>Xia Hou Dun's masterful control of the flow of battle lets her string lethal strikes into crafted opportunities.</em>,2,,2,
583957,Combat Training,Combat Training,https://tcgplayer-cdn.tcgplayer.com/product/583957_200w.jpg,74,23545,https://cpt.tcgcsv.com/9CH6,2024-10-11T04:08:17.513,1,0.3,0.39,1.68,0.33,,Normal,Rare,036,"Target Warrior ally's next attack this turn gets +2 power. If that ally is unique, their next attack this turn gets +3 power instead.<br><br>
<br><br>
[Class Bonus] Floating Memory (While paying for a memory cost, you may banish this card from your graveyard to pay for 1 of that cost.)",Action,Skill,Norm,Warrior,,,,,,,2,Slow
583957,Combat Training,Combat Training,https://tcgplayer-cdn.tcgplayer.com/product/583957_200w.jpg,74,23545,https://cpt.tcgcsv.com/9CH6,2024-10-11T04:08:17.513,1,2.91,5.74,16.28,,,Foil,Rare,036,"Target Warrior ally's next attack this turn gets +2 power. If that ally is unique, their next attack this turn gets +3 power instead.<br><br>
<br><br>
[Class Bonus] Floating Memory (While paying for a memory cost, you may banish this card from your graveyard to pay for 1 of that cost.)",Action,Skill,Norm,Warrior,,,,,,,2,Slow
583958,Cure the Flesh,Cure the Flesh,https://tcgplayer-cdn.tcgplayer.com/product/583958_200w.jpg,74,23545,https://cpt.tcgcsv.com/bCH6,2024-10-11T04:08:17.513,1,2.37,7.37,10.61,6.19,,Foil,Rare,037,Remove all temporary damage from target ally. Draw a card into your memory.,Action,Skill,Norm,Cleric,,,,"<em>For their indiscriminate altruism, the Golden Sashes quickly gained popularity, concealing their true motives from the populace.</em>",,,3,Fast
583958,Cure the Flesh,Cure the Flesh,https://tcgplayer-cdn.tcgplayer.com/product/583958_200w.jpg,74,23545,https://cpt.tcgcsv.com/bCH6,2024-10-11T04:08:17.513,1,0.25,0.44,1.54,0.36,,Normal,Rare,037,Remove all temporary damage from target ally. Draw a card into your memory.,Action,Skill,Norm,Cleric,,,,"<em>For their indiscriminate altruism, the Golden Sashes quickly gained popularity, concealing their true motives from the populace.</em>",,,3,Fast
583959,Determined Spearman,Determined Spearman,https://tcgplayer-cdn.tcgplayer.com/product/583959_200w.jpg,74,23545,https://cpt.tcgcsv.com/cCH6,2024-10-11T04:08:17.513,1,0.12,0.25,1.0,0.2,,Normal,Uncommon,038,"Equestrian — As long as you control a Horse ally, this card costs 1 less to activate.<br><br>
<br><br>
[Level 1+] Determined Spearman gets +1 life. (Apply this effect only if your champion is level 1 or higher.)",Ally,Human,Norm,Warrior,,,2,<em>Be not afraid of slowness. Be afraid of standing still.</em>,2,,3,
583959,Determined Spearman,Determined Spearman,https://tcgplayer-cdn.tcgplayer.com/product/583959_200w.jpg,74,23545,https://cpt.tcgcsv.com/cCH6,2024-10-11T04:08:17.513,1,0.7,1.9,9.95,1.54,,Foil,Uncommon,038,"Equestrian — As long as you control a Horse ally, this card costs 1 less to activate.<br><br>
<br><br>
[Level 1+] Determined Spearman gets +1 life. (Apply this effect only if your champion is level 1 or higher.)",Ally,Human,Norm,Warrior,,,2,<em>Be not afraid of slowness. Be afraid of standing still.</em>,2,,3,
583960,Dungeon Guide,Dungeon Guide,https://tcgplayer-cdn.tcgplayer.com/product/583960_200w.jpg,74,23545,https://cpt.tcgcsv.com/dCH6,2024-10-11T04:08:17.513,1,62.0,70.71,90.0,67.8,,Foil,Rare,039,"On Enter: You may banish two cards at random from your memory. If you do, level up your champion. (Your champion levels up into a compatible champion card from your material deck, ignoring materialization costs.)",Ally,Human,Norm,Mage,,,3,<em>These walls may hold secrets but don't we all?</em>,1,,3,
583960,Dungeon Guide,Dungeon Guide,https://tcgplayer-cdn.tcgplayer.com/product/583960_200w.jpg,74,23545,https://cpt.tcgcsv.com/dCH6,2024-10-11T04:08:17.513,1,20.88,26.5,38.99,20.83,,Normal,Rare,039,"On Enter: You may banish two cards at random from your memory. If you do, level up your champion. (Your champion levels up into a compatible champion card from your material deck, ignoring materialization costs.)",Ally,Human,Norm,Mage,,,3,<em>These walls may hold secrets but don't we all?</em>,1,,3,
583961,Extraction Incision,Extraction Incision,https://tcgplayer-cdn.tcgplayer.com/product/583961_200w.jpg,74,23545,https://cpt.tcgcsv.com/fCH6,2024-10-11T04:08:17.513,1,0.08,0.25,0.99,0.16,,Normal,Uncommon,040,"True Sight (This attack can target units with stealth.)<br><br>
<br><br>
[Class Bonus] On Kill: Put a preparation counter on your champion. (Apply this effect only if your champion's class matches this card's class.)",Attack,Dagger,Norm,Assassin,,,,<em>Not even heroes are safe from death.</em>,3,,2,
583961,Extraction Incision,Extraction Incision,https://tcgplayer-cdn.tcgplayer.com/product/583961_200w.jpg,74,23545,https://cpt.tcgcsv.com/fCH6,2024-10-11T04:08:17.513,1,0.85,2.99,10.0,,,Foil,Uncommon,040,"True Sight (This attack can target units with stealth.)<br><br>
<br><br>
[Class Bonus] On Kill: Put a preparation counter on your champion. (Apply this effect only if your champion's class matches this card's class.)",Attack,Dagger,Norm,Assassin,,,,<em>Not even heroes are safe from death.</em>,3,,2,
583962,Feed Nourishment,Feed Nourishment,https://tcgplayer-cdn.tcgplayer.com/product/583962_200w.jpg,74,23545,https://cpt.tcgcsv.com/gCH6,2024-10-11T04:08:17.513,1,2.42,4.25,9.89,4.04,,Foil,Rare,041,"Put a buff counter on target Animal or Beast ally.<br><br>
<br><br>
Floating Memory (While paying for a memory cost, you may banish this card from your graveyard to pay for 1 of that cost.)",Action,Skill,Norm,Tamer,,,,<em>A moment of peace under the shade.</em>,,,3,Slow
583962,Feed Nourishment,Feed Nourishment,https://tcgplayer-cdn.tcgplayer.com/product/583962_200w.jpg,74,23545,https://cpt.tcgcsv.com/gCH6,2024-10-11T04:08:17.513,1,0.1,0.5,3.0,0.43,,Normal,Rare,041,"Put a buff counter on target Animal or Beast ally.<br><br>
<br><br>
Floating Memory (While paying for a memory cost, you may banish this card from your graveyard to pay for 1 of that cost.)",Action,Skill,Norm,Tamer,,,,<em>A moment of peace under the shade.</em>,,,3,Slow
583963,Fractal of Insight,Fractal of Insight,https://tcgplayer-cdn.tcgplayer.com/product/583963_200w.jpg,74,23545,https://cpt.tcgcsv.com/hCH6,2024-10-11T04:08:17.513,1,0.03,0.18,0.52,0.11,,Normal,Common,042,"On Enter: You may rest Fractal of Insight. If you do, glimpse 2.<br><br>
<br><br>
Reservable (While paying for a reserve cost, you may rest this object to pay for 1 of that cost.)",Phantasia,Fractal,Norm,Mage,,,,"<em>An enigma that defies, and yet, sharpens reality.</em>",,,2,
583963,Fractal of Insight,Fractal of Insight,https://tcgplayer-cdn.tcgplayer.com/product/583963_200w.jpg,74,23545,https://cpt.tcgcsv.com/hCH6,2024-10-11T04:08:17.513,1,1.65,4.98,7.96,1.65,,Foil,Common,042,"On Enter: You may rest Fractal of Insight. If you do, glimpse 2.<br><br>
<br><br>
Reservable (While paying for a reserve cost, you may rest this object to pay for 1 of that cost.)",Phantasia,Fractal,Norm,Mage,,,,"<em>An enigma that defies, and yet, sharpens reality.</em>",,,2,
583964,Fractal of Mana,Fractal of Mana,https://tcgplayer-cdn.tcgplayer.com/product/583964_200w.jpg,74,23545,https://cpt.tcgcsv.com/jCH6,2024-10-11T04:08:17.513,1,4.0,4.99,5.13,4.89,,Foil,Uncommon,043,"Reservable (While paying for a reserve cost, you may rest this object to pay for 1 of that cost.)<br><br>
<br><br>
[Class Bonus] [REST]: Empower 1. (The next Spell card you activate this turn activates and resolves as if your champion got +1 level.)",Phantasia,Fractal,Norm,Cleric;Mage,,,,,,,3,
583964,Fractal of Mana,Fractal of Mana,https://tcgplayer-cdn.tcgplayer.com/product/583964_200w.jpg,74,23545,https://cpt.tcgcsv.com/jCH6,2024-10-11T04:08:17.513,1,0.01,0.25,0.99,0.16,,Normal,Uncommon,043,"Reservable (While paying for a reserve cost, you may rest this object to pay for 1 of that cost.)<br><br>
<br><br>
[Class Bonus] [REST]: Empower 1. (The next Spell card you activate this turn activates and resolves as if your champion got +1 level.)",Phantasia,Fractal,Norm,Cleric;Mage,,,,,,,3,
583965,Ghostsight Mare,Ghostsight Mare,https://tcgplayer-cdn.tcgplayer.com/product/583965_200w.jpg,74,23545,https://cpt.tcgcsv.com/kCH6,2024-10-11T04:08:17.513,1,0.51,1.62,5.0,0.51,,Foil,Common,044,True Sight (This ally can attack units with stealth.),Ally,Animal;Horse,Norm,Tamer,,,2,"<em>Rumored to be descended from a demonic beast, this breed has spectral senses, valued for guarding against restless spirits on haunted battlegrounds.</em>",2,,3,
583965,Ghostsight Mare,Ghostsight Mare,https://tcgplayer-cdn.tcgplayer.com/product/583965_200w.jpg,74,23545,https://cpt.tcgcsv.com/kCH6,2024-10-11T04:08:17.513,1,0.03,0.18,1.0,0.05,,Normal,Common,044,True Sight (This ally can attack units with stealth.),Ally,Animal;Horse,Norm,Tamer,,,2,"<em>Rumored to be descended from a demonic beast, this breed has spectral senses, valued for guarding against restless spirits on haunted battlegrounds.</em>",2,,3,
583966,"Guandu, Theater of War",Guandu Theater of War,https://tcgplayer-cdn.tcgplayer.com/product/583966_200w.jpg,74,23545,https://cpt.tcgcsv.com/lCH6,2024-10-11T04:08:17.513,1,0.3,1.0,7.75,0.6,,Normal,Super Rare,045,"Whenever you declare an attack with an ally, put a battle counter on Guandu and glimpse 1. If this is the third time this ability has resolved this turn, draw a card into your memory. <br><br>
<br><br>
Upkeep — At the beginning of your recollection phase, remove two battle counters from Guandu. If you don't, sacrifice Guandu.",Domain;Unique,Castle,Norm,Ranger,,,,,,,3,
583966,"Guandu, Theater of War",Guandu Theater of War,https://tcgplayer-cdn.tcgplayer.com/product/583966_200w.jpg,74,23545,https://cpt.tcgcsv.com/lCH6,2024-10-11T04:08:17.513,1,14.0,16.66,19.99,16.66,,Foil,Super Rare,045,"Whenever you declare an attack with an ally, put a battle counter on Guandu and glimpse 1. If this is the third time this ability has resolved this turn, draw a card into your memory. <br><br>
<br><br>
Upkeep — At the beginning of your recollection phase, remove two battle counters from Guandu. If you don't, sacrifice Guandu.",Domain;Unique,Castle,Norm,Ranger,,,,,,,3,
583967,Heavenly Guide,Heavenly Guide,https://tcgplayer-cdn.tcgplayer.com/product/583967_200w.jpg,74,23545,https://cpt.tcgcsv.com/mCH6,2024-10-11T04:08:17.513,1,60.0,70.0,129.99,35.67,,Foil,Super Rare,046,"[Level 2+] On Enter: If an opponent controls a non-Spirit champion with a card on top of its lineage that wasn't played, level up your champion. (Your champion levels up into a compatible champion card from your material deck. A card was played if it was activated or materialized.)",Ally,Human,Norm,Cleric,,,3,,1,,3,
583967,Heavenly Guide,Heavenly Guide,https://tcgplayer-cdn.tcgplayer.com/product/583967_200w.jpg,74,23545,https://cpt.tcgcsv.com/mCH6,2024-10-11T04:08:17.513,1,7.86,15.01,39.99,7.86,,Normal,Super Rare,046,"[Level 2+] On Enter: If an opponent controls a non-Spirit champion with a card on top of its lineage that wasn't played, level up your champion. (Your champion levels up into a compatible champion card from your material deck. A card was played if it was activated or materialized.)",Ally,Human,Norm,Cleric,,,3,,1,,3,
583968,Hire Mercenaries,Hire Mercenaries,https://tcgplayer-cdn.tcgplayer.com/product/583968_200w.jpg,74,23545,https://cpt.tcgcsv.com/nCH6,2024-10-11T04:08:17.513,1,0.09,0.32,2.0,0.29,,Normal,Rare,047,"This card costs 1 less to activate if an opponent controls one or more allies.<br><br>
<br><br>
Look at the top two cards of your deck. Put one of those cards into your memory and the other on the bottom of your deck.",Action,Skill,Norm,Tamer,,,,,,,2,Slow
583968,Hire Mercenaries,Hire Mercenaries,https://tcgplayer-cdn.tcgplayer.com/product/583968_200w.jpg,74,23545,https://cpt.tcgcsv.com/nCH6,2024-10-11T04:08:17.513,1,3.01,3.18,14.0,,,Foil,Rare,047,"This card costs 1 less to activate if an opponent controls one or more allies.<br><br>
<br><br>
Look at the top two cards of your deck. Put one of those cards into your memory and the other on the bottom of your deck.",Action,Skill,Norm,Tamer,,,,,,,2,Slow
583969,Honorable Vanguard,Honorable Vanguard,https://tcgplayer-cdn.tcgplayer.com/product/583969_200w.jpg,74,23545,https://cpt.tcgcsv.com/pCH6,2024-10-11T04:08:17.513,1,1.46,3.0,8.72,2.04,,Foil,Common,048,"Floating Memory (While paying for a memory cost, you may banish this card from your graveyard to pay for 1 of that cost.)",Ally,Human,Norm,Warrior,,,2,<em>The emperor's gates are well-watched with these soldiers' dutiful eyes and faithful hearts.</em>,1,,2,
583969,Honorable Vanguard,Honorable Vanguard,https://tcgplayer-cdn.tcgplayer.com/product/583969_200w.jpg,74,23545,https://cpt.tcgcsv.com/pCH6,2024-10-11T04:08:17.513,1,0.08,0.18,0.75,0.12,,Normal,Common,048,"Floating Memory (While paying for a memory cost, you may banish this card from your graveyard to pay for 1 of that cost.)",Ally,Human,Norm,Warrior,,,2,<em>The emperor's gates are well-watched with these soldiers' dutiful eyes and faithful hearts.</em>,1,,2,
583970,Idle Thoughts,Idle Thoughts,https://tcgplayer-cdn.tcgplayer.com/product/583970_200w.jpg,74,23545,https://cpt.tcgcsv.com/qCH6,2024-10-11T04:08:17.513,1,0.01,0.18,0.52,0.05,,Normal,Common,049,"Look at the top four cards of your deck and then put them back in any order.<br><br>
Floating Memory (While paying for a memory cost, you may banish this card from your graveyard to pay for 1 of that cost.)",Action,Skill,Norm,Mage,,,,,,,1,Slow
583970,Idle Thoughts,Idle Thoughts,https://tcgplayer-cdn.tcgplayer.com/product/583970_200w.jpg,74,23545,https://cpt.tcgcsv.com/qCH6,2024-10-11T04:08:17.513,1,0.73,2.0,2.5,1.14,,Foil,Common,049,"Look at the top four cards of your deck and then put them back in any order.<br><br>
Floating Memory (While paying for a memory cost, you may banish this card from your graveyard to pay for 1 of that cost.)",Action,Skill,Norm,Mage,,,,,,,1,Slow
583971,Imperial Assassin,Imperial Assassin,https://tcgplayer-cdn.tcgplayer.com/product/583971_200w.jpg,74,23545,https://cpt.tcgcsv.com/rCH6,2024-10-11T04:08:17.513,1,0.74,0.99,4.22,2.0,,Foil,Common,050,[Class Bonus] Stealth (This unit can't be targeted by attacks unless permitted by true sight. Apply this effect only if your champion's class matches this card's class.),Ally,Human,Norm,Assassin,,,1,<em>Loyal to whoever bears the Imperial Seal.</em>,2,,3,
583971,Imperial Assassin,Imperial Assassin,https://tcgplayer-cdn.tcgplayer.com/product/583971_200w.jpg,74,23545,https://cpt.tcgcsv.com/rCH6,2024-10-11T04:08:17.513,1,0.03,0.15,0.52,0.06,,Normal,Common,050,[Class Bonus] Stealth (This unit can't be targeted by attacks unless permitted by true sight. Apply this effect only if your champion's class matches this card's class.),Ally,Human,Norm,Assassin,,,1,<em>Loyal to whoever bears the Imperial Seal.</em>,2,,3,
583972,Indolent Leisure,Indolent Leisure,https://tcgplayer-cdn.tcgplayer.com/product/583972_200w.jpg,74,23545,https://cpt.tcgcsv.com/sCH6,2024-10-11T04:08:17.513,1,3.0,5.0,18.99,4.18,,Normal,Rare,051,"Draw a card. <br><br>
<br><br>
[Class Bonus] [Level 3+] Draw a card into your memory. (Apply this effect only if your champion's class matches this card's class and only if your champion is level 3 or higher.)",Action,Spell,Norm,Cleric;Mage,,,,,,,3,Slow
583972,Indolent Leisure,Indolent Leisure,https://tcgplayer-cdn.tcgplayer.com/product/583972_200w.jpg,74,23545,https://cpt.tcgcsv.com/sCH6,2024-10-11T04:08:17.513,1,39.99,46.85,82.97,41.92,,Foil,Rare,051,"Draw a card. <br><br>
<br><br>
[Class Bonus] [Level 3+] Draw a card into your memory. (Apply this effect only if your champion's class matches this card's class and only if your champion is level 3 or higher.)",Action,Spell,Norm,Cleric;Mage,,,,,,,3,Slow
583973,Inner Court Schemer,Inner Court Schemer,https://tcgplayer-cdn.tcgplayer.com/product/583973_200w.jpg,74,23545,https://cpt.tcgcsv.com/tCH6,2024-10-11T04:08:17.513,1,0.05,0.18,0.52,0.06,,Normal,Common,052,"On Attack: You may remove a preparation counter from your champion. If you do, this attack gets +2 power.",Ally,Human,Norm,Assassin,,,3,<em>The dynasty's darkest secrets are often kept in the innermost walls of the palace.</em>,1,,2,
583973,Inner Court Schemer,Inner Court Schemer,https://tcgplayer-cdn.tcgplayer.com/product/583973_200w.jpg,74,23545,https://cpt.tcgcsv.com/tCH6,2024-10-11T04:08:17.513,1,0.38,3.25,6.44,0.8,,Foil,Common,052,"On Attack: You may remove a preparation counter from your champion. If you do, this attack gets +2 power.",Ally,Human,Norm,Assassin,,,3,<em>The dynasty's darkest secrets are often kept in the innermost walls of the palace.</em>,1,,2,
583974,Inspiring Call,Inspiring Call,https://tcgplayer-cdn.tcgplayer.com/product/583974_200w.jpg,74,23545,https://cpt.tcgcsv.com/vCH6,2024-10-11T04:08:17.513,1,0.95,1.73,4.99,1.91,,Foil,Common,053,"This card costs 2 less to activate if your champion has attacked this turn.<br><br>
Allies you control get +1 power until end of turn. Draw a card into your memory.",Action,Action,Norm,Warrior,,,,<em>War cannot be won alone.</em>,,,3,Fast
583974,Inspiring Call,Inspiring Call,https://tcgplayer-cdn.tcgplayer.com/product/583974_200w.jpg,74,23545,https://cpt.tcgcsv.com/vCH6,2024-10-11T04:08:17.513,1,0.08,0.17,0.52,0.11,,Normal,Common,053,"This card costs 2 less to activate if your champion has attacked this turn.<br><br>
Allies you control get +1 power until end of turn. Draw a card into your memory.",Action,Action,Norm,Warrior,,,,<em>War cannot be won alone.</em>,,,3,Fast
583975,Invective Instruction,Invective Instruction,https://tcgplayer-cdn.tcgplayer.com/product/583975_200w.jpg,74,23545,https://cpt.tcgcsv.com/wCH6,2024-10-11T04:08:17.513,1,0.11,0.25,0.99,0.2,,Normal,Uncommon,054,"Target ally gets +3 power until end of turn. <br><br>
<br><br>
[Class Bonus] If you control a non-Human ally, draw a card into your memory. (Apply this effect only if your champion's class matches this card's class.)",Action,Skill,Norm,Tamer,,,,<em>Not even animals are immune to the Luopan.</em>,,,2,Slow
583975,Invective Instruction,Invective Instruction,https://tcgplayer-cdn.tcgplayer.com/product/583975_200w.jpg,74,23545,https://cpt.tcgcsv.com/wCH6,2024-10-11T04:08:17.513,1,0.85,3.95,12.99,3.33,,Foil,Uncommon,054,"Target ally gets +3 power until end of turn. <br><br>
<br><br>
[Class Bonus] If you control a non-Human ally, draw a card into your memory. (Apply this effect only if your champion's class matches this card's class.)",Action,Skill,Norm,Tamer,,,,<em>Not even animals are immune to the Luopan.</em>,,,2,Slow
583976,Keep of the Golden Sashes,Keep of the Golden Sashes,https://tcgplayer-cdn.tcgplayer.com/product/583976_200w.jpg,74,23545,https://cpt.tcgcsv.com/xCH6,2024-10-11T04:08:17.513,1,4.0,6.0,7.99,5.99,,Foil,Super Rare,055,"The first card your opponents activate each turn costs 1 more to activate.<br><br>
<br><br>
Upkeep — At the beginning of your recollection phase, you may banish two cards from your graveyard. If you don't, sacrifice Keep of the Golden Sashes.",Domain;Unique,Castle,Norm,Cleric,,,,,,,4,
583976,Keep of the Golden Sashes,Keep of the Golden Sashes,https://tcgplayer-cdn.tcgplayer.com/product/583976_200w.jpg,74,23545,https://cpt.tcgcsv.com/xCH6,2024-10-11T04:08:17.513,1,0.25,0.5,11.98,0.47,,Normal,Super Rare,055,"The first card your opponents activate each turn costs 1 more to activate.<br><br>
<br><br>
Upkeep — At the beginning of your recollection phase, you may banish two cards from your graveyard. If you don't, sacrifice Keep of the Golden Sashes.",Domain;Unique,Castle,Norm,Cleric,,,,,,,4,
583977,Kind Beastcaller,Kind Beastcaller,https://tcgplayer-cdn.tcgplayer.com/product/583977_200w.jpg,74,23545,https://cpt.tcgcsv.com/zCH6,2024-10-11T04:08:17.513,1,0.21,0.72,5.99,0.71,,Normal,Rare,056,[Class Bonus] On Enter: Look at the top five cards of your deck. You may reveal an Animal or Beast ally card from among them and put it into your hand. Put the rest on the bottom of your deck in any order.,Ally,Human,Norm,Tamer,,,3,<em>The carrot lures better than the stick.</em>,2,,3,
583977,Kind Beastcaller,Kind Beastcaller,https://tcgplayer-cdn.tcgplayer.com/product/583977_200w.jpg,74,23545,https://cpt.tcgcsv.com/zCH6,2024-10-11T04:08:17.513,1,2.0,7.2,8.99,6.79,,Foil,Rare,056,[Class Bonus] On Enter: Look at the top five cards of your deck. You may reveal an Animal or Beast ally card from among them and put it into your hand. Put the rest on the bottom of your deck in any order.,Ally,Human,Norm,Tamer,,,3,<em>The carrot lures better than the stick.</em>,2,,3,
583978,Lead with Force,Lead with Force,https://tcgplayer-cdn.tcgplayer.com/product/583978_200w.jpg,74,23545,https://cpt.tcgcsv.com/BCH6,2024-10-11T04:08:17.513,1,0.65,0.95,5.0,,,Foil,Common,057,"[Class Bonus] This card costs 1 less to activate. (Apply this effect only if your champion's class matches this card's class.)<br><br>
<br><br>
Target ally gets +1 life until end of turn. If that ally is an Animal or a Beast, put a buff counter on it. (Allies get +1 power and +1 life for each buff counter on them.)",Action,Skill,Norm,Tamer,,,,,,,3,Fast
583978,Lead with Force,Lead with Force,https://tcgplayer-cdn.tcgplayer.com/product/583978_200w.jpg,74,23545,https://cpt.tcgcsv.com/BCH6,2024-10-11T04:08:17.513,1,0.03,0.16,0.52,0.07,,Normal,Common,057,"[Class Bonus] This card costs 1 less to activate. (Apply this effect only if your champion's class matches this card's class.)<br><br>
<br><br>
Target ally gets +1 life until end of turn. If that ally is an Animal or a Beast, put a buff counter on it. (Allies get +1 power and +1 life for each buff counter on them.)",Action,Skill,Norm,Tamer,,,,,,,3,Fast
583979,Lost Wisdom,Lost Wisdom,https://tcgplayer-cdn.tcgplayer.com/product/583979_200w.jpg,74,23545,https://cpt.tcgcsv.com/CCH6,2024-10-11T04:08:17.513,1,0.1,0.45,1.4,0.44,,Normal,Rare,058,"[Class Bonus] This card costs 2 less to activate if you control one or more unique allies.<br><br>
<br><br>
Return a Spell card from your graveyard to your memory.",Action,Skill,Norm,Cleric;Mage,,,,<em>Knowledge sought from the pages of the past.</em>,,,4,Slow
583979,Lost Wisdom,Lost Wisdom,https://tcgplayer-cdn.tcgplayer.com/product/583979_200w.jpg,74,23545,https://cpt.tcgcsv.com/CCH6,2024-10-11T04:08:17.513,1,2.48,3.76,9.99,,,Foil,Rare,058,"[Class Bonus] This card costs 2 less to activate if you control one or more unique allies.<br><br>
<br><br>
Return a Spell card from your graveyard to your memory.",Action,Skill,Norm,Cleric;Mage,,,,<em>Knowledge sought from the pages of the past.</em>,,,4,Slow
583980,Lumbering Steed,Lumbering Steed,https://tcgplayer-cdn.tcgplayer.com/product/583980_200w.jpg,74,23545,https://cpt.tcgcsv.com/DCH6,2024-10-11T04:08:17.513,1,1.62,1.93,6.18,2.18,,Foil,Uncommon,059,"Hindered (This ally enters the field rested.) <br><br>
<br><br>
(2): Lumbering Steed gets +1 life until end of turn.",Ally,Animal;Horse,Norm,Tamer,,,3,"<em>Though slow to get going, this breed serves as the hardiest mount for the frontline cavalry, capable of breaking through the most entrenched frontlines.</em>",3,,4,
583980,Lumbering Steed,Lumbering Steed,https://tcgplayer-cdn.tcgplayer.com/product/583980_200w.jpg,74,23545,https://cpt.tcgcsv.com/DCH6,2024-10-11T04:08:17.513,1,0.08,0.23,0.99,0.14,,Normal,Uncommon,059,"Hindered (This ally enters the field rested.) <br><br>
<br><br>
(2): Lumbering Steed gets +1 life until end of turn.",Ally,Animal;Horse,Norm,Tamer,,,3,"<em>Though slow to get going, this breed serves as the hardiest mount for the frontline cavalry, capable of breaking through the most entrenched frontlines.</em>",3,,4,
583981,Marksman Captain,Marksman Captain,https://tcgplayer-cdn.tcgplayer.com/product/583981_200w.jpg,74,23545,https://cpt.tcgcsv.com/FCH6,2024-10-11T04:08:17.513,1,3.0,7.25,10.99,3.76,,Foil,Uncommon,060,"Ranged 2 (As long as this unit is distant, its attacks get +2 power.)<br><br>
<br><br>
On Enter: Another target unit you control becomes distant. (Units stay distant until the end of their controller's turn.)<br><br>
<br><br>
[Class Bonus] Floating Memory",Ally,Human,Norm,Ranger,,,2,,1,,2,
583981,Marksman Captain,Marksman Captain,https://tcgplayer-cdn.tcgplayer.com/product/583981_200w.jpg,74,23545,https://cpt.tcgcsv.com/FCH6,2024-10-11T04:08:17.513,1,0.19,0.25,0.99,0.22,,Normal,Uncommon,060,"Ranged 2 (As long as this unit is distant, its attacks get +2 power.)<br><br>
<br><br>
On Enter: Another target unit you control becomes distant. (Units stay distant until the end of their controller's turn.)<br><br>
<br><br>
[Class Bonus] Floating Memory",Ally,Human,Norm,Ranger,,,2,,1,,2,
583982,Mnemonic Charm,Mnemonic Charm,https://tcgplayer-cdn.tcgplayer.com/product/583982_200w.jpg,74,23545,https://cpt.tcgcsv.com/GCH6,2024-10-11T04:08:17.513,1,0.08,0.2,0.52,0.14,,Normal,Common,061,"On Enter: Draw a card into your memory.<br><br>
 <br><br>
[Class Bonus] Sacrifice Mnemonic Charm: Empower 2. (The next Spell card you activate this turn activates and resolves as if your champion got +2 level. Activate this ability only if your champion's class matches this card's class.)",Item,Scripture,Norm,Cleric;Mage,,,,,,,2,
583982,Mnemonic Charm,Mnemonic Charm,https://tcgplayer-cdn.tcgplayer.com/product/583982_200w.jpg,74,23545,https://cpt.tcgcsv.com/GCH6,2024-10-11T04:08:17.513,1,10.81,13.59,22.45,15.37,,Foil,Common,061,"On Enter: Draw a card into your memory.<br><br>
 <br><br>
[Class Bonus] Sacrifice Mnemonic Charm: Empower 2. (The next Spell card you activate this turn activates and resolves as if your champion got +2 level. Activate this ability only if your champion's class matches this card's class.)",Item,Scripture,Norm,Cleric;Mage,,,,,,,2,
583983,Mortal Ambition,Mortal Ambition,https://tcgplayer-cdn.tcgplayer.com/product/583983_200w.jpg,74,23545,https://cpt.tcgcsv.com/HCH6,2024-10-23T13:46:04.907,1,68.0,107.35,149.99,62.19,,Foil,Ultra Rare,062,"This card costs 2 less to activate for each unique ally you control.<br>
<br>
<br>
<br>
Until end of turn, Human and Horse allies you control get +1 life and gain ambush and steadfast.",Action,Skill,Norm,Tamer,,,,"<em>In the midst of chaos, there is opportunity.</em>",,,6,Fast
583983,Mortal Ambition,Mortal Ambition,https://tcgplayer-cdn.tcgplayer.com/product/583983_200w.jpg,74,23545,https://cpt.tcgcsv.com/HCH6,2024-10-23T13:46:04.907,1,2.08,3.98,19.34,3.17,,Normal,Ultra Rare,062,"This card costs 2 less to activate for each unique ally you control.<br>
<br>
<br>
<br>
Until end of turn, Human and Horse allies you control get +1 life and gain ambush and steadfast.",Action,Skill,Norm,Tamer,,,,"<em>In the midst of chaos, there is opportunity.</em>",,,6,Fast
583984,Mystic Purifier,Mystic Purifier,https://tcgplayer-cdn.tcgplayer.com/product/583984_200w.jpg,74,23545,https://cpt.tcgcsv.com/JCH6,2024-10-11T04:08:17.513,1,0.05,0.23,0.75,0.23,,Normal,Uncommon,063,"On Enter: You may pay (2). When you do, destroy target phantasia.",Ally,Human,Norm,Cleric,,,2,"<em>Let's deep clean the temple! We're cleaning everything, from dust to evil spirits!</em>",1,,2,
583984,Mystic Purifier,Mystic Purifier,https://tcgplayer-cdn.tcgplayer.com/product/583984_200w.jpg,74,23545,https://cpt.tcgcsv.com/JCH6,2024-10-11T04:08:17.513,1,4.04,4.5,6.99,6.86,,Foil,Uncommon,063,"On Enter: You may pay (2). When you do, destroy target phantasia.",Ally,Human,Norm,Cleric,,,2,"<em>Let's deep clean the temple! We're cleaning everything, from dust to evil spirits!</em>",1,,2,
583985,Nascent Barrier,Nascent Barrier,https://tcgplayer-cdn.tcgplayer.com/product/583985_200w.jpg,74,23545,https://cpt.tcgcsv.com/KCH6,2024-10-11T04:08:17.513,1,8.84,10.0,13.7,8.84,,Foil,Uncommon,064,"[Class Bonus] Prevent the next 1+LV damage that would be dealt to your champion this turn.<br><br>
<br><br>
[Level 3+] Glimpse 3. (To glimpse, look at that many cards from the top of your deck. Put those cards back on the top or on the bottom of your deck in any order.)",Action,Reaction;Spell,Norm,Cleric,,,,,,,2,Fast
583985,Nascent Barrier,Nascent Barrier,https://tcgplayer-cdn.tcgplayer.com/product/583985_200w.jpg,74,23545,https://cpt.tcgcsv.com/KCH6,2024-10-11T04:08:17.513,1,0.13,0.25,0.75,0.23,,Normal,Uncommon,064,"[Class Bonus] Prevent the next 1+LV damage that would be dealt to your champion this turn.<br><br>
<br><br>
[Level 3+] Glimpse 3. (To glimpse, look at that many cards from the top of your deck. Put those cards back on the top or on the bottom of your deck in any order.)",Action,Reaction;Spell,Norm,Cleric,,,,,,,2,Fast
583986,Nascent Blast,Nascent Blast,https://tcgplayer-cdn.tcgplayer.com/product/583986_200w.jpg,74,23545,https://cpt.tcgcsv.com/LCH6,2024-10-11T04:08:17.513,1,0.08,0.18,0.7,0.12,,Normal,Common,065,"Deal 3 damage to target unit. If Nascent Blast is empowered, put it into your memory.",Action,Spell,Norm,Cleric;Mage,,,,"<em>""With the Luopan, the Golden Sashes shall lead a new future for Sanguo and carve our own path.""
– Zhang Jiao, Savior of Peace</em>",,,3,Fast
583986,Nascent Blast,Nascent Blast,https://tcgplayer-cdn.tcgplayer.com/product/583986_200w.jpg,74,23545,https://cpt.tcgcsv.com/LCH6,2024-10-11T04:08:17.513,1,5.53,9.0,16.67,7.88,,Foil,Common,065,"Deal 3 damage to target unit. If Nascent Blast is empowered, put it into your memory.",Action,Spell,Norm,Cleric;Mage,,,,"<em>""With the Luopan, the Golden Sashes shall lead a new future for Sanguo and carve our own path.""
– Zhang Jiao, Savior of Peace</em>",,,3,Fast
583987,Ordinary Horse,Ordinary Horse,https://tcgplayer-cdn.tcgplayer.com/product/583987_200w.jpg,74,23545,https://cpt.tcgcsv.com/MCH6,2024-10-11T04:08:17.513,1,0.85,1.88,7.19,2.2,,Foil,Common,066,"Floating Memory (While paying for a memory cost, you may banish this card from your graveyard to pay for 1 of that cost.)",Ally,Animal;Horse,Norm,Tamer,,,3,<em>There's nothing special that about it. It's just a horse.</em>,1,,3,
583987,Ordinary Horse,Ordinary Horse,https://tcgplayer-cdn.tcgplayer.com/product/583987_200w.jpg,74,23545,https://cpt.tcgcsv.com/MCH6,2024-10-11T04:08:17.513,1,0.01,0.18,0.52,0.1,,Normal,Common,066,"Floating Memory (While paying for a memory cost, you may banish this card from your graveyard to pay for 1 of that cost.)",Ally,Animal;Horse,Norm,Tamer,,,3,<em>There's nothing special that about it. It's just a horse.</em>,1,,3,
583988,"Paired Minds, Kindred Souls",Paired Minds Kindred Souls,https://tcgplayer-cdn.tcgplayer.com/product/583988_200w.jpg,74,23545,https://cpt.tcgcsv.com/NCH6,2024-10-11T04:08:17.513,1,0.74,1.4,15.96,1.16,,Normal,Super Rare,067,"Look at the top ten cards of your deck. Reveal a Horse ally card from among them and put it into your hand. Put the rest on the bottom of your deck in any order. <br><br>
<br><br>
[Class Bonus] If you control a unique ally, the next Horse ally card you activate this turn costs 2 less to activate.",Action,Skill,Norm,Warrior,,,,,,,3,Slow
583988,"Paired Minds, Kindred Souls",Paired Minds Kindred Souls,https://tcgplayer-cdn.tcgplayer.com/product/583988_200w.jpg,74,23545,https://cpt.tcgcsv.com/NCH6,2024-10-11T04:08:17.513,1,8.0,10.0,30.0,21.99,,Foil,Super Rare,067,"Look at the top ten cards of your deck. Reveal a Horse ally card from among them and put it into your hand. Put the rest on the bottom of your deck in any order. <br><br>
<br><br>
[Class Bonus] If you control a unique ally, the next Horse ally card you activate this turn costs 2 less to activate.",Action,Skill,Norm,Warrior,,,,,,,3,Slow
583989,Palace Guard,Palace Guard,https://tcgplayer-cdn.tcgplayer.com/product/583989_200w.jpg,74,23545,https://cpt.tcgcsv.com/PCH6,2024-10-11T04:08:17.513,1,0.05,0.18,0.75,0.08,,Normal,Common,068,"Taunt (While awake, this ally must be targeted before other units you control during your oppent's attack declarations if able.)<br><br>
<br><br>
[Class Bonus] Retort 2 (As long as this ally is retaliating, it gets +2 power.)",Ally,Human,Norm,Guardian,,,3,,1,,3,
583989,Palace Guard,Palace Guard,https://tcgplayer-cdn.tcgplayer.com/product/583989_200w.jpg,74,23545,https://cpt.tcgcsv.com/PCH6,2024-10-11T04:08:17.513,1,0.7,1.93,5.98,1.55,,Foil,Common,068,"Taunt (While awake, this ally must be targeted before other units you control during your oppent's attack declarations if able.)<br><br>
<br><br>
[Class Bonus] Retort 2 (As long as this ally is retaliating, it gets +2 power.)",Ally,Human,Norm,Guardian,,,3,,1,,3,
583990,Promising Recruit,Promising Recruit,https://tcgplayer-cdn.tcgplayer.com/product/583990_200w.jpg,74,23545,https://cpt.tcgcsv.com/QCH6,2024-10-11T04:08:17.513,1,1.22,1.94,8.0,1.94,,Foil,Rare,069,"[Level 2+] At the beginning of your end phase, put a buff counter on Promising Recruit. (Allies get +1 power and +1 life for each buff counter on them. Apply this effect only if your champion is level 2 or higher.)",Ally,Human,Norm,Warrior,,,2,<em>Instincts hone quickly on the battlefield.</em>,1,,3,
583990,Promising Recruit,Promising Recruit,https://tcgplayer-cdn.tcgplayer.com/product/583990_200w.jpg,74,23545,https://cpt.tcgcsv.com/QCH6,2024-10-11T04:08:17.513,1,0.09,0.25,1.39,0.13,,Normal,Rare,069,"[Level 2+] At the beginning of your end phase, put a buff counter on Promising Recruit. (Allies get +1 power and +1 life for each buff counter on them. Apply this effect only if your champion is level 2 or higher.)",Ally,Human,Norm,Warrior,,,2,<em>Instincts hone quickly on the battlefield.</em>,1,,3,
583991,Razor Broadhead,Razor Broadhead,https://tcgplayer-cdn.tcgplayer.com/product/583991_200w.jpg,74,23545,https://cpt.tcgcsv.com/RCH6,2024-10-11T04:08:17.513,1,0.05,0.2,0.75,0.11,,Normal,Uncommon,070,"[REST]: Load Razor Broadhead into target unloaded Bow weapon you control. <br><br>
<br><br>
On Attack: If the attacker is distant, Razor Broadhead gets +3 power.",Item,Arrow,Norm,Ranger,,,,"<em>First crafted for beasts, then adapted for armor.</em>",3,,3,
583991,Razor Broadhead,Razor Broadhead,https://tcgplayer-cdn.tcgplayer.com/product/583991_200w.jpg,74,23545,https://cpt.tcgcsv.com/RCH6,2024-10-11T04:08:17.513,1,0.5,1.95,4.72,1.49,,Foil,Uncommon,070,"[REST]: Load Razor Broadhead into target unloaded Bow weapon you control. <br><br>
<br><br>
On Attack: If the attacker is distant, Razor Broadhead gets +3 power.",Item,Arrow,Norm,Ranger,,,,"<em>First crafted for beasts, then adapted for armor.</em>",3,,3,
583992,Reckless Slash,Reckless Slash,https://tcgplayer-cdn.tcgplayer.com/product/583992_200w.jpg,74,23545,https://cpt.tcgcsv.com/SCH6,2024-10-11T04:08:17.513,1,0.7,1.5,5.0,1.71,,Foil,Common,071,,Attack,Sword,Norm,Warrior,,,,<em>Sometimes the best solution is straight forward.</em>,3,,2,
583992,Reckless Slash,Reckless Slash,https://tcgplayer-cdn.tcgplayer.com/product/583992_200w.jpg,74,23545,https://cpt.tcgcsv.com/SCH6,2024-10-11T04:08:17.513,1,0.08,0.18,0.75,0.08,,Normal,Common,071,,Attack,Sword,Norm,Warrior,,,,<em>Sometimes the best solution is straight forward.</em>,3,,2,
583993,Regenerate,Regenerate,https://tcgplayer-cdn.tcgplayer.com/product/583993_200w.jpg,74,23545,https://cpt.tcgcsv.com/TCH6,2024-10-11T04:08:17.513,1,0.01,0.18,0.52,0.13,,Normal,Common,072,"Draw a card into your memory. <br><br>
<br><br>
[Class Bonus] [Damage 10+] Recover 2.  (To recover, remove that many damage counters from your champion. Apply this effect only if there are ten or more damage counters on your champion.)",Action,Skill,Norm,Warrior;Cleric,,,,,,,2,Fast
583993,Regenerate,Regenerate,https://tcgplayer-cdn.tcgplayer.com/product/583993_200w.jpg,74,23545,https://cpt.tcgcsv.com/TCH6,2024-10-11T04:08:17.513,1,2.0,4.75,8.99,2.97,,Foil,Common,072,"Draw a card into your memory. <br><br>
<br><br>
[Class Bonus] [Damage 10+] Recover 2.  (To recover, remove that many damage counters from your champion. Apply this effect only if there are ten or more damage counters on your champion.)",Action,Skill,Norm,Warrior;Cleric,,,,,,,2,Fast
583994,Royal Bear,Royal Bear,https://tcgplayer-cdn.tcgplayer.com/product/583994_200w.jpg,74,23545,https://cpt.tcgcsv.com/VCH6,2024-10-11T04:08:17.513,1,0.8,4.38,7.98,1.04,,Foil,Common,073,"Pride 2 (This ally won't obey you unless your champion is level 2 or higher. You can't attack with, intercept with, or activate abilities of allies that don't obey you.)<br><br>
<br><br>
[Class Bonus] Royal Bear gets +1 power and +1 life.",Ally,Beast;Bear,Norm,Tamer,,,3,,2,,4,
583994,Royal Bear,Royal Bear,https://tcgplayer-cdn.tcgplayer.com/product/583994_200w.jpg,74,23545,https://cpt.tcgcsv.com/VCH6,2024-10-11T04:08:17.513,1,0.03,0.16,0.75,0.05,,Normal,Common,073,"Pride 2 (This ally won't obey you unless your champion is level 2 or higher. You can't attack with, intercept with, or activate abilities of allies that don't obey you.)<br><br>
<br><br>
[Class Bonus] Royal Bear gets +1 power and +1 life.",Ally,Beast;Bear,Norm,Tamer,,,3,,2,,4,
583995,Savage Arrow,Savage Arrow,https://tcgplayer-cdn.tcgplayer.com/product/583995_200w.jpg,74,23545,https://cpt.tcgcsv.com/WCH6,2024-10-11T04:08:17.513,1,0.03,0.18,0.52,0.1,,Normal,Common,074,"[REST]: Load Savage Arrow into target unloaded Bow weapon you control. (As a weapon is used for an attack, all of its loaded cards are put into the attacker's intent.)<br><br>
<br><br>
Floating Memory",Item,Arrow,Norm,Ranger,,,,,3,,2,
583995,Savage Arrow,Savage Arrow,https://tcgplayer-cdn.tcgplayer.com/product/583995_200w.jpg,74,23545,https://cpt.tcgcsv.com/WCH6,2024-10-11T04:08:17.513,1,0.7,3.0,8.68,0.85,,Foil,Common,074,"[REST]: Load Savage Arrow into target unloaded Bow weapon you control. (As a weapon is used for an attack, all of its loaded cards are put into the attacker's intent.)<br><br>
<br><br>
Floating Memory",Item,Arrow,Norm,Ranger,,,,,3,,2,
583996,Savage Attack,Savage Attack,https://tcgplayer-cdn.tcgplayer.com/product/583996_200w.jpg,74,23545,https://cpt.tcgcsv.com/XCH6,2024-10-11T04:08:17.513,1,0.75,1.75,9.99,1.36,,Foil,Common,075,"Floating Memory (While paying for a memory cost, you may banish this card from your graveyard to pay for 1 of that cost.)",Attack,Sword,Norm,Warrior,,,,<em>The most simple strategy often is the clearest.</em>,2,,3,
583996,Savage Attack,Savage Attack,https://tcgplayer-cdn.tcgplayer.com/product/583996_200w.jpg,74,23545,https://cpt.tcgcsv.com/XCH6,2024-10-11T04:08:17.513,1,0.01,0.18,0.52,0.16,,Normal,Common,075,"Floating Memory (While paying for a memory cost, you may banish this card from your graveyard to pay for 1 of that cost.)",Attack,Sword,Norm,Warrior,,,,<em>The most simple strategy often is the clearest.</em>,2,,3,
583997,Seal the Past,Seal the Past,https://tcgplayer-cdn.tcgplayer.com/product/583997_200w.jpg,74,23545,https://cpt.tcgcsv.com/ZCH6,2024-10-11T04:08:17.513,1,0.1,0.3,1.4,0.2,,Normal,Rare,076,"Target player banishes three preserved cards from their material deck.<br><br>
<br><br>
Floating Memory (While paying for a memory cost, you may banish this card from your graveyard to pay for 1 of that cost.)",Action,Spell,Norm,Cleric,,,,,,,2,Fast
583997,Seal the Past,Seal the Past,https://tcgplayer-cdn.tcgplayer.com/product/583997_200w.jpg,74,23545,https://cpt.tcgcsv.com/ZCH6,2024-10-11T04:08:17.513,1,1.99,4.88,10.0,,,Foil,Rare,076,"Target player banishes three preserved cards from their material deck.<br><br>
<br><br>
Floating Memory (While paying for a memory cost, you may banish this card from your graveyard to pay for 1 of that cost.)",Action,Spell,Norm,Cleric,,,,,,,2,Fast
583998,Seasoned Archer,Seasoned Archer,https://tcgplayer-cdn.tcgplayer.com/product/583998_200w.jpg,74,23545,https://cpt.tcgcsv.com/-CH6,2024-10-11T04:08:17.513,1,0.49,1.0,5.99,0.94,,Foil,Common,077,"[Class Bonus] Ranged 3 (As long as this unit is distant, its attacks get +3 power. Apply this effect only if your champion's class matches this card's class.)",Ally,Human,Norm,Ranger,,,3,<em>Loyalty exists for those with privilege.</em>,1,,2,
583998,Seasoned Archer,Seasoned Archer,https://tcgplayer-cdn.tcgplayer.com/product/583998_200w.jpg,74,23545,https://cpt.tcgcsv.com/-CH6,2024-10-11T04:08:17.513,1,0.03,0.18,0.52,0.08,,Normal,Common,077,"[Class Bonus] Ranged 3 (As long as this unit is distant, its attacks get +3 power. Apply this effect only if your champion's class matches this card's class.)",Ally,Human,Norm,Ranger,,,3,<em>Loyalty exists for those with privilege.</em>,1,,2,
583999,Shining Marchador,Shining Marchador,https://tcgplayer-cdn.tcgplayer.com/product/583999_200w.jpg,74,23545,https://cpt.tcgcsv.com/_CH6,2024-10-11T04:08:17.513,1,0.29,0.81,4.99,0.62,,Foil,Common,078,"On Enter: You may pay (2). When you do, put a buff counter on target ally you control. (Allies get +1 power and +1 life for each buff counter on them.)",Ally,Animal;Horse,Norm,Tamer,,,2,<em>An extraordinary breed that is known to gather by strong leylines at the base of Qidao Mountain.</em>,1,,2,
583999,Shining Marchador,Shining Marchador,https://tcgplayer-cdn.tcgplayer.com/product/583999_200w.jpg,74,23545,https://cpt.tcgcsv.com/_CH6,2024-10-11T04:08:17.513,1,0.08,0.18,0.52,0.09,,Normal,Common,078,"On Enter: You may pay (2). When you do, put a buff counter on target ally you control. (Allies get +1 power and +1 life for each buff counter on them.)",Ally,Animal;Horse,Norm,Tamer,,,2,<em>An extraordinary breed that is known to gather by strong leylines at the base of Qidao Mountain.</em>,1,,2,
584000,Sidestep,Sidestep,https://tcgplayer-cdn.tcgplayer.com/product/584000_200w.jpg,74,23545,https://cpt.tcgcsv.com/0DH6,2024-10-11T04:08:17.513,1,0.05,0.19,0.75,0.11,,Normal,Uncommon,079,"[Level 2+] This card costs 1 less to activate. (Apply this effect only if your champion is level 2 or higher.)<br><br>
<br><br>
Target ally gains stealth until end of turn. (This unit can't be targeted by attacks unless permitted by true sight.)",Action,Reaction;Skill,Norm,Assassin,,,,,,,2,Fast
584000,Sidestep,Sidestep,https://tcgplayer-cdn.tcgplayer.com/product/584000_200w.jpg,74,23545,https://cpt.tcgcsv.com/0DH6,2024-10-11T04:08:17.513,1,1.35,1.49,20.0,,,Foil,Uncommon,079,"[Level 2+] This card costs 1 less to activate. (Apply this effect only if your champion is level 2 or higher.)<br><br>
<br><br>
Target ally gains stealth until end of turn. (This unit can't be targeted by attacks unless permitted by true sight.)",Action,Reaction;Skill,Norm,Assassin,,,,,,,2,Fast
584001,Skilled Plainsman,Skilled Plainsman,https://tcgplayer-cdn.tcgplayer.com/product/584001_200w.jpg,74,23545,https://cpt.tcgcsv.com/2DH6,2024-10-11T04:08:17.513,1,0.29,1.0,5.0,0.29,,Foil,Uncommon,080,"[Class Bonus] Equestrian — On Enter: If you control a Horse ally, put a buff counter on Skilled Plainsman. (Allies get +1 power and +1 life for each buff counter on them. Apply this effect only if your champion's class matches this card's class.)",Ally,Human,Norm,Warrior,,,2,,2,,3,
584001,Skilled Plainsman,Skilled Plainsman,https://tcgplayer-cdn.tcgplayer.com/product/584001_200w.jpg,74,23545,https://cpt.tcgcsv.com/2DH6,2024-10-11T04:08:17.513,1,0.09,0.2,0.75,0.15,,Normal,Uncommon,080,"[Class Bonus] Equestrian — On Enter: If you control a Horse ally, put a buff counter on Skilled Plainsman. (Allies get +1 power and +1 life for each buff counter on them. Apply this effect only if your champion's class matches this card's class.)",Ally,Human,Norm,Warrior,,,2,,2,,3,
584002,Slice and Dice,Slice and Dice,https://tcgplayer-cdn.tcgplayer.com/product/584002_200w.jpg,74,23545,https://cpt.tcgcsv.com/3DH6,2024-10-11T04:08:17.513,1,0.08,0.2,0.99,0.15,,Normal,Uncommon,081,"Prepare 3<br><br>
<br><br>
On Hit: If Slice and Dice was prepared, you may have the attacker declare an additional attack. If you do, create a copy of Slice and Dice in that attacker's intent except it isn't prepared and it gets +3 power.",Attack,Dagger,Norm,Assassin,,,,,3,,2,
584002,Slice and Dice,Slice and Dice,https://tcgplayer-cdn.tcgplayer.com/product/584002_200w.jpg,74,23545,https://cpt.tcgcsv.com/3DH6,2024-10-11T04:08:17.513,1,9.05,15.37,22.37,9.05,,Foil,Uncommon,081,"Prepare 3<br><br>
<br><br>
On Hit: If Slice and Dice was prepared, you may have the attacker declare an additional attack. If you do, create a copy of Slice and Dice in that attacker's intent except it isn't prepared and it gets +3 power.",Attack,Dagger,Norm,Assassin,,,,,3,,2,
584003,Staggering Strike,Staggering Strike,https://tcgplayer-cdn.tcgplayer.com/product/584003_200w.jpg,74,23545,https://cpt.tcgcsv.com/5DH6,2024-10-11T04:08:17.513,1,8.12,11.75,15.25,8.12,,Foil,Rare,082,"True Sight (This attack can target units with stealth.)<br><br>
<br><br>
On Champion Hit: Remove three preparation counters from the hit champion.",Attack,Sword,Norm,Warrior,,,,<em>Concussive force swung with terrifying ferocity.</em>,3,,3,
584003,Staggering Strike,Staggering Strike,https://tcgplayer-cdn.tcgplayer.com/product/584003_200w.jpg,74,23545,https://cpt.tcgcsv.com/5DH6,2024-10-11T04:08:17.513,1,4.0,6.32,7.99,5.29,,Normal,Rare,082,"True Sight (This attack can target units with stealth.)<br><br>
<br><br>
On Champion Hit: Remove three preparation counters from the hit champion.",Attack,Sword,Norm,Warrior,,,,<em>Concussive force swung with terrifying ferocity.</em>,3,,3,
584004,Stolid Vanguard,Stolid Vanguard,https://tcgplayer-cdn.tcgplayer.com/product/584004_200w.jpg,74,23545,https://cpt.tcgcsv.com/6DH6,2024-10-11T04:08:17.513,1,0.03,0.18,0.52,0.06,,Normal,Common,083,"Equestrian — On Enter: If you control a Horse ally, Stolid Vanguard gets +2 power until end of turn.",Ally,Human,Norm,Warrior,,,2,"<em>In the throes and excitement of war, it can be easy to forget just how much is lost.</em>",1,,2,
584004,Stolid Vanguard,Stolid Vanguard,https://tcgplayer-cdn.tcgplayer.com/product/584004_200w.jpg,74,23545,https://cpt.tcgcsv.com/6DH6,2024-10-11T04:08:17.513,1,0.48,0.95,5.31,0.74,,Foil,Common,083,"Equestrian — On Enter: If you control a Horse ally, Stolid Vanguard gets +2 power until end of turn.",Ally,Human,Norm,Warrior,,,2,"<em>In the throes and excitement of war, it can be easy to forget just how much is lost.</em>",1,,2,
584005,"Sun Quan, Sealbearer",Sun Quan Sealbearer,https://tcgplayer-cdn.tcgplayer.com/product/584005_200w.jpg,74,23545,https://cpt.tcgcsv.com/7DH6,2024-10-11T04:08:17.513,1,2.99,4.51,20.0,5.64,,Foil,Super Rare,084,"[Level 1+] On Enter: Put a buff counter on another target ally you control.<br><br>
<br><br>
[Level 2+] Allies you control with a buff counter on them lose pride.",Ally;Unique,Human,Norm,Warrior;Tamer,,,3,<em>The Wu demands obedience.</em>,2,,4,
584005,"Sun Quan, Sealbearer",Sun Quan Sealbearer,https://tcgplayer-cdn.tcgplayer.com/product/584005_200w.jpg,74,23545,https://cpt.tcgcsv.com/7DH6,2024-10-11T04:08:17.513,1,0.95,1.72,21.98,1.4,,Normal,Super Rare,084,"[Level 1+] On Enter: Put a buff counter on another target ally you control.<br><br>
<br><br>
[Level 2+] Allies you control with a buff counter on them lose pride.",Ally;Unique,Human,Norm,Warrior;Tamer,,,3,<em>The Wu demands obedience.</em>,2,,4,
584006,"Sun Quan, Sealbearer (CSR)",Sun Quan Sealbearer CSR,https://tcgplayer-cdn.tcgplayer.com/product/584006_200w.jpg,74,23545,https://cpt.tcgcsv.com/8DH6,2024-10-23T13:41:58.217,1,109.98,115.0,150.98,109.99,,Foil,Collector Super Rare,084,"[Level 1+] On Enter: Put a buff counter on another target ally you control.<br>
<br>
<br>
<br>
[Level 2+] Allies you control with a buff counter on them lose pride.",Ally;Unique,Human,Norm,Warrior;Tamer,,,3,<em>The Wu demands obedience.</em>,2,,4,
584007,Swerving Spring,Swerving Spring,https://tcgplayer-cdn.tcgplayer.com/product/584007_200w.jpg,74,23545,https://cpt.tcgcsv.com/9DH6,2024-10-11T04:08:17.513,1,0.05,0.2,0.75,0.13,,Normal,Common,085,"Prevent the next 2 damage that would be dealt to target unit this turn.<br><br>
<br><br>
[Class Bonus] Put a preparation counter on your champion. (Apply this effect only if your champion's class matches this card's class.)",Action,Reaction;Skill,Norm,Assassin,,,,,,,2,Fast
584007,Swerving Spring,Swerving Spring,https://tcgplayer-cdn.tcgplayer.com/product/584007_200w.jpg,74,23545,https://cpt.tcgcsv.com/9DH6,2024-10-11T04:08:17.513,1,1.41,2.21,9.98,1.88,,Foil,Common,085,"Prevent the next 2 damage that would be dealt to target unit this turn.<br><br>
<br><br>
[Class Bonus] Put a preparation counter on your champion. (Apply this effect only if your champion's class matches this card's class.)",Action,Reaction;Skill,Norm,Assassin,,,,,,,2,Fast
584008,Trained Sharpshooter,Trained Sharpshooter,https://tcgplayer-cdn.tcgplayer.com/product/584008_200w.jpg,74,23545,https://cpt.tcgcsv.com/bDH6,2024-10-11T04:08:17.513,1,0.49,0.94,5.99,0.94,,Foil,Common,086,"[Class Bonus] Ranged 2 (As long as this unit is distant, its attacks get +2 power. Apply this effect only if your champion's class matches this card's class.)",Ally,Human,Norm,Ranger,,,3,<em>May the western winds guide my arrows!</em>,2,,3,
584008,Trained Sharpshooter,Trained Sharpshooter,https://tcgplayer-cdn.tcgplayer.com/product/584008_200w.jpg,74,23545,https://cpt.tcgcsv.com/bDH6,2024-10-11T04:08:17.513,1,0.01,0.16,0.52,0.09,,Normal,Common,086,"[Class Bonus] Ranged 2 (As long as this unit is distant, its attacks get +2 power. Apply this effect only if your champion's class matches this card's class.)",Ally,Human,Norm,Ranger,,,3,<em>May the western winds guide my arrows!</em>,2,,3,
584009,Tricky Chimps,Tricky Chimps,https://tcgplayer-cdn.tcgplayer.com/product/584009_200w.jpg,74,23545,https://cpt.tcgcsv.com/cDH6,2024-10-11T04:08:17.513,1,0.1,0.2,0.52,0.13,,Normal,Uncommon,087,"[Class Bonus] On Enter: If an opponent controls two or more allies, Tricky Chimps gets +2 power until end of turn.",Ally,Animal;Monkey,Norm,Tamer,,,1,"<em>Known for pickpocketing and pranking travelers, these monkeys may seem like fun, but they are territorial and should not be underestimated.</em>",1,,2,
584009,Tricky Chimps,Tricky Chimps,https://tcgplayer-cdn.tcgplayer.com/product/584009_200w.jpg,74,23545,https://cpt.tcgcsv.com/cDH6,2024-10-11T04:08:17.513,1,0.22,1.45,5.93,0.36,,Foil,Uncommon,087,"[Class Bonus] On Enter: If an opponent controls two or more allies, Tricky Chimps gets +2 power until end of turn.",Ally,Animal;Monkey,Norm,Tamer,,,1,"<em>Known for pickpocketing and pranking travelers, these monkeys may seem like fun, but they are territorial and should not be underestimated.</em>",1,,2,
584010,Unbroken Mustang,Unbroken Mustang,https://tcgplayer-cdn.tcgplayer.com/product/584010_200w.jpg,74,23545,https://cpt.tcgcsv.com/dDH6,2024-10-11T04:08:17.513,1,17.0,18.99,24.59,2.68,,Foil,Common,088,On Enter: Destroy up to one target item or weapon with memory cost 0 or reserve cost 3 or less.,Ally,Animal;Horse,Norm,Tamer,,,2,"<em>A wild, untamed horse is said to have unmatched power and spirit.</em>",1,,4,
584010,Unbroken Mustang,Unbroken Mustang,https://tcgplayer-cdn.tcgplayer.com/product/584010_200w.jpg,74,23545,https://cpt.tcgcsv.com/dDH6,2024-10-11T04:08:17.513,1,0.05,0.2,0.52,0.1,,Normal,Common,088,On Enter: Destroy up to one target item or weapon with memory cost 0 or reserve cost 3 or less.,Ally,Animal;Horse,Norm,Tamer,,,2,"<em>A wild, untamed horse is said to have unmatched power and spirit.</em>",1,,4,
584011,Veteran Soldier,Veteran Soldier,https://tcgplayer-cdn.tcgplayer.com/product/584011_200w.jpg,74,23545,https://cpt.tcgcsv.com/fDH6,2024-10-11T04:08:17.513,1,0.03,0.17,0.52,0.07,,Normal,Common,089,"Floating Memory (While paying for a memory cost, you may banish this card from your graveyard to pay for 1 of that cost.)",Ally,Human,Norm,Warrior,,,3,"<em>The collapse of the reigning dynasty has left a power vacuum, open for any warlord or general to grasp.</em>",2,,5,
584011,Veteran Soldier,Veteran Soldier,https://tcgplayer-cdn.tcgplayer.com/product/584011_200w.jpg,74,23545,https://cpt.tcgcsv.com/fDH6,2024-10-11T04:08:17.513,1,0.78,1.03,2.99,0.88,,Foil,Common,089,"Floating Memory (While paying for a memory cost, you may banish this card from your graveyard to pay for 1 of that cost.)",Ally,Human,Norm,Warrior,,,3,"<em>The collapse of the reigning dynasty has left a power vacuum, open for any warlord or general to grasp.</em>",2,,5,
584012,War Marshal,War Marshal,https://tcgplayer-cdn.tcgplayer.com/product/584012_200w.jpg,74,23545,https://cpt.tcgcsv.com/gDH6,2024-10-11T04:08:17.513,1,0.7,1.97,5.0,1.46,,Foil,Uncommon,090,"[Class Bonus] Steadfast (This ally can retaliate while rested and doesn't rest to do so.)<br><br>
<br><br>
[Class Bonus] Equestrian — As long as you control a Horse ally, War Marshal gets +1 power and +1 life.",Ally,Human,Norm,Guardian,,,3,<em>May the Shenju bless those on the front lines.</em>,2,,4,
584012,War Marshal,War Marshal,https://tcgplayer-cdn.tcgplayer.com/product/584012_200w.jpg,74,23545,https://cpt.tcgcsv.com/gDH6,2024-10-11T04:08:17.513,1,0.1,0.2,0.75,0.12,,Normal,Uncommon,090,"[Class Bonus] Steadfast (This ally can retaliate while rested and doesn't rest to do so.)<br><br>
<br><br>
[Class Bonus] Equestrian — As long as you control a Horse ally, War Marshal gets +1 power and +1 life.",Ally,Human,Norm,Guardian,,,3,<em>May the Shenju bless those on the front lines.</em>,2,,4,
584013,Weaken Resistance,Weaken Resistance,https://tcgplayer-cdn.tcgplayer.com/product/584013_200w.jpg,74,23545,https://cpt.tcgcsv.com/hDH6,2024-10-11T04:08:17.513,1,0.07,0.19,0.99,0.1,,Normal,Uncommon,091,"[Class Bonus] This card costs 1 less to activate.<br><br>
<br><br>
The next time target unit would take damage from a Spell source this turn, it takes that much damage plus LV instead. (LV refers to your champion's level, calculated as this effect resolves.)",Action,Spell,Norm,Mage,,,,,,,4,Slow
584013,Weaken Resistance,Weaken Resistance,https://tcgplayer-cdn.tcgplayer.com/product/584013_200w.jpg,74,23545,https://cpt.tcgcsv.com/hDH6,2024-10-11T04:08:17.513,1,0.85,2.0,8.99,,,Foil,Uncommon,091,"[Class Bonus] This card costs 1 less to activate.<br><br>
<br><br>
The next time target unit would take damage from a Spell source this turn, it takes that much damage plus LV instead. (LV refers to your champion's level, calculated as this effect resolves.)",Action,Spell,Norm,Mage,,,,,,,4,Slow
584014,Weaponsmith,Weaponsmith,https://tcgplayer-cdn.tcgplayer.com/product/584014_200w.jpg,74,23545,https://cpt.tcgcsv.com/jDH6,2024-10-11T04:08:17.513,1,0.65,3.0,9.99,3.0,,Foil,Common,092,"[Class Bonus] At the beginning of your recollection phase, put a durability counter on target weapon you control. (Apply this effect only if your champion's class matches this card's class.)",Ally,Human,Norm,Warrior,,,3,<em>Iron gleams bright amidst the warring kingdoms.</em>,1,,2,
584014,Weaponsmith,Weaponsmith,https://tcgplayer-cdn.tcgplayer.com/product/584014_200w.jpg,74,23545,https://cpt.tcgcsv.com/jDH6,2024-10-11T04:08:17.513,1,0.05,0.19,0.52,0.1,,Normal,Common,092,"[Class Bonus] At the beginning of your recollection phase, put a durability counter on target weapon you control. (Apply this effect only if your champion's class matches this card's class.)",Ally,Human,Norm,Warrior,,,3,<em>Iron gleams bright amidst the warring kingdoms.</em>,1,,2,
584015,Wisdom's Reprise,Wisdoms Reprise,https://tcgplayer-cdn.tcgplayer.com/product/584015_200w.jpg,74,23545,https://cpt.tcgcsv.com/kDH6,2024-10-11T04:08:17.513,1,39.99,39.99,39.99,14.16,,Foil,Common,093,"Glimpse 3. (To glimpse, look at that many cards from the top of your deck. Put those cards back on the top or on the bottom of your deck in any order.)<br><br>
<br><br>
[Level 3+] Draw a card into your memory. (Apply this effect only if your champion is level 3 or higher.)",Action,Spell,Norm,Cleric,,,,,,,1,Fast
584015,Wisdom's Reprise,Wisdoms Reprise,https://tcgplayer-cdn.tcgplayer.com/product/584015_200w.jpg,74,23545,https://cpt.tcgcsv.com/kDH6,2024-10-11T04:08:17.513,1,0.04,0.2,0.75,0.12,,Normal,Common,093,"Glimpse 3. (To glimpse, look at that many cards from the top of your deck. Put those cards back on the top or on the bottom of your deck in any order.)<br><br>
<br><br>
[Level 3+] Draw a card into your memory. (Apply this effect only if your champion is level 3 or higher.)",Action,Spell,Norm,Cleric,,,,,,,1,Fast
584016,Absolving Flames,Absolving Flames,https://tcgplayer-cdn.tcgplayer.com/product/584016_200w.jpg,74,23545,https://cpt.tcgcsv.com/lDH6,2024-10-11T04:08:17.513,1,0.03,0.18,0.52,0.1,,Normal,Common,094,"Draw a card. <br><br>
<br><br>
[Class Bonus] You may banish four fire element cards from your graveyard. If you do, draw a card. (Apply this effect only if your champion's class matches this card's class.)",Action,Spell,Fire,Cleric,,,,,,,3,Fast
584016,Absolving Flames,Absolving Flames,https://tcgplayer-cdn.tcgplayer.com/product/584016_200w.jpg,74,23545,https://cpt.tcgcsv.com/lDH6,2024-10-11T04:08:17.513,1,1.0,2.86,6.99,2.62,,Foil,Common,094,"Draw a card. <br><br>
<br><br>
[Class Bonus] You may banish four fire element cards from your graveyard. If you do, draw a card. (Apply this effect only if your champion's class matches this card's class.)",Action,Spell,Fire,Cleric,,,,,,,3,Fast
584017,Ash Filcher,Ash Filcher,https://tcgplayer-cdn.tcgplayer.com/product/584017_200w.jpg,74,23545,https://cpt.tcgcsv.com/mDH6,2024-10-11T04:08:17.513,1,0.2,1.99,15.0,1.99,,Foil,Uncommon,095,"[Class Bonus] On Attack: You may banish a fire element card from your graveyard. If you do, this attack gets +2 power. (Apply this effect only if your champion's class matches this card's class.)",Ally,Human,Fire,Warrior,,,3,<em>A single blade shining crimson under the moonlight.</em>,1,,3,
584017,Ash Filcher,Ash Filcher,https://tcgplayer-cdn.tcgplayer.com/product/584017_200w.jpg,74,23545,https://cpt.tcgcsv.com/mDH6,2024-10-11T04:08:17.513,1,0.05,0.23,0.75,0.1,,Normal,Uncommon,095,"[Class Bonus] On Attack: You may banish a fire element card from your graveyard. If you do, this attack gets +2 power. (Apply this effect only if your champion's class matches this card's class.)",Ally,Human,Fire,Warrior,,,3,<em>A single blade shining crimson under the moonlight.</em>,1,,3,
584018,Blazing Lunge,Blazing Lunge,https://tcgplayer-cdn.tcgplayer.com/product/584018_200w.jpg,74,23545,https://cpt.tcgcsv.com/nDH6,2024-10-11T04:08:17.513,1,0.6,1.44,4.99,1.09,,Normal,Rare,096,"[Class Bonus] Banish two fire element cards from your graveyard: Blazing Lunge gains ""Combat damage dealt by this attack is unpreventable."" (Activate this ability only while this card is in an intent.)",Attack,Polearm,Fire,Warrior,,,,<em>A fearsome strike that melts away armor.</em>,4,,3,
584018,Blazing Lunge,Blazing Lunge,https://tcgplayer-cdn.tcgplayer.com/product/584018_200w.jpg,74,23545,https://cpt.tcgcsv.com/nDH6,2024-10-11T04:08:17.513,1,1.98,6.24,8.99,3.6,,Foil,Rare,096,"[Class Bonus] Banish two fire element cards from your graveyard: Blazing Lunge gains ""Combat damage dealt by this attack is unpreventable."" (Activate this ability only while this card is in an intent.)",Attack,Polearm,Fire,Warrior,,,,<em>A fearsome strike that melts away armor.</em>,4,,3,
584019,Clumsy Apprentice,Clumsy Apprentice,https://tcgplayer-cdn.tcgplayer.com/product/584019_200w.jpg,74,23545,https://cpt.tcgcsv.com/pDH6,2024-10-11T04:08:17.513,1,4.0,7.99,17.99,6.33,,Foil,Uncommon,097,On Enter: Deal 2 damage to your champion. Draw a card.,Ally,Human,Fire,Mage,,,1,<em>An eligible trainee from the Imperial Examination. Even the lowest score qualifies all the same.</em>,1,,2,
584019,Clumsy Apprentice,Clumsy Apprentice,https://tcgplayer-cdn.tcgplayer.com/product/584019_200w.jpg,74,23545,https://cpt.tcgcsv.com/pDH6,2024-10-11T04:08:17.513,1,0.08,0.25,0.75,0.19,,Normal,Uncommon,097,On Enter: Deal 2 damage to your champion. Draw a card.,Ally,Human,Fire,Mage,,,1,<em>An eligible trainee from the Imperial Examination. Even the lowest score qualifies all the same.</em>,1,,2,
584020,Creative Shock,Creative Shock,https://tcgplayer-cdn.tcgplayer.com/product/584020_200w.jpg,74,23545,https://cpt.tcgcsv.com/qDH6,2024-10-11T04:08:17.513,1,0.15,0.25,1.0,0.25,,Normal,Common,098,"Draw two cards, then discard a card. Class Bonus: If a fire element card was discarded, you may choose a unit and deal 2 damage to it. (Apply the additional effect only if your champion's class matches this card's class.)",Action,Spell,Fire,Mage,,,,<em>Let me show you my true power.</em>,,,3,Fast
584020,Creative Shock,Creative Shock,https://tcgplayer-cdn.tcgplayer.com/product/584020_200w.jpg,74,23545,https://cpt.tcgcsv.com/qDH6,2024-10-11T04:08:17.513,1,7.81,11.99,19.88,7.81,,Foil,Common,098,"Draw two cards, then discard a card. Class Bonus: If a fire element card was discarded, you may choose a unit and deal 2 damage to it. (Apply the additional effect only if your champion's class matches this card's class.)",Action,Spell,Fire,Mage,,,,<em>Let me show you my true power.</em>,,,3,Fast
584021,Fang of Dragon's Breath,Fang of Dragons Breath,https://tcgplayer-cdn.tcgplayer.com/product/584021_200w.jpg,74,23545,https://cpt.tcgcsv.com/rDH6,2024-10-11T04:08:17.513,1,2.97,4.99,24.99,3.57,,Foil,Rare,099,"Polearm Weapon Link (This object enters the field linked to target Polearm weapon. If the link is broken, sacrifice this object.)<br><br>
<br><br>
Linked weapon gets +2 power.<br><br>
<br><br>
[Jin Bonus] Linked object has ""[REST], Remove a durability counter from this object: Deal 2 damage to target unit.""",Phantasia,Spell,Fire,Warrior,,,,,,,1,
584021,Fang of Dragon's Breath,Fang of Dragons Breath,https://tcgplayer-cdn.tcgplayer.com/product/584021_200w.jpg,74,23545,https://cpt.tcgcsv.com/rDH6,2024-10-11T04:08:17.513,1,0.2,0.43,1.49,0.35,,Normal,Rare,099,"Polearm Weapon Link (This object enters the field linked to target Polearm weapon. If the link is broken, sacrifice this object.)<br><br>
<br><br>
Linked weapon gets +2 power.<br><br>
<br><br>
[Jin Bonus] Linked object has ""[REST], Remove a durability counter from this object: Deal 2 damage to target unit.""",Phantasia,Spell,Fire,Warrior,,,,,,,1,
584022,Fiery Swing,Fiery Swing,https://tcgplayer-cdn.tcgplayer.com/product/584022_200w.jpg,74,23545,https://cpt.tcgcsv.com/sDH6,2024-10-11T04:08:17.513,1,0.09,0.25,0.99,0.12,,Normal,Uncommon,100,"[Class Bonus] On Attack: You may banish up to six fire element cards from your graveyard. For each card banished this way, Fiery Swing gets +1 power. (Apply this effect only if your champion's class matches this card's class.)",Attack,Polearm,Fire,Guardian,,,,"<em>To end the sacrifices, we must end the war.</em>",6,,6,
584022,Fiery Swing,Fiery Swing,https://tcgplayer-cdn.tcgplayer.com/product/584022_200w.jpg,74,23545,https://cpt.tcgcsv.com/sDH6,2024-10-11T04:08:17.513,1,1.5,2.46,10.0,2.34,,Foil,Uncommon,100,"[Class Bonus] On Attack: You may banish up to six fire element cards from your graveyard. For each card banished this way, Fiery Swing gets +1 power. (Apply this effect only if your champion's class matches this card's class.)",Attack,Polearm,Fire,Guardian,,,,"<em>To end the sacrifices, we must end the war.</em>",6,,6,
584023,Fireball,Fireball,https://tcgplayer-cdn.tcgplayer.com/product/584023_200w.jpg,74,23545,https://cpt.tcgcsv.com/tDH6,2024-10-11T04:08:17.513,1,0.07,0.18,0.52,0.14,,Normal,Common,101,"[Class Bonus] This card costs 2 less to activate. (Apply this effect only if your champion's class matches this card's class.)<br><br>
Deal 1+LV damage to target unit. (LV refers to your champion's level.)",Action,Spell,Fire,Mage,,,,,,,4,Fast
584023,Fireball,Fireball,https://tcgplayer-cdn.tcgplayer.com/product/584023_200w.jpg,74,23545,https://cpt.tcgcsv.com/tDH6,2024-10-11T04:08:17.513,1,3.0,4.99,10.0,4.74,,Foil,Common,101,"[Class Bonus] This card costs 2 less to activate. (Apply this effect only if your champion's class matches this card's class.)<br><br>
Deal 1+LV damage to target unit. (LV refers to your champion's level.)",Action,Spell,Fire,Mage,,,,,,,4,Fast
584024,Flame-Rune Swordsman,Flame Rune Swordsman,https://tcgplayer-cdn.tcgplayer.com/product/584024_200w.jpg,74,23545,https://cpt.tcgcsv.com/vDH6,2024-10-11T04:08:17.513,1,2.75,4.78,10.0,3.06,,Foil,Common,102,"[Class Bonus] Floating Memory (While paying for a memory cost, you may banish this card from your graveyard to pay for 1 of that cost.)",Ally,Human,Fire,Warrior,,,2,<em>A phoenix's will. A dragon's claws.</em>,2,,3,
584024,Flame-Rune Swordsman,Flame Rune Swordsman,https://tcgplayer-cdn.tcgplayer.com/product/584024_200w.jpg,74,23545,https://cpt.tcgcsv.com/vDH6,2024-10-11T04:08:17.513,1,0.08,0.2,0.52,0.11,,Normal,Common,102,"[Class Bonus] Floating Memory (While paying for a memory cost, you may banish this card from your graveyard to pay for 1 of that cost.)",Ally,Human,Fire,Warrior,,,2,<em>A phoenix's will. A dragon's claws.</em>,2,,3,
584025,Flamewing Fowl,Flamewing Fowl,https://tcgplayer-cdn.tcgplayer.com/product/584025_200w.jpg,74,23545,https://cpt.tcgcsv.com/wDH6,2024-10-11T04:08:17.513,1,0.03,0.18,0.52,0.11,,Normal,Common,103,"[Class Bonus] As long as Flamewing Fowl is attacking a champion, it gets +1 power. (Apply this effect only if your champion's class matches this card's class.)",Ally,Animal;Bird,Fire,Tamer,,,1,<em>A majestic bird that is often mistaken for the legendary phoenix by foreigners.</em>,3,,3,
584025,Flamewing Fowl,Flamewing Fowl,https://tcgplayer-cdn.tcgplayer.com/product/584025_200w.jpg,74,23545,https://cpt.tcgcsv.com/wDH6,2024-10-11T04:08:17.513,1,1.74,1.94,9.99,1.73,,Foil,Common,103,"[Class Bonus] As long as Flamewing Fowl is attacking a champion, it gets +1 power. (Apply this effect only if your champion's class matches this card's class.)",Ally,Animal;Bird,Fire,Tamer,,,1,<em>A majestic bird that is often mistaken for the legendary phoenix by foreigners.</em>,3,,3,
584026,Flashfire Horse,Flashfire Horse,https://tcgplayer-cdn.tcgplayer.com/product/584026_200w.jpg,74,23545,https://cpt.tcgcsv.com/xDH6,2024-10-11T04:08:17.513,1,0.85,1.75,5.0,2.12,,Foil,Uncommon,104,Fast Activation (You may activate this card at fast speed.),Ally,Animal;Horse,Fire,Tamer,,,2,"<em>Hailing from southern Sanguo, this breed is famous for its flaming mane and incredible speed.</em>",2,,3,
584026,Flashfire Horse,Flashfire Horse,https://tcgplayer-cdn.tcgplayer.com/product/584026_200w.jpg,74,23545,https://cpt.tcgcsv.com/xDH6,2024-10-11T04:08:17.513,1,0.12,0.25,0.99,0.16,,Normal,Uncommon,104,Fast Activation (You may activate this card at fast speed.),Ally,Animal;Horse,Fire,Tamer,,,2,"<em>Hailing from southern Sanguo, this breed is famous for its flaming mane and incredible speed.</em>",2,,3,
584027,Fractal of Sparks,Fractal of Sparks,https://tcgplayer-cdn.tcgplayer.com/product/584027_200w.jpg,74,23545,https://cpt.tcgcsv.com/zDH6,2024-10-11T04:08:17.513,1,0.07,0.25,0.75,0.15,,Normal,Uncommon,105,"Reservable (While paying for a reserve cost, you may rest this object to pay for 1 of that cost.)<br><br>
<br><br>
[Class Bonus] [REST]: Deal 1 damage to target champion. (Activate this ability only if your champion's class matches this card's class.)",Phantasia,Fractal,Fire,Cleric,,,,,,,2,
584027,Fractal of Sparks,Fractal of Sparks,https://tcgplayer-cdn.tcgplayer.com/product/584027_200w.jpg,74,23545,https://cpt.tcgcsv.com/zDH6,2024-10-11T04:08:17.513,1,3.01,7.99,9.48,5.53,,Foil,Uncommon,105,"Reservable (While paying for a reserve cost, you may rest this object to pay for 1 of that cost.)<br><br>
<br><br>
[Class Bonus] [REST]: Deal 1 damage to target champion. (Activate this ability only if your champion's class matches this card's class.)",Phantasia,Fractal,Fire,Cleric,,,,,,,2,
584028,Hasty Messenger,Hasty Messenger,https://tcgplayer-cdn.tcgplayer.com/product/584028_200w.jpg,74,23545,https://cpt.tcgcsv.com/BDH6,2024-10-11T04:08:17.513,1,3.95,13.25,16.99,5.62,,Foil,Uncommon,106,"On Attack: You may discard a card. If you do, draw a card.",Ally,Human,Fire,Warrior,,,2,<em>The emperor is dead! The throne sits empty!</em>,1,,2,
584028,Hasty Messenger,Hasty Messenger,https://tcgplayer-cdn.tcgplayer.com/product/584028_200w.jpg,74,23545,https://cpt.tcgcsv.com/BDH6,2024-10-11T04:08:17.513,1,0.25,0.39,1.5,0.37,,Normal,Uncommon,106,"On Attack: You may discard a card. If you do, draw a card.",Ally,Human,Fire,Warrior,,,2,<em>The emperor is dead! The throne sits empty!</em>,1,,2,
584029,Heated Vengeance,Heated Vengeance,https://tcgplayer-cdn.tcgplayer.com/product/584029_200w.jpg,74,23545,https://cpt.tcgcsv.com/CDH6,2024-10-11T04:08:17.513,1,7.0,8.74,14.99,8.17,,Normal,Rare,107,"As long as your champion has taken damage this turn, Heated Vengeance gets +3 power.<br><br>
<br><br>
[Class Bonus] On Attack: You may have Heated Vengeance deal 3 damage to your champion.",Attack,Polearm,Fire,Warrior,,,,<em>I dare anyone to try and lay a hand on Diao Chan.</em>,2,,3,
584029,Heated Vengeance,Heated Vengeance,https://tcgplayer-cdn.tcgplayer.com/product/584029_200w.jpg,74,23545,https://cpt.tcgcsv.com/CDH6,2024-10-11T04:08:17.513,1,29.99,29.99,45.0,23.94,,Foil,Rare,107,"As long as your champion has taken damage this turn, Heated Vengeance gets +3 power.<br><br>
<br><br>
[Class Bonus] On Attack: You may have Heated Vengeance deal 3 damage to your champion.",Attack,Polearm,Fire,Warrior,,,,<em>I dare anyone to try and lay a hand on Diao Chan.</em>,2,,3,
584030,"Hulao Gate, Sun's Ascent",Hulao Gate Suns Ascent,https://tcgplayer-cdn.tcgplayer.com/product/584030_200w.jpg,74,23545,https://cpt.tcgcsv.com/DDH6,2024-10-11T04:08:17.513,1,2.0,9.29,20.0,3.01,,Foil,Super Rare,108,"Whenever a unit declares an attack, deal 2 damage to it.<br><br>
<br><br>
Upkeep — At the beginning of your recollection phase, you may banish a fire element card from your graveyard. If you don't, sacrifice Hulao Gate.",Domain;Unique,Crossroads,Fire,Warrior,,,,,,,3,
584030,"Hulao Gate, Sun's Ascent",Hulao Gate Suns Ascent,https://tcgplayer-cdn.tcgplayer.com/product/584030_200w.jpg,74,23545,https://cpt.tcgcsv.com/DDH6,2024-10-11T04:08:17.513,1,0.3,0.72,14.0,0.5,,Normal,Super Rare,108,"Whenever a unit declares an attack, deal 2 damage to it.<br><br>
<br><br>
Upkeep — At the beginning of your recollection phase, you may banish a fire element card from your graveyard. If you don't, sacrifice Hulao Gate.",Domain;Unique,Crossroads,Fire,Warrior,,,,,,,3,
584031,Ignite Fate,Ignite Fate,https://tcgplayer-cdn.tcgplayer.com/product/584031_200w.jpg,74,23545,https://cpt.tcgcsv.com/FDH6,2024-10-11T04:08:17.513,1,3.0,6.01,19.99,5.18,,Foil,Uncommon,109,"Deal 2 damage to each champion. <br><br>
<br><br>
Floating Memory (While paying for a memory cost, you may banish this card from your graveyard to pay for 1 of that cost.)",Action,Spell,Fire,Mage,,,,<em>The clash of two sisters that would alter fate.</em>,,,3,Slow
584031,Ignite Fate,Ignite Fate,https://tcgplayer-cdn.tcgplayer.com/product/584031_200w.jpg,74,23545,https://cpt.tcgcsv.com/FDH6,2024-10-11T04:08:17.513,1,0.19,0.3,0.99,0.3,,Normal,Uncommon,109,"Deal 2 damage to each champion. <br><br>
<br><br>
Floating Memory (While paying for a memory cost, you may banish this card from your graveyard to pay for 1 of that cost.)",Action,Spell,Fire,Mage,,,,<em>The clash of two sisters that would alter fate.</em>,,,3,Slow
584032,Indiscriminate Gyre,Indiscriminate Gyre,https://tcgplayer-cdn.tcgplayer.com/product/584032_200w.jpg,74,23545,https://cpt.tcgcsv.com/GDH6,2024-10-11T04:08:17.513,1,0.1,0.41,2.0,0.24,,Normal,Rare,110,[Class Bonus] On Attack: Deal 2 damage to all allies. (Apply this effect only if your champion's class matches this card's class.),Attack,Polearm,Fire,Warrior,,,,<em>It can be hard to distinguish between friend and foe when the heat of battle boils over.</em>,3,,4,
584032,Indiscriminate Gyre,Indiscriminate Gyre,https://tcgplayer-cdn.tcgplayer.com/product/584032_200w.jpg,74,23545,https://cpt.tcgcsv.com/GDH6,2024-10-11T04:08:17.513,1,0.48,4.99,15.0,6.99,,Foil,Rare,110,[Class Bonus] On Attack: Deal 2 damage to all allies. (Apply this effect only if your champion's class matches this card's class.),Attack,Polearm,Fire,Warrior,,,,<em>It can be hard to distinguish between friend and foe when the heat of battle boils over.</em>,3,,4,
584033,Lavasoul Tiger,Lavasoul Tiger,https://tcgplayer-cdn.tcgplayer.com/product/584033_200w.jpg,74,23545,https://cpt.tcgcsv.com/HDH6,2024-10-11T04:08:17.513,1,4.75,5.25,10.0,5.08,,Foil,Uncommon,111,"Pride 3 (This ally won't obey you unless your champion is level 3 or higher. You can't attack with, intercept with, or activate abilities of allies that don't obey you.)<br><br>
<br><br>
[Class Bonus] On Enter: You may banish two fire element cards from your graveyard. If you do, Lavasoul Tiger loses pride until end of turn.",Ally,Beast;Tiger,Fire,Tamer,,,5,,5,,4,
584033,Lavasoul Tiger,Lavasoul Tiger,https://tcgplayer-cdn.tcgplayer.com/product/584033_200w.jpg,74,23545,https://cpt.tcgcsv.com/HDH6,2024-10-11T04:08:17.513,1,0.19,0.25,0.75,0.25,,Normal,Uncommon,111,"Pride 3 (This ally won't obey you unless your champion is level 3 or higher. You can't attack with, intercept with, or activate abilities of allies that don't obey you.)<br><br>
<br><br>
[Class Bonus] On Enter: You may banish two fire element cards from your graveyard. If you do, Lavasoul Tiger loses pride until end of turn.",Ally,Beast;Tiger,Fire,Tamer,,,5,,5,,4,
584034,Molten Arrow,Molten Arrow,https://tcgplayer-cdn.tcgplayer.com/product/584034_200w.jpg,74,23545,https://cpt.tcgcsv.com/JDH6,2024-10-11T04:08:17.513,1,0.08,0.2,0.75,0.16,,Normal,Uncommon,112,"[REST]: Load Molten Arrow into target unloaded Bow weapon you control. <br><br>
<br><br>
Banish three other fire element cards from your graveyard: Load the card from your graveyard into target unloaded Bow weapon you control.",Item,Arrow,Fire,Ranger,,,,,3,,3,
584034,Molten Arrow,Molten Arrow,https://tcgplayer-cdn.tcgplayer.com/product/584034_200w.jpg,74,23545,https://cpt.tcgcsv.com/JDH6,2024-10-11T04:08:17.513,1,1.97,2.2,8.99,1.98,,Foil,Uncommon,112,"[REST]: Load Molten Arrow into target unloaded Bow weapon you control. <br><br>
<br><br>
Banish three other fire element cards from your graveyard: Load the card from your graveyard into target unloaded Bow weapon you control.",Item,Arrow,Fire,Ranger,,,,,3,,3,
584035,Oppressive Presence,Oppressive Presence,https://tcgplayer-cdn.tcgplayer.com/product/584035_200w.jpg,74,23545,https://cpt.tcgcsv.com/KDH6,2024-10-11T04:08:17.513,1,2.48,2.49,19.99,4.09,,Foil,Rare,113,"Activate this card only during an opponent's recollection phase. <br><br>
<br><br>
Until end of turn, players can't declare attacks with allies unless they pay (X) for each attack declaration, where X is the highest power among fire element allies you control.",Action,Skill,Fire,Warrior,,,,,,,2,Fast
584035,Oppressive Presence,Oppressive Presence,https://tcgplayer-cdn.tcgplayer.com/product/584035_200w.jpg,74,23545,https://cpt.tcgcsv.com/KDH6,2024-10-11T04:08:17.513,1,0.25,0.77,2.47,0.54,,Normal,Rare,113,"Activate this card only during an opponent's recollection phase. <br><br>
<br><br>
Until end of turn, players can't declare attacks with allies unless they pay (X) for each attack declaration, where X is the highest power among fire element allies you control.",Action,Skill,Fire,Warrior,,,,,,,2,Fast
584036,Planted Explosive,Planted Explosive,https://tcgplayer-cdn.tcgplayer.com/product/584036_200w.jpg,74,23545,https://cpt.tcgcsv.com/LDH6,2024-10-11T04:08:17.513,1,0.08,0.18,0.52,0.14,,Normal,Common,114,"Prepare 1 (You may remove a preparation counter from your champion as you activate this card.)<br><br>
Deal 2 damage to target unit. If Planted Explosive was prepared, deal 4 damage to that unit instead.",Action,Skill,Fire,Assassin,,,,<em>Fight fire with fire.</em>,,,2,Fast
584036,Planted Explosive,Planted Explosive,https://tcgplayer-cdn.tcgplayer.com/product/584036_200w.jpg,74,23545,https://cpt.tcgcsv.com/LDH6,2024-10-11T04:08:17.513,1,3.49,4.31,5.0,3.49,,Foil,Common,114,"Prepare 1 (You may remove a preparation counter from your champion as you activate this card.)<br><br>
Deal 2 damage to target unit. If Planted Explosive was prepared, deal 4 damage to that unit instead.",Action,Skill,Fire,Assassin,,,,<em>Fight fire with fire.</em>,,,2,Fast
584037,Pupil of Sacred Flames,Pupil of Sacred Flames,https://tcgplayer-cdn.tcgplayer.com/product/584037_200w.jpg,74,23545,https://cpt.tcgcsv.com/MDH6,2024-10-11T04:08:17.513,1,4.71,9.49,25.0,9.49,,Foil,Super Rare,115,"[Class Bonus] On Attack: You may banish a fire element card from your graveyard. If you do, empower 2.<br><br>
<br><br>
[Kongming Bonus] On Death: If your Shifting Currents face East, each player draws a card and then you may change the direction of your Shifting Currents to a different direction of your choice.",Ally,Human,Fire,Mage,,,2,,2,,3,
584037,Pupil of Sacred Flames,Pupil of Sacred Flames,https://tcgplayer-cdn.tcgplayer.com/product/584037_200w.jpg,74,23545,https://cpt.tcgcsv.com/MDH6,2024-10-11T04:08:17.513,1,0.4,0.99,19.99,0.61,,Normal,Super Rare,115,"[Class Bonus] On Attack: You may banish a fire element card from your graveyard. If you do, empower 2.<br><br>
<br><br>
[Kongming Bonus] On Death: If your Shifting Currents face East, each player draws a card and then you may change the direction of your Shifting Currents to a different direction of your choice.",Ally,Human,Fire,Mage,,,2,,2,,3,
584038,Relic of Dancing Embers,Relic of Dancing Embers,https://tcgplayer-cdn.tcgplayer.com/product/584038_200w.jpg,74,23545,https://cpt.tcgcsv.com/NDH6,2024-10-11T04:08:17.513,1,1.24,1.63,3.75,1.5,,Normal,Rare,116,"Hindered (This object entered the field rested.)<br><br>
<br><br>
Whenever a fire element ally you control deals combat damage to a champion while Relic of Dancing Embers is awake, you may sacrifice Relic of Dancing Embers. If you do, deal 3 damage to that champion.<br><br>
<br><br>
[Class Bonus] Floating Memory",Phantasia,Artifact,Fire,Tamer,,,,,,,2,
584038,Relic of Dancing Embers,Relic of Dancing Embers,https://tcgplayer-cdn.tcgplayer.com/product/584038_200w.jpg,74,23545,https://cpt.tcgcsv.com/NDH6,2024-10-11T04:08:17.513,1,3.69,4.95,7.5,3.85,,Foil,Rare,116,"Hindered (This object entered the field rested.)<br><br>
<br><br>
Whenever a fire element ally you control deals combat damage to a champion while Relic of Dancing Embers is awake, you may sacrifice Relic of Dancing Embers. If you do, deal 3 damage to that champion.<br><br>
<br><br>
[Class Bonus] Floating Memory",Phantasia,Artifact,Fire,Tamer,,,,,,,2,
584039,Ritai Guard,Ritai Guard,https://tcgplayer-cdn.tcgplayer.com/product/584039_200w.jpg,74,23545,https://cpt.tcgcsv.com/PDH6,2024-10-11T04:08:17.513,1,0.07,0.2,0.75,0.11,,Normal,Uncommon,117,"[Class Bonus] Equestrian — As long as you control a Horse ally, Ritai Guard has taunt and vigor. (While awake, this ally with taunt must be targeted before other units you control during your opponent's attack declarations if able. This ally with vigor wakes up at the beginning of your end phase.)",Ally,Human,Fire,Guardian,,,4,,2,,4,
584039,Ritai Guard,Ritai Guard,https://tcgplayer-cdn.tcgplayer.com/product/584039_200w.jpg,74,23545,https://cpt.tcgcsv.com/PDH6,2024-10-11T04:08:17.513,1,0.9,1.45,6.0,0.98,,Foil,Uncommon,117,"[Class Bonus] Equestrian — As long as you control a Horse ally, Ritai Guard has taunt and vigor. (While awake, this ally with taunt must be targeted before other units you control during your opponent's attack declarations if able. This ally with vigor wakes up at the beginning of your end phase.)",Ally,Human,Fire,Guardian,,,4,,2,,4,
584040,Scorchfire Assassin,Scorchfire Assassin,https://tcgplayer-cdn.tcgplayer.com/product/584040_200w.jpg,74,23545,https://cpt.tcgcsv.com/QDH6,2024-10-11T04:08:17.513,1,1.75,1.99,5.0,1.99,,Foil,Uncommon,118,"[Class Bonus] On Attack: You may remove up to three preparation counters from your champion. For each counter removed this way, this attack gets +2 power. (Apply this effect only if your champion's class matches this card's class.)",Ally,Human,Fire,Assassin,,,3,"<em>Practiced restraint, explosive fury.</em>",1,,3,
584040,Scorchfire Assassin,Scorchfire Assassin,https://tcgplayer-cdn.tcgplayer.com/product/584040_200w.jpg,74,23545,https://cpt.tcgcsv.com/QDH6,2024-10-11T04:08:17.513,1,0.12,0.25,0.75,0.2,,Normal,Uncommon,118,"[Class Bonus] On Attack: You may remove up to three preparation counters from your champion. For each counter removed this way, this attack gets +2 power. (Apply this effect only if your champion's class matches this card's class.)",Ally,Human,Fire,Assassin,,,3,"<em>Practiced restraint, explosive fury.</em>",1,,3,
584041,Scorching Strafe,Scorching Strafe,https://tcgplayer-cdn.tcgplayer.com/product/584041_200w.jpg,74,23545,https://cpt.tcgcsv.com/RDH6,2024-10-11T04:08:17.513,1,0.05,0.18,0.52,0.09,,Normal,Common,119,"[Class Bonus] This card costs 2 less to activate.<br><br>
<br><br>
Target ally gets +2 power until end of turn and becomes distant. (Units stay distant until the end of their controller's turn.)",Action,Skill,Fire,Ranger,,,,<em>Spread like wildfire.</em>,,,4,Slow
584041,Scorching Strafe,Scorching Strafe,https://tcgplayer-cdn.tcgplayer.com/product/584041_200w.jpg,74,23545,https://cpt.tcgcsv.com/RDH6,2024-10-11T04:08:17.513,1,0.75,0.99,5.0,0.79,,Foil,Common,119,"[Class Bonus] This card costs 2 less to activate.<br><br>
<br><br>
Target ally gets +2 power until end of turn and becomes distant. (Units stay distant until the end of their controller's turn.)",Action,Skill,Fire,Ranger,,,,<em>Spread like wildfire.</em>,,,4,Slow
584042,Set Ablaze,Set Ablaze,https://tcgplayer-cdn.tcgplayer.com/product/584042_200w.jpg,74,23545,https://cpt.tcgcsv.com/SDH6,2024-10-11T04:08:17.513,1,2.98,3.0,10.98,4.37,,Foil,Rare,120,"Deal 4 damage to target ally. <br><br>
<br><br>
[Class Bonus] [Level 3+] Deal 3 damage to each champion controlled by the same player as that ally.",Action,Spell,Fire,Mage,,,,<em>The Imperial Academy never taught me this.</em>,,,2,Slow
584042,Set Ablaze,Set Ablaze,https://tcgplayer-cdn.tcgplayer.com/product/584042_200w.jpg,74,23545,https://cpt.tcgcsv.com/SDH6,2024-10-11T04:08:17.513,1,0.49,0.76,2.0,0.76,,Normal,Rare,120,"Deal 4 damage to target ally. <br><br>
<br><br>
[Class Bonus] [Level 3+] Deal 3 damage to each champion controlled by the same player as that ally.",Action,Spell,Fire,Mage,,,,<em>The Imperial Academy never taught me this.</em>,,,2,Slow
584043,Solar Pinnacle,Solar Pinnacle,https://tcgplayer-cdn.tcgplayer.com/product/584043_200w.jpg,74,23545,https://cpt.tcgcsv.com/TDH6,2024-10-11T04:08:17.513,1,0.23,0.49,1.52,0.46,,Normal,Rare,121,"As long as your Shifting Currents face North, this card has fast activation. (You may activate this card at fast speed.)<br><br>
<br><br>
Deal 2 damage to target unit. Empower 2. (The next Spell card you activate this turn activates and resolves as if your champion got +2 level.)",Action,Spell,Fire,Mage,,,,,,,2,Slow
584043,Solar Pinnacle,Solar Pinnacle,https://tcgplayer-cdn.tcgplayer.com/product/584043_200w.jpg,74,23545,https://cpt.tcgcsv.com/TDH6,2024-10-11T04:08:17.513,1,0.99,2.0,17.95,12.72,,Foil,Rare,121,"As long as your Shifting Currents face North, this card has fast activation. (You may activate this card at fast speed.)<br><br>
<br><br>
Deal 2 damage to target unit. Empower 2. (The next Spell card you activate this turn activates and resolves as if your champion got +2 level.)",Action,Spell,Fire,Mage,,,,,,,2,Slow
584044,Sword Saint of Everflame,Sword Saint of Everflame,https://tcgplayer-cdn.tcgplayer.com/product/584044_200w.jpg,74,23545,https://cpt.tcgcsv.com/VDH6,2024-10-11T04:08:17.513,1,29.35,29.35,29.35,12.78,,Foil,Super Rare,122,"[Class Bonus] (2), Banish this card from your graveyard: Target fire element weapon or ally gets +2 power until end of turn.",Ally,Human,Fire,Warrior,,,2,"<em>Though my kindling may one day burn up, the flame of my sword will pass on.</em>",3,,4,
584044,Sword Saint of Everflame,Sword Saint of Everflame,https://tcgplayer-cdn.tcgplayer.com/product/584044_200w.jpg,74,23545,https://cpt.tcgcsv.com/VDH6,2024-10-11T04:08:17.513,1,2.5,4.99,23.0,2.88,,Normal,Super Rare,122,"[Class Bonus] (2), Banish this card from your graveyard: Target fire element weapon or ally gets +2 power until end of turn.",Ally,Human,Fire,Warrior,,,2,"<em>Though my kindling may one day burn up, the flame of my sword will pass on.</em>",3,,4,
584045,Temper in Flames,Temper in Flames,https://tcgplayer-cdn.tcgplayer.com/product/584045_200w.jpg,74,23545,https://cpt.tcgcsv.com/WDH6,2024-10-11T04:08:17.513,1,0.08,0.18,0.75,0.12,,Normal,Common,123,Target weapon gets +1 power until end of turn. Put a durability counter on it.,Action,Craft;Skill,Fire,Warrior,,,,<em>A weapon grows stronger when tempered in the fiery passions of its bearer.</em>,,,1,Slow
584045,Temper in Flames,Temper in Flames,https://tcgplayer-cdn.tcgplayer.com/product/584045_200w.jpg,74,23545,https://cpt.tcgcsv.com/WDH6,2024-10-11T04:08:17.513,1,0.49,1.13,9.99,1.16,,Foil,Common,123,Target weapon gets +1 power until end of turn. Put a durability counter on it.,Action,Craft;Skill,Fire,Warrior,,,,<em>A weapon grows stronger when tempered in the fiery passions of its bearer.</em>,,,1,Slow
584046,Thunderclap,Thunderclap,https://tcgplayer-cdn.tcgplayer.com/product/584046_200w.jpg,74,23545,https://cpt.tcgcsv.com/XDH6,2024-10-11T04:08:17.513,1,3.7,4.98,10.67,5.34,,Foil,Common,124,"[Level 3+] This card costs 2 less to activate. (Apply this effect only if your champion is level 3 or higher.)<br><br>
<br><br>
Deal 4 damage to target ally.",Action,Spell,Fire,Mage,,,,<em>Don't underestimate the thunder when there is no rain.</em>,,,4,Fast
584046,Thunderclap,Thunderclap,https://tcgplayer-cdn.tcgplayer.com/product/584046_200w.jpg,74,23545,https://cpt.tcgcsv.com/XDH6,2024-10-11T04:08:17.513,1,0.07,0.2,0.52,0.11,,Normal,Common,124,"[Level 3+] This card costs 2 less to activate. (Apply this effect only if your champion is level 3 or higher.)<br><br>
<br><br>
Deal 4 damage to target ally.",Action,Spell,Fire,Mage,,,,<em>Don't underestimate the thunder when there is no rain.</em>,,,4,Fast
584047,Wandering Glaivier,Wandering Glaivier,https://tcgplayer-cdn.tcgplayer.com/product/584047_200w.jpg,74,23545,https://cpt.tcgcsv.com/ZDH6,2024-10-11T04:08:17.513,1,0.01,0.18,0.52,0.14,,Normal,Common,125,On Death: Each player draws a card.,Ally,Human,Fire,Warrior,,,1,"<em>
In the midst of chaos, there is also opportunity.</em>",2,,3,
584047,Wandering Glaivier,Wandering Glaivier,https://tcgplayer-cdn.tcgplayer.com/product/584047_200w.jpg,74,23545,https://cpt.tcgcsv.com/ZDH6,2024-10-11T04:08:17.513,1,0.48,1.0,5.0,,,Foil,Common,125,On Death: Each player draws a card.,Ally,Human,Fire,Warrior,,,1,"<em>
In the midst of chaos, there is also opportunity.</em>",2,,3,
584048,"Xiao Qiao, Cinderkeeper",Xiao Qiao Cinderkeeper,https://tcgplayer-cdn.tcgplayer.com/product/584048_200w.jpg,74,23545,https://cpt.tcgcsv.com/-DH6,2024-10-11T04:08:17.513,1,29.99,29.99,29.99,27.81,,Foil,Super Rare,126,"Stealth<br><br>
<br><br>
[Class Bonus] Xiao Qiao's attacks can't be retaliated.<br><br>
<br><br>
If a unit hit by Xiao Qiao this turn would die, banish it instead.",Ally;Unique,Animal;Human;Cat,Fire,Tamer;Assassin,,,2,,1,,2,
584048,"Xiao Qiao, Cinderkeeper",Xiao Qiao Cinderkeeper,https://tcgplayer-cdn.tcgplayer.com/product/584048_200w.jpg,74,23545,https://cpt.tcgcsv.com/-DH6,2024-10-11T04:08:17.513,1,15.0,20.0,39.99,17.58,,Normal,Super Rare,126,"Stealth<br><br>
<br><br>
[Class Bonus] Xiao Qiao's attacks can't be retaliated.<br><br>
<br><br>
If a unit hit by Xiao Qiao this turn would die, banish it instead.",Ally;Unique,Animal;Human;Cat,Fire,Tamer;Assassin,,,2,,1,,2,
584049,"Xiao Qiao, Cinderkeeper (CSR)",Xiao Qiao Cinderkeeper CSR,https://tcgplayer-cdn.tcgplayer.com/product/584049_200w.jpg,74,23545,https://cpt.tcgcsv.com/_DH6,2024-10-23T13:43:28.93,1,399.99,399.99,399.99,399.99,,Foil,Collector Super Rare,126,"Stealth<br>
<br>
<br>
<br>
[Class Bonus] Xiao Qiao's attacks can't be retaliated.<br>
<br>
<br>
<br>
If a unit hit by Xiao Qiao this turn would die, banish it instead.",Ally;Unique,Animal;Human;Cat,Fire,Tamer;Assassin,,,2,,1,,2,
584049,"Xiao Qiao, Cinderkeeper (CSR)",Xiao Qiao Cinderkeeper CSR,https://tcgplayer-cdn.tcgplayer.com/product/584049_200w.jpg,74,23545,https://cpt.tcgcsv.com/_DH6,2024-10-23T13:43:28.93,1,380.77,384.01,569.24,319.38,,Normal,Collector Super Rare,126,"Stealth<br>
<br>
<br>
<br>
[Class Bonus] Xiao Qiao's attacks can't be retaliated.<br>
<br>
<br>
<br>
If a unit hit by Xiao Qiao this turn would die, banish it instead.",Ally;Unique,Animal;Human;Cat,Fire,Tamer;Assassin,,,2,,1,,2,
584050,Aqueous Stallion,Aqueous Stallion,https://tcgplayer-cdn.tcgplayer.com/product/584050_200w.jpg,74,23545,https://cpt.tcgcsv.com/0FH6,2024-10-11T04:08:17.513,1,0.13,0.25,0.75,0.21,,Normal,Uncommon,127,"As long as you have four or more water element cards in your graveyard, Aqueous Stallion gets +3 power.",Ally,Animal;Horse,Water,Tamer,,,4,"<em>If a horse's only flaw is its inability to swim, then this beast may be flawless.</em>",0,,3,
584050,Aqueous Stallion,Aqueous Stallion,https://tcgplayer-cdn.tcgplayer.com/product/584050_200w.jpg,74,23545,https://cpt.tcgcsv.com/0FH6,2024-10-11T04:08:17.513,1,2.74,4.25,9.99,3.51,,Foil,Uncommon,127,"As long as you have four or more water element cards in your graveyard, Aqueous Stallion gets +3 power.",Ally,Animal;Horse,Water,Tamer,,,4,"<em>If a horse's only flaw is its inability to swim, then this beast may be flawless.</em>",0,,3,
584051,Burst Asunder,Burst Asunder,https://tcgplayer-cdn.tcgplayer.com/product/584051_200w.jpg,74,23545,https://cpt.tcgcsv.com/2FH6,2024-10-11T04:08:17.513,1,9.46,11.0,12.0,6.4,,Foil,Uncommon,128,"[Class Bonus] This card costs 2 less to activate.<br><br>
<br><br>
Deal 2 damage to target unit. Then you may sacrifice any amount of Fractals. For each Fractal sacrificed this way, deal an additional 2 damage to that unit.",Action,Spell,Water,Cleric;Mage,,,,,,,4,Slow
584051,Burst Asunder,Burst Asunder,https://tcgplayer-cdn.tcgplayer.com/product/584051_200w.jpg,74,23545,https://cpt.tcgcsv.com/2FH6,2024-10-11T04:08:17.513,1,2.25,2.72,3.68,2.63,,Normal,Uncommon,128,"[Class Bonus] This card costs 2 less to activate.<br><br>
<br><br>
Deal 2 damage to target unit. Then you may sacrifice any amount of Fractals. For each Fractal sacrificed this way, deal an additional 2 damage to that unit.",Action,Spell,Water,Cleric;Mage,,,,,,,4,Slow
584052,"Cao Cao, Aspirant of Chaos",Cao Cao Aspirant of Chaos,https://tcgplayer-cdn.tcgplayer.com/product/584052_200w.jpg,74,23545,https://cpt.tcgcsv.com/3FH6,2024-10-11T04:08:17.513,1,0.7,2.25,22.99,1.14,,Normal,Super Rare,129,"Equestrian — As long as you control a Horse ally, this card costs 3 less to activate.<br><br>
<br><br>
[Class Bonus] On Attack: You may banish a card with floating memory from your graveyard. If you do, deal 2 damage to each rested unit you don't control.",Ally;Unique,Human,Water,Mage,,,2,,2,,5,
584052,"Cao Cao, Aspirant of Chaos",Cao Cao Aspirant of Chaos,https://tcgplayer-cdn.tcgplayer.com/product/584052_200w.jpg,74,23545,https://cpt.tcgcsv.com/3FH6,2024-10-11T04:08:17.513,1,6.73,6.86,18.83,6.73,,Foil,Super Rare,129,"Equestrian — As long as you control a Horse ally, this card costs 3 less to activate.<br><br>
<br><br>
[Class Bonus] On Attack: You may banish a card with floating memory from your graveyard. If you do, deal 2 damage to each rested unit you don't control.",Ally;Unique,Human,Water,Mage,,,2,,2,,5,
584053,"Cao Cao, Aspirant of Chaos (CSR)",Cao Cao Aspirant of Chaos CSR,https://tcgplayer-cdn.tcgplayer.com/product/584053_200w.jpg,74,23545,https://cpt.tcgcsv.com/5FH6,2024-10-23T13:41:18.333,1,249.98,264.99,599.95,283.75,,Foil,Collector Super Rare,129,"Equestrian — As long as you control a Horse ally, this card costs 3 less to activate.<br>
<br>
<br>
<br>
[Class Bonus] On Attack: You may banish a card with floating memory from your graveyard. If you do, deal 2 damage to each rested unit you don't control.",Ally;Unique,Human,Water,Mage,,,2,,2,,5,
584054,Cone of Frost,Cone of Frost,https://tcgplayer-cdn.tcgplayer.com/product/584054_200w.jpg,74,23545,https://cpt.tcgcsv.com/6FH6,2024-10-11T04:08:17.513,1,0.05,0.22,0.55,0.15,,Normal,Uncommon,130,"[Class Bonus] This card costs 1 less to activate.<br><br>
<br><br>
[Level 1+] Deal 2 damage to up to one target unit.<br><br>
<br><br>
[Level 3+] Deal 2 damage to up to one target unit.<br><br>
<br><br>
[Level 5+] Deal 2 damage to up to one target unit.",Action,Spell,Water,Mage,,,,,,,3,Slow
584054,Cone of Frost,Cone of Frost,https://tcgplayer-cdn.tcgplayer.com/product/584054_200w.jpg,74,23545,https://cpt.tcgcsv.com/6FH6,2024-10-11T04:08:17.513,1,1.55,4.78,12.99,4.57,,Foil,Uncommon,130,"[Class Bonus] This card costs 1 less to activate.<br><br>
<br><br>
[Level 1+] Deal 2 damage to up to one target unit.<br><br>
<br><br>
[Level 3+] Deal 2 damage to up to one target unit.<br><br>
<br><br>
[Level 5+] Deal 2 damage to up to one target unit.",Action,Spell,Water,Mage,,,,,,,3,Slow
584055,Deep Sea Fractal,Deep Sea Fractal,https://tcgplayer-cdn.tcgplayer.com/product/584055_200w.jpg,74,23545,https://cpt.tcgcsv.com/7FH6,2024-10-11T04:08:17.513,1,0.53,1.41,5.0,1.99,,Foil,Common,131,"Hindered (This object enters the field rested.)<br><br>
<br><br>
On Enter: Each player puts the top card of their deck into their graveyard.<br><br>
<br><br>
Reservable (While paying for a reserve cost, you may rest this object to pay for 1 of that cost.)",Phantasia,Fractal,Water,Cleric,,,,,,,2,
584055,Deep Sea Fractal,Deep Sea Fractal,https://tcgplayer-cdn.tcgplayer.com/product/584055_200w.jpg,74,23545,https://cpt.tcgcsv.com/7FH6,2024-10-11T04:08:17.513,1,0.05,0.18,0.52,0.14,,Normal,Common,131,"Hindered (This object enters the field rested.)<br><br>
<br><br>
On Enter: Each player puts the top card of their deck into their graveyard.<br><br>
<br><br>
Reservable (While paying for a reserve cost, you may rest this object to pay for 1 of that cost.)",Phantasia,Fractal,Water,Cleric,,,,,,,2,
584056,Drifting Rogue,Drifting Rogue,https://tcgplayer-cdn.tcgplayer.com/product/584056_200w.jpg,74,23545,https://cpt.tcgcsv.com/8FH6,2024-10-11T04:08:17.513,1,0.05,0.2,0.52,0.11,,Normal,Common,132,"On Enter: Put a preparation counter on your champion.<br><br>
<br><br>
[Class Bonus] Floating Memory (While paying for a memory cost, you may banish this card from your graveyard to pay for 1 of that cost.)",Ally,Human,Water,Assassin,,,2,,1,,3,
584056,Drifting Rogue,Drifting Rogue,https://tcgplayer-cdn.tcgplayer.com/product/584056_200w.jpg,74,23545,https://cpt.tcgcsv.com/8FH6,2024-10-11T04:08:17.513,1,1.2,3.2,7.0,3.2,,Foil,Common,132,"On Enter: Put a preparation counter on your champion.<br><br>
<br><br>
[Class Bonus] Floating Memory (While paying for a memory cost, you may banish this card from your graveyard to pay for 1 of that cost.)",Ally,Human,Water,Assassin,,,2,,1,,3,
584057,Fractal of Polar Depths,Fractal of Polar Depths,https://tcgplayer-cdn.tcgplayer.com/product/584057_200w.jpg,74,23545,https://cpt.tcgcsv.com/9FH6,2024-10-11T04:08:17.513,1,4.25,17.0,29.99,9.51,,Normal,Super Rare,133,"Reservable (While paying for a reserve cost, you may rest this object to pay for 1 of that cost.)<br><br>
<br><br>
[Class Bonus] Sacrifice Fractal of Polar Depths: Target player puts the top X cards from their deck into their graveyard, where X is the amount of water element cards in your graveyard.",Phantasia,Fractal,Water,Cleric;Tamer,,,,,,,3,
584057,Fractal of Polar Depths,Fractal of Polar Depths,https://tcgplayer-cdn.tcgplayer.com/product/584057_200w.jpg,74,23545,https://cpt.tcgcsv.com/9FH6,2024-10-11T04:08:17.513,1,42.99,45.55,50.0,35.76,,Foil,Super Rare,133,"Reservable (While paying for a reserve cost, you may rest this object to pay for 1 of that cost.)<br><br>
<br><br>
[Class Bonus] Sacrifice Fractal of Polar Depths: Target player puts the top X cards from their deck into their graveyard, where X is the amount of water element cards in your graveyard.",Phantasia,Fractal,Water,Cleric;Tamer,,,,,,,3,
584058,Frozen Quill,Frozen Quill,https://tcgplayer-cdn.tcgplayer.com/product/584058_200w.jpg,74,23545,https://cpt.tcgcsv.com/bFH6,2024-10-11T04:08:17.513,1,0.7,2.49,4.99,2.63,,Foil,Common,134,"[REST]: Load Frozen Quill into target unloaded Bow weapon you control.<br><br>
<br><br>
Floating Memory (While paying for a memory cost, you may banish this card from your graveyard to pay for 1 of that cost.)",Item,Arrow,Water,Ranger,,,,,4,,3,
584058,Frozen Quill,Frozen Quill,https://tcgplayer-cdn.tcgplayer.com/product/584058_200w.jpg,74,23545,https://cpt.tcgcsv.com/bFH6,2024-10-11T04:08:17.513,1,0.03,0.18,0.52,0.08,,Normal,Common,134,"[REST]: Load Frozen Quill into target unloaded Bow weapon you control.<br><br>
<br><br>
Floating Memory (While paying for a memory cost, you may banish this card from your graveyard to pay for 1 of that cost.)",Item,Arrow,Water,Ranger,,,,,4,,3,
584059,Glacial Evocation,Glacial Evocation,https://tcgplayer-cdn.tcgplayer.com/product/584059_200w.jpg,74,23545,https://cpt.tcgcsv.com/cFH6,2024-10-11T04:08:17.513,1,0.05,0.17,0.52,0.12,,Normal,Common,135,"Deal 2 damage to target ally. If that unit is rested, deal 3 damage to it instead.",Action,Spell,Water,Mage,,,,"<em>""Timely snow promises a bountiful harvest.""
– Cao Cao, Aspirant of Chaos</em>",,,2,Fast
584059,Glacial Evocation,Glacial Evocation,https://tcgplayer-cdn.tcgplayer.com/product/584059_200w.jpg,74,23545,https://cpt.tcgcsv.com/cFH6,2024-10-11T04:08:17.513,1,0.69,1.05,6.51,1.43,,Foil,Common,135,"Deal 2 damage to target ally. If that unit is rested, deal 3 damage to it instead.",Action,Spell,Water,Mage,,,,"<em>""Timely snow promises a bountiful harvest.""
– Cao Cao, Aspirant of Chaos</em>",,,2,Fast
584060,Halocline Scout,Halocline Scout,https://tcgplayer-cdn.tcgplayer.com/product/584060_200w.jpg,74,23545,https://cpt.tcgcsv.com/dFH6,2024-10-11T04:08:17.513,1,6.99,7.0,11.99,8.06,,Foil,Rare,136,"[Class Bonus] On Enter: Rest target unit. (Apply this effect only if your champion's class matches this card's class)<br><br>
<br><br>
[Class Bonus] Other allies you control get +1 power as long as they're attacking rested units.",Ally,Human,Water,Warrior;Assassin,,,3,,1,,3,
584060,Halocline Scout,Halocline Scout,https://tcgplayer-cdn.tcgplayer.com/product/584060_200w.jpg,74,23545,https://cpt.tcgcsv.com/dFH6,2024-10-11T04:08:17.513,1,0.73,0.96,2.99,0.96,,Normal,Rare,136,"[Class Bonus] On Enter: Rest target unit. (Apply this effect only if your champion's class matches this card's class)<br><br>
<br><br>
[Class Bonus] Other allies you control get +1 power as long as they're attacking rested units.",Ally,Human,Water,Warrior;Assassin,,,3,,1,,3,
584061,Hoarfrost Spine,Hoarfrost Spine,https://tcgplayer-cdn.tcgplayer.com/product/584061_200w.jpg,74,23545,https://cpt.tcgcsv.com/fFH6,2024-10-11T04:08:17.513,1,0.09,0.24,0.99,0.11,,Normal,Uncommon,137,"(Bow — Must be loaded to use for an attack and can't be used with an attack card.)<br><br>
<br><br>
On Enter: Look at the top card of your deck. You may put that card into your graveyard.",Weapon,Bow,Water,Ranger,,,3,<em>Beware of frostbite.</em>,1,,2,
584061,Hoarfrost Spine,Hoarfrost Spine,https://tcgplayer-cdn.tcgplayer.com/product/584061_200w.jpg,74,23545,https://cpt.tcgcsv.com/fFH6,2024-10-11T04:08:17.513,1,4.48,6.74,9.99,6.74,,Foil,Uncommon,137,"(Bow — Must be loaded to use for an attack and can't be used with an attack card.)<br><br>
<br><br>
On Enter: Look at the top card of your deck. You may put that card into your graveyard.",Weapon,Bow,Water,Ranger,,,3,<em>Beware of frostbite.</em>,1,,2,
584062,Hydroguard Retainer,Hydroguard Retainer,https://tcgplayer-cdn.tcgplayer.com/product/584062_200w.jpg,74,23545,https://cpt.tcgcsv.com/gFH6,2024-10-11T04:08:17.513,1,3.01,4.64,10.94,6.98,,Foil,Uncommon,138,"Taunt (While awake, this ally must be targeted before other units you control during your opponent's attack declarations if able.)<br><br>
<br><br>
Whenever your Shifting Currents change from facing North to West, draw a card.",Ally,Human,Water,Guardian,,,4,,1,,3,
584062,Hydroguard Retainer,Hydroguard Retainer,https://tcgplayer-cdn.tcgplayer.com/product/584062_200w.jpg,74,23545,https://cpt.tcgcsv.com/gFH6,2024-10-11T04:08:17.513,1,0.1,0.25,0.52,0.16,,Normal,Uncommon,138,"Taunt (While awake, this ally must be targeted before other units you control during your opponent's attack declarations if able.)<br><br>
<br><br>
Whenever your Shifting Currents change from facing North to West, draw a card.",Ally,Human,Water,Guardian,,,4,,1,,3,
584063,Intervention,Intervention,https://tcgplayer-cdn.tcgplayer.com/product/584063_200w.jpg,74,23545,https://cpt.tcgcsv.com/hFH6,2024-10-11T04:08:17.513,1,0.2,0.4,2.98,0.37,,Normal,Rare,139,"[Class Bonus] While paying for this card's reserve cost, you may rest your champion to pay for 2 of that cost. (Apply this effect only if your champion's class matches this card's class) <br><br>
<br><br>
Prevent the next 4 damage that would be dealt to target unit this turn.",Action,Reaction;Skill,Water,Warrior,,,,,,,3,Fast
584063,Intervention,Intervention,https://tcgplayer-cdn.tcgplayer.com/product/584063_200w.jpg,74,23545,https://cpt.tcgcsv.com/hFH6,2024-10-11T04:08:17.513,1,1.42,4.17,12.99,1.46,,Foil,Rare,139,"[Class Bonus] While paying for this card's reserve cost, you may rest your champion to pay for 2 of that cost. (Apply this effect only if your champion's class matches this card's class) <br><br>
<br><br>
Prevent the next 4 damage that would be dealt to target unit this turn.",Action,Reaction;Skill,Water,Warrior,,,,,,,3,Fast
584064,Inundating Clash,Inundating Clash,https://tcgplayer-cdn.tcgplayer.com/product/584064_200w.jpg,74,23545,https://cpt.tcgcsv.com/jFH6,2024-10-11T04:08:17.513,1,5.12,10.5,20.0,5.12,,Foil,Rare,140,"[Class Bonus] On Attack: If the attacker is attacking a rested unit, Inundating Clash gets +3 power.<br><br>
<br><br>
[Class Bonus] Floating Memory (While paying for a memory cost, you may banish this card from your graveyard to pay for 1 of that cost.)",Attack,Axe,Water,Warrior,,,,,1,,2,
584064,Inundating Clash,Inundating Clash,https://tcgplayer-cdn.tcgplayer.com/product/584064_200w.jpg,74,23545,https://cpt.tcgcsv.com/jFH6,2024-10-11T04:08:17.513,1,0.39,0.71,2.99,0.61,,Normal,Rare,140,"[Class Bonus] On Attack: If the attacker is attacking a rested unit, Inundating Clash gets +3 power.<br><br>
<br><br>
[Class Bonus] Floating Memory (While paying for a memory cost, you may banish this card from your graveyard to pay for 1 of that cost.)",Attack,Axe,Water,Warrior,,,,,1,,2,
584065,"Jueying, Shadowmare",Jueying Shadowmare,https://tcgplayer-cdn.tcgplayer.com/product/584065_200w.jpg,74,23545,https://cpt.tcgcsv.com/kFH6,2024-10-11T04:08:17.513,1,7.99,27.86,68.18,5.14,,Foil,Super Rare,141,"Pride 3<br><br>
<br><br>
As long as you control a water element unique Human ally, Jueying loses pride, and has stealth and true sight.",Ally;Unique,Beast;Horse,Water,Mage;Tamer,,,3,<em>Shade like midnight and pure as moonlight.</em>,3,,2,
584065,"Jueying, Shadowmare",Jueying Shadowmare,https://tcgplayer-cdn.tcgplayer.com/product/584065_200w.jpg,74,23545,https://cpt.tcgcsv.com/kFH6,2024-10-11T04:08:17.513,1,1.97,4.17,17.0,2.95,,Normal,Super Rare,141,"Pride 3<br><br>
<br><br>
As long as you control a water element unique Human ally, Jueying loses pride, and has stealth and true sight.",Ally;Unique,Beast;Horse,Water,Mage;Tamer,,,3,<em>Shade like midnight and pure as moonlight.</em>,3,,2,
584066,Nanyue Portsman,Nanyue Portsman,https://tcgplayer-cdn.tcgplayer.com/product/584066_200w.jpg,74,23545,https://cpt.tcgcsv.com/lFH6,2024-10-11T04:08:17.513,1,0.03,0.18,0.52,0.07,,Normal,Common,142,"Equestrian — As long as you control a Horse ally, Nanyue Portsman gets +1 power.<br><br>
<br><br>
[Class Bonus] Floating Memory (While paying for a memory cost, you may banish this card from your graveyard to pay for 1 of that cost.)",Ally,Human,Water,Warrior;Guardian,,,3,,1,,3,
584066,Nanyue Portsman,Nanyue Portsman,https://tcgplayer-cdn.tcgplayer.com/product/584066_200w.jpg,74,23545,https://cpt.tcgcsv.com/lFH6,2024-10-11T04:08:17.513,1,0.99,1.0,5.0,1.03,,Foil,Common,142,"Equestrian — As long as you control a Horse ally, Nanyue Portsman gets +1 power.<br><br>
<br><br>
[Class Bonus] Floating Memory (While paying for a memory cost, you may banish this card from your graveyard to pay for 1 of that cost.)",Ally,Human,Water,Warrior;Guardian,,,3,,1,,3,
584067,Perfect Repulsion,Perfect Repulsion,https://tcgplayer-cdn.tcgplayer.com/product/584067_200w.jpg,74,23545,https://cpt.tcgcsv.com/mFH6,2024-10-11T04:08:17.513,1,0.85,3.49,11.99,3.49,,Foil,Uncommon,143,"The next time target unit you control would take exactly X damage this turn, prevent that damage, where X is the amount of cards in your memory. Draw a card if damage was prevented this way. (X is calculated only as this card resolves.)",Action,Reaction;Spell,Water,Cleric,,,,,,,2,Fast
584067,Perfect Repulsion,Perfect Repulsion,https://tcgplayer-cdn.tcgplayer.com/product/584067_200w.jpg,74,23545,https://cpt.tcgcsv.com/mFH6,2024-10-11T04:08:17.513,1,0.13,0.22,0.99,0.16,,Normal,Uncommon,143,"The next time target unit you control would take exactly X damage this turn, prevent that damage, where X is the amount of cards in your memory. Draw a card if damage was prevented this way. (X is calculated only as this card resolves.)",Action,Reaction;Spell,Water,Cleric,,,,,,,2,Fast
584068,Protective Fractal,Protective Fractal,https://tcgplayer-cdn.tcgplayer.com/product/584068_200w.jpg,74,23545,https://cpt.tcgcsv.com/nFH6,2024-10-11T04:08:17.513,1,0.09,0.2,0.99,0.14,,Normal,Uncommon,144,"Reservable (While paying for a reserve cost, you may rest this object to pay for 1 of that cost.)<br><br>
<br><br>
Rest: Prevent the next 1 damage that would be dealt to target champion this turn.",Phantasia,Phantasia,Water,Cleric,,,,,,,4,
584068,Protective Fractal,Protective Fractal,https://tcgplayer-cdn.tcgplayer.com/product/584068_200w.jpg,74,23545,https://cpt.tcgcsv.com/nFH6,2024-10-11T04:08:17.513,1,0.48,1.99,5.0,0.61,,Foil,Uncommon,144,"Reservable (While paying for a reserve cost, you may rest this object to pay for 1 of that cost.)<br><br>
<br><br>
Rest: Prevent the next 1 damage that would be dealt to target champion this turn.",Phantasia,Phantasia,Water,Cleric,,,,,,,4,
584069,Rainweaver Mage,Rainweaver Mage,https://tcgplayer-cdn.tcgplayer.com/product/584069_200w.jpg,74,23545,https://cpt.tcgcsv.com/pFH6,2024-10-11T04:08:17.513,1,0.7,2.0,15.0,1.99,,Foil,Rare,145,"[Class Bonus] On Enter: You may banish a card with floating memory from your graveyard. If you do, empower 4. (The next Spell card you activate this turn activates and resolves as if your champion got +4 level.)",Ally,Human,Water,Mage,,,3,,2,,3,
584069,Rainweaver Mage,Rainweaver Mage,https://tcgplayer-cdn.tcgplayer.com/product/584069_200w.jpg,74,23545,https://cpt.tcgcsv.com/pFH6,2024-10-11T04:08:17.513,1,0.2,0.47,1.99,0.33,,Normal,Rare,145,"[Class Bonus] On Enter: You may banish a card with floating memory from your graveyard. If you do, empower 4. (The next Spell card you activate this turn activates and resolves as if your champion got +4 level.)",Ally,Human,Water,Mage,,,3,,2,,3,
584070,Refracting Missile,Refracting Missile,https://tcgplayer-cdn.tcgplayer.com/product/584070_200w.jpg,74,23545,https://cpt.tcgcsv.com/qFH6,2024-10-11T04:08:17.513,1,0.08,0.18,0.52,0.12,,Normal,Common,146,"Deal damage to target unit equal to the amount of Fractals you control plus 1.<br><br>
<br><br>
Floating Memory",Action,Spell,Water,Mage,,,,,,,3,Fast
584070,Refracting Missile,Refracting Missile,https://tcgplayer-cdn.tcgplayer.com/product/584070_200w.jpg,74,23545,https://cpt.tcgcsv.com/qFH6,2024-10-11T04:08:17.513,1,4.66,5.99,8.99,5.4,,Foil,Common,146,"Deal damage to target unit equal to the amount of Fractals you control plus 1.<br><br>
<br><br>
Floating Memory",Action,Spell,Water,Mage,,,,,,,3,Fast
584071,Relic of Sunken Past,Relic of Sunken Past,https://tcgplayer-cdn.tcgplayer.com/product/584071_200w.jpg,74,23545,https://cpt.tcgcsv.com/rFH6,2024-10-11T04:08:17.513,1,1.55,8.74,12.99,1.5,,Foil,Rare,147,"At the beginning of your recollection phase, if there are three or more water element cards in your graveyard, you may sacrifice Relic of Sunken Past. If you do, draw a card.<br><br>
<br><br>
[Class Bonus] Floating Memory",Phantasia,Artifact,Water,Tamer,,,,,,,2,
584071,Relic of Sunken Past,Relic of Sunken Past,https://tcgplayer-cdn.tcgplayer.com/product/584071_200w.jpg,74,23545,https://cpt.tcgcsv.com/rFH6,2024-10-11T04:08:17.513,1,0.1,0.49,1.4,0.4,,Normal,Rare,147,"At the beginning of your recollection phase, if there are three or more water element cards in your graveyard, you may sacrifice Relic of Sunken Past. If you do, draw a card.<br><br>
<br><br>
[Class Bonus] Floating Memory",Phantasia,Artifact,Water,Tamer,,,,,,,2,
584072,Rippleback Terrapin,Rippleback Terrapin,https://tcgplayer-cdn.tcgplayer.com/product/584072_200w.jpg,74,23545,https://cpt.tcgcsv.com/sFH6,2024-10-11T04:08:17.513,1,0.08,0.25,0.52,0.19,,Normal,Uncommon,148,"[Class Bonus] Spellshroud (This ally can't be targeted by Spells.)<br><br>
<br><br>
On Enter: You may banish a card with floating memory from your graveyard. If you do, put a buff counter on Rippleback Terrapin and draw a card.",Ally,Animal;Turtle,Water,Tamer,,,4,,1,,4,
584072,Rippleback Terrapin,Rippleback Terrapin,https://tcgplayer-cdn.tcgplayer.com/product/584072_200w.jpg,74,23545,https://cpt.tcgcsv.com/sFH6,2024-10-11T04:08:17.513,1,3.95,15.25,18.97,14.63,,Foil,Uncommon,148,"[Class Bonus] Spellshroud (This ally can't be targeted by Spells.)<br><br>
<br><br>
On Enter: You may banish a card with floating memory from your graveyard. If you do, put a buff counter on Rippleback Terrapin and draw a card.",Ally,Animal;Turtle,Water,Tamer,,,4,,1,,4,
584073,Rising Tides,Rising Tides,https://tcgplayer-cdn.tcgplayer.com/product/584073_200w.jpg,74,23545,https://cpt.tcgcsv.com/tFH6,2024-10-11T04:08:17.513,1,0.05,0.18,0.52,0.12,,Normal,Common,149,"[Class Bonus] [Level 3+] Draw a card into your memory. (Apply this effect only if your champion is level 3 or higher.)<br><br>
<br><br>
Floating Memory (While paying for a memory cost, you may banish this card from your graveyard to pay for 1 of that cost.)",Action,Spell,Water,Mage,,,,,,,2,Fast
584073,Rising Tides,Rising Tides,https://tcgplayer-cdn.tcgplayer.com/product/584073_200w.jpg,74,23545,https://cpt.tcgcsv.com/tFH6,2024-10-11T04:08:17.513,1,4.99,5.0,10.4,5.27,,Foil,Common,149,"[Class Bonus] [Level 3+] Draw a card into your memory. (Apply this effect only if your champion is level 3 or higher.)<br><br>
<br><br>
Floating Memory (While paying for a memory cost, you may banish this card from your graveyard to pay for 1 of that cost.)",Action,Spell,Water,Mage,,,,,,,2,Fast
584074,Seafletched Serpent,Seafletched Serpent,https://tcgplayer-cdn.tcgplayer.com/product/584074_200w.jpg,74,23545,https://cpt.tcgcsv.com/vFH6,2024-10-11T04:08:17.513,1,2.78,3.76,8.72,3.02,,Foil,Uncommon,150,"Pride 2 (This ally won't obey you unless your champion is level 2 or higher. You can't attack with, intercept with, or activate abilities of allies that don't obey you.)<br><br>
<br><br>
[Class Bonus] On Hit: You may load Seafletched Serpent into target unloaded Bow weapon you control.",Ally,Beast;Serpent,Water,Tamer;Ranger,,,3,"<em>Slither or quiver, it bites all the same.</em>",3,,3,
584074,Seafletched Serpent,Seafletched Serpent,https://tcgplayer-cdn.tcgplayer.com/product/584074_200w.jpg,74,23545,https://cpt.tcgcsv.com/vFH6,2024-10-11T04:08:17.513,1,0.09,0.25,0.99,0.1,,Normal,Uncommon,150,"Pride 2 (This ally won't obey you unless your champion is level 2 or higher. You can't attack with, intercept with, or activate abilities of allies that don't obey you.)<br><br>
<br><br>
[Class Bonus] On Hit: You may load Seafletched Serpent into target unloaded Bow weapon you control.",Ally,Beast;Serpent,Water,Tamer;Ranger,,,3,"<em>Slither or quiver, it bites all the same.</em>",3,,3,
584075,Sheath of Faceted Lapis,Sheath of Faceted Lapis,https://tcgplayer-cdn.tcgplayer.com/product/584075_200w.jpg,74,23545,https://cpt.tcgcsv.com/wFH6,2024-10-11T04:08:17.513,1,0.2,0.35,1.5,0.33,,Normal,Rare,151,"Warrior Weapon Link (This object enters the field linked to target Warrior weapon. If the link is broken, sacrifice this object.)<br><br>
<br><br>
On Enter: Draw a card.<br><br>
<br><br>
[Class Bonus] [Level 2+] Linked weapon gets +2 power.",Phantasia,Spell,Water,Warrior,,,,,,,3,Slow
584075,Sheath of Faceted Lapis,Sheath of Faceted Lapis,https://tcgplayer-cdn.tcgplayer.com/product/584075_200w.jpg,74,23545,https://cpt.tcgcsv.com/wFH6,2024-10-11T04:08:17.513,1,1.04,5.0,19.99,1.07,,Foil,Rare,151,"Warrior Weapon Link (This object enters the field linked to target Warrior weapon. If the link is broken, sacrifice this object.)<br><br>
<br><br>
On Enter: Draw a card.<br><br>
<br><br>
[Class Bonus] [Level 2+] Linked weapon gets +2 power.",Phantasia,Spell,Water,Warrior,,,,,,,3,Slow
584076,Slipstream Vault,Slipstream Vault,https://tcgplayer-cdn.tcgplayer.com/product/584076_200w.jpg,74,23545,https://cpt.tcgcsv.com/xFH6,2024-10-11T04:08:17.513,1,4.0,6.0,20.74,5.19,,Foil,Rare,152,"[Class Bonus] This card costs 1 less to activate if it targets a unique ally. (Apply this effect only if your champion's class matches this card's class.)<br><br>
<br><br>
Target ally you control becomes distant. Negate all card activations targeting it. (Units stay distant until the end of their controller's turn.)",Action,Reaction;Skill,Water,Ranger,,,,,,,2,Fast
584076,Slipstream Vault,Slipstream Vault,https://tcgplayer-cdn.tcgplayer.com/product/584076_200w.jpg,74,23545,https://cpt.tcgcsv.com/xFH6,2024-10-11T04:08:17.513,1,0.39,0.45,2.0,0.45,,Normal,Rare,152,"[Class Bonus] This card costs 1 less to activate if it targets a unique ally. (Apply this effect only if your champion's class matches this card's class.)<br><br>
<br><br>
Target ally you control becomes distant. Negate all card activations targeting it. (Units stay distant until the end of their controller's turn.)",Action,Reaction;Skill,Water,Ranger,,,,,,,2,Fast
584077,Strategem of Myriad Ice,Strategem of Myriad Ice,https://tcgplayer-cdn.tcgplayer.com/product/584077_200w.jpg,74,23545,https://cpt.tcgcsv.com/zFH6,2024-10-11T04:08:17.513,1,6.65,11.5,19.99,7.32,,Normal,Super Rare,153,"As long as your Shifting Currents face East, this card has efficiency. (This card costs LV less to activate. LV refers to your champion's level.)<br><br>
<br><br>
You may banish any amount of cards with floating memory from your graveyard. When a card is banished this way, deal 3 damage to target unit you don't control.",Action,Spell,Water,Mage,,,,,,,6,Slow
584077,Strategem of Myriad Ice,Strategem of Myriad Ice,https://tcgplayer-cdn.tcgplayer.com/product/584077_200w.jpg,74,23545,https://cpt.tcgcsv.com/zFH6,2024-10-11T04:08:17.513,1,19.0,34.0,64.99,21.7,,Foil,Super Rare,153,"As long as your Shifting Currents face East, this card has efficiency. (This card costs LV less to activate. LV refers to your champion's level.)<br><br>
<br><br>
You may banish any amount of cards with floating memory from your graveyard. When a card is banished this way, deal 3 damage to target unit you don't control.",Action,Spell,Water,Mage,,,,,,,6,Slow
584078,Sudden Deluge,Sudden Deluge,https://tcgplayer-cdn.tcgplayer.com/product/584078_200w.jpg,74,23545,https://cpt.tcgcsv.com/BFH6,2024-10-11T04:08:17.513,1,3.68,7.85,15.0,5.97,,Foil,Uncommon,154,"Prepare 1 (You may remove a preparation counter from your champion as you activate this card.)<br><br>
<br><br>
[Class Bonus] On Champion Hit: If Sudden Deluge was prepared, that opponent puts the top ten cards from their deck into their graveyard.",Attack,Dagger,Water,Assassin,,,,,3,,2,
584078,Sudden Deluge,Sudden Deluge,https://tcgplayer-cdn.tcgplayer.com/product/584078_200w.jpg,74,23545,https://cpt.tcgcsv.com/BFH6,2024-10-11T04:08:17.513,1,0.05,0.25,0.99,0.15,,Normal,Uncommon,154,"Prepare 1 (You may remove a preparation counter from your champion as you activate this card.)<br><br>
<br><br>
[Class Bonus] On Champion Hit: If Sudden Deluge was prepared, that opponent puts the top ten cards from their deck into their graveyard.",Attack,Dagger,Water,Assassin,,,,,3,,2,
584079,Sudden Snow,Sudden Snow,https://tcgplayer-cdn.tcgplayer.com/product/584079_200w.jpg,74,23545,https://cpt.tcgcsv.com/CFH6,2024-10-11T04:08:17.513,1,0.05,0.2,0.75,0.14,,Normal,Common,155,"You may banish a card with floating memory from your graveyard. If you do, draw a card.<br><br>
Until end of turn, allies enter the field rested.",Action,Spell,Water,Mage,,,,"<em>Pearls of fresh snow float enchantingly in the air, drawing all eyes around to the heavens above.</em>",,,2,Fast
584079,Sudden Snow,Sudden Snow,https://tcgplayer-cdn.tcgplayer.com/product/584079_200w.jpg,74,23545,https://cpt.tcgcsv.com/CFH6,2024-10-11T04:08:17.513,1,1.25,3.84,15.0,2.62,,Foil,Common,155,"You may banish a card with floating memory from your graveyard. If you do, draw a card.<br><br>
Until end of turn, allies enter the field rested.",Action,Spell,Water,Mage,,,,"<em>Pearls of fresh snow float enchantingly in the air, drawing all eyes around to the heavens above.</em>",,,2,Fast
584080,Sword Saint of Eventide,Sword Saint of Eventide,https://tcgplayer-cdn.tcgplayer.com/product/584080_200w.jpg,74,23545,https://cpt.tcgcsv.com/DFH6,2024-10-11T04:08:17.513,1,1.24,17.0,39.96,1.48,,Foil,Rare,156,"On Enter: Look at the top card of your deck. You may put it into your graveyard. <br><br>
<br><br>
[Class Bonus] As long as you have four or more water element cards in your graveyard, Sword Saint of Eventide gets +1 power. (Apply this effect only if your champion's class matches this card's class.)",Ally,Human,Water,Warrior,,,3,,1,,2,
584080,Sword Saint of Eventide,Sword Saint of Eventide,https://tcgplayer-cdn.tcgplayer.com/product/584080_200w.jpg,74,23545,https://cpt.tcgcsv.com/DFH6,2024-10-11T04:08:17.513,1,0.45,1.0,3.0,0.9,,Normal,Rare,156,"On Enter: Look at the top card of your deck. You may put it into your graveyard. <br><br>
<br><br>
[Class Bonus] As long as you have four or more water element cards in your graveyard, Sword Saint of Eventide gets +1 power. (Apply this effect only if your champion's class matches this card's class.)",Ally,Human,Water,Warrior,,,3,,1,,2,
584081,Tidal Lock,Tidal Lock,https://tcgplayer-cdn.tcgplayer.com/product/584081_200w.jpg,74,23545,https://cpt.tcgcsv.com/FFH6,2024-10-11T04:08:17.513,1,12.99,14.92,29.99,16.71,,Foil,Uncommon,157,"As long as you have three or more water element cards in your graveyard, this card costs 2 less to activate.<br><br>
<br><br>
Negate target card activation unless its controller pays (2). Banish the card that had its activation negated this way.",Action,Reaction;Spell,Water,Cleric,,,,,,,3,Fast
584081,Tidal Lock,Tidal Lock,https://tcgplayer-cdn.tcgplayer.com/product/584081_200w.jpg,74,23545,https://cpt.tcgcsv.com/FFH6,2024-10-11T04:08:17.513,1,0.15,0.26,1.0,0.18,,Normal,Uncommon,157,"As long as you have three or more water element cards in your graveyard, this card costs 2 less to activate.<br><br>
<br><br>
Negate target card activation unless its controller pays (2). Banish the card that had its activation negated this way.",Action,Reaction;Spell,Water,Cleric,,,,,,,3,Fast
584082,Tidal Tirade,Tidal Tirade,https://tcgplayer-cdn.tcgplayer.com/product/584082_200w.jpg,74,23545,https://cpt.tcgcsv.com/GFH6,2024-10-11T04:08:17.513,1,0.08,0.25,0.99,0.17,,Normal,Uncommon,158,"Target Human ally gets +1 life and gains retort 2 until end of turn. (As long as this ally with retort 2 is retaliating, it gets +2 power.)<br><br>
<br><br>
[Class Bonus] Floating Memory (While paying for a memory cost, you may banish this card from your graveyard to pay for 1 of that cost.)",Action,Reaction;Skill,Water,Warrior;Guardian,,,,,,,2,Fast
584082,Tidal Tirade,Tidal Tirade,https://tcgplayer-cdn.tcgplayer.com/product/584082_200w.jpg,74,23545,https://cpt.tcgcsv.com/GFH6,2024-10-11T04:08:17.513,1,1.29,3.35,14.99,3.0,,Foil,Uncommon,158,"Target Human ally gets +1 life and gains retort 2 until end of turn. (As long as this ally with retort 2 is retaliating, it gets +2 power.)<br><br>
<br><br>
[Class Bonus] Floating Memory (While paying for a memory cost, you may banish this card from your graveyard to pay for 1 of that cost.)",Action,Reaction;Skill,Water,Warrior;Guardian,,,,,,,2,Fast
584083,Tidestone Bovine,Tidestone Bovine,https://tcgplayer-cdn.tcgplayer.com/product/584083_200w.jpg,74,23545,https://cpt.tcgcsv.com/HFH6,2024-10-11T04:08:17.513,1,7.75,8.96,10.4,8.96,,Foil,Common,159,"On Attack: Target player puts the top two cards of their deck into their graveyard.<br><br>
<br><br>
[Class Bonus] Floating Memory (While paying for a memory cost, you may banish this card from your graveyard to pay for 1 of that cost.)",Ally,Animal;Bull,Water,Tamer,,,2,,1,,3,
584083,Tidestone Bovine,Tidestone Bovine,https://tcgplayer-cdn.tcgplayer.com/product/584083_200w.jpg,74,23545,https://cpt.tcgcsv.com/HFH6,2024-10-11T04:08:17.513,1,0.01,0.15,0.52,0.12,,Normal,Common,159,"On Attack: Target player puts the top two cards of their deck into their graveyard.<br><br>
<br><br>
[Class Bonus] Floating Memory (While paying for a memory cost, you may banish this card from your graveyard to pay for 1 of that cost.)",Ally,Animal;Bull,Water,Tamer,,,2,,1,,3,
584084,Torpid Fractal,Torpid Fractal,https://tcgplayer-cdn.tcgplayer.com/product/584084_200w.jpg,74,23545,https://cpt.tcgcsv.com/JFH6,2024-10-11T04:08:17.513,1,0.01,0.18,0.52,0.1,,Normal,Common,160,"On Enter: Rest target ally with 2 power or less. That ally doesn't wake up during its controller's wake up phase as long as you control Torpid Fractal.<br><br>
<br><br>
Reservable (While paying for a reserve cost, you may rest this object to pay for 1 of that cost.)",Phantasia,Fractal,Water,Cleric,,,,,,,4,
584084,Torpid Fractal,Torpid Fractal,https://tcgplayer-cdn.tcgplayer.com/product/584084_200w.jpg,74,23545,https://cpt.tcgcsv.com/JFH6,2024-10-11T04:08:17.513,1,1.0,1.94,7.43,1.7,,Foil,Common,160,"On Enter: Rest target ally with 2 power or less. That ally doesn't wake up during its controller's wake up phase as long as you control Torpid Fractal.<br><br>
<br><br>
Reservable (While paying for a reserve cost, you may rest this object to pay for 1 of that cost.)",Phantasia,Fractal,Water,Cleric,,,,,,,4,
584085,Tsunami of Nanyue,Tsunami of Nanyue,https://tcgplayer-cdn.tcgplayer.com/product/584085_200w.jpg,74,23545,https://cpt.tcgcsv.com/KFH6,2024-10-11T04:08:17.513,1,2.0,2.45,17.34,2.43,,Foil,Uncommon,161,"Efficiency (This card costs LV less to activate. LV refers to your champion's level.)<br><br>
<br><br>
Deal 2 damage to all rested allies. If your Shifting Currents face South, deal 3 damage to all rested allies you don't control instead.",Action,Spell,Water,Mage,,,,,,,5,Slow
584085,Tsunami of Nanyue,Tsunami of Nanyue,https://tcgplayer-cdn.tcgplayer.com/product/584085_200w.jpg,74,23545,https://cpt.tcgcsv.com/KFH6,2024-10-11T04:08:17.513,1,0.05,0.18,0.99,0.16,,Normal,Uncommon,161,"Efficiency (This card costs LV less to activate. LV refers to your champion's level.)<br><br>
<br><br>
Deal 2 damage to all rested allies. If your Shifting Currents face South, deal 3 damage to all rested allies you don't control instead.",Action,Spell,Water,Mage,,,,,,,5,Slow
584086,Water Barrier,Water Barrier,https://tcgplayer-cdn.tcgplayer.com/product/584086_200w.jpg,74,23545,https://cpt.tcgcsv.com/LFH6,2024-10-11T04:08:17.513,1,0.07,0.18,0.52,0.13,,Normal,Common,162,"The next time damage would be dealt to your champion this turn, prevent all but 1 of that damage.<br><br>
[Class Bonus] Floating Memory (While paying for a memory cost, you may banish this card from your graveyard to pay for 1 of that cost.)",Action,Reaction;Spell,Water,Cleric;Mage,,,,,,,3,Fast
584086,Water Barrier,Water Barrier,https://tcgplayer-cdn.tcgplayer.com/product/584086_200w.jpg,74,23545,https://cpt.tcgcsv.com/LFH6,2024-10-11T04:08:17.513,1,0.7,5.28,19.99,4.36,,Foil,Common,162,"The next time damage would be dealt to your champion this turn, prevent all but 1 of that damage.<br><br>
[Class Bonus] Floating Memory (While paying for a memory cost, you may banish this card from your graveyard to pay for 1 of that cost.)",Action,Reaction;Spell,Water,Cleric;Mage,,,,,,,3,Fast
584087,Wuji of Lingering Fate,Wuji of Lingering Fate,https://tcgplayer-cdn.tcgplayer.com/product/584087_200w.jpg,74,23545,https://cpt.tcgcsv.com/MFH6,2024-10-11T04:08:17.513,1,1.1,8.74,11.94,,,Foil,Rare,163,"On Enter: Deal 3 damage to target rested ally you don't control.<br><br>
<br><br>
Whenever your Shifting Currents change from facing West to East, you may sacrifice Wuji of Lingering Fate. If you do, target player puts the top three cards of their deck into their graveyard.",Phantasia,Spell,Water,Mage,,,,,,,2,
584087,Wuji of Lingering Fate,Wuji of Lingering Fate,https://tcgplayer-cdn.tcgplayer.com/product/584087_200w.jpg,74,23545,https://cpt.tcgcsv.com/MFH6,2024-10-11T04:08:17.513,1,0.2,0.46,2.0,0.32,,Normal,Rare,163,"On Enter: Deal 3 damage to target rested ally you don't control.<br><br>
<br><br>
Whenever your Shifting Currents change from facing West to East, you may sacrifice Wuji of Lingering Fate. If you do, target player puts the top three cards of their deck into their graveyard.",Phantasia,Spell,Water,Mage,,,,,,,2,
584088,"Xia Hou Dun, Gloryseeker",Xia Hou Dun Gloryseeker,https://tcgplayer-cdn.tcgplayer.com/product/584088_200w.jpg,74,23545,https://cpt.tcgcsv.com/NFH6,2024-10-11T04:08:17.513,1,1.49,2.49,17.09,1.91,,Normal,Super Rare,164,"Ranged 2 (As long as this unit is distant, its attacks get +2 power.)<br><br>
<br><br>
[Class Bonus] As long as you control a Sword or Bow weapon, Xia Hou Don gets +1 power. (Apply this effect only if your champion's class matches this card's class.)",Ally;Unique,Human,Water,Warrior;Ranger,,,4,,1,,3,
584088,"Xia Hou Dun, Gloryseeker",Xia Hou Dun Gloryseeker,https://tcgplayer-cdn.tcgplayer.com/product/584088_200w.jpg,74,23545,https://cpt.tcgcsv.com/NFH6,2024-10-11T04:08:17.513,1,11.31,30.0,42.97,11.31,,Foil,Super Rare,164,"Ranged 2 (As long as this unit is distant, its attacks get +2 power.)<br><br>
<br><br>
[Class Bonus] As long as you control a Sword or Bow weapon, Xia Hou Don gets +1 power. (Apply this effect only if your champion's class matches this card's class.)",Ally;Unique,Human,Water,Warrior;Ranger,,,4,,1,,3,
584089,"Xia Hou Dun, Gloryseeker (CSR)",Xia Hou Dun Gloryseeker CSR,https://tcgplayer-cdn.tcgplayer.com/product/584089_200w.jpg,74,23545,https://cpt.tcgcsv.com/PFH6,2024-10-23T13:43:52.05,1,174.69,180.0,590.0,200.0,,Foil,Collector Super Rare,164,"Ranged 2 (As long as this unit is distant, its attacks get +2 power.)<br>
<br>
<br>
<br>
[Class Bonus] As long as you control a Sword or Bow weapon, Xia Hou Don gets +1 power. (Apply this effect only if your champion's class matches this card's class.)",Ally;Unique,Human,Water,Warrior;Ranger,,,4,,1,,3,
584090,Adept Swordmaster,Adept Swordmaster,https://tcgplayer-cdn.tcgplayer.com/product/584090_200w.jpg,74,23545,https://cpt.tcgcsv.com/QFH6,2024-10-11T04:08:17.513,1,0.3,0.64,1.8,0.46,,Normal,Rare,165,"Intercept (Whenever your champion is attacked while this ally is awake, you may redirect that attack to this ally.) <br><br>
<br><br>
[Class Bonus] Weapons you control get +1 power. (Apply this effect only if your champion's class matches this card's class.)",Ally,Human,Wind,Warrior,,,2,,1,,2,
584090,Adept Swordmaster,Adept Swordmaster,https://tcgplayer-cdn.tcgplayer.com/product/584090_200w.jpg,74,23545,https://cpt.tcgcsv.com/QFH6,2024-10-11T04:08:17.513,1,1.84,2.0,12.99,2.32,,Foil,Rare,165,"Intercept (Whenever your champion is attacked while this ally is awake, you may redirect that attack to this ally.) <br><br>
<br><br>
[Class Bonus] Weapons you control get +1 power. (Apply this effect only if your champion's class matches this card's class.)",Ally,Human,Wind,Warrior,,,2,,1,,2,
584091,Apprentice Aeromancer,Apprentice Aeromancer,https://tcgplayer-cdn.tcgplayer.com/product/584091_200w.jpg,74,23545,https://cpt.tcgcsv.com/RFH6,2024-10-11T04:08:17.513,1,0.15,0.25,0.99,0.17,,Normal,Uncommon,166,"[Class Bonus] On Enter: Empower 2. (The next Spell card you activate this turn activates and resolves as if your champion got +2 level.)<br><br>
<br><br>
[Class Bonus] Whenever you activate a wind element Spell card, Apprentice Aeromancer gets +1 power until end of turn.",Ally,Human,Wind,Cleric;Mage,,,2,,1,,2,
584091,Apprentice Aeromancer,Apprentice Aeromancer,https://tcgplayer-cdn.tcgplayer.com/product/584091_200w.jpg,74,23545,https://cpt.tcgcsv.com/RFH6,2024-10-11T04:08:17.513,1,0.99,1.99,8.0,1.74,,Foil,Uncommon,166,"[Class Bonus] On Enter: Empower 2. (The next Spell card you activate this turn activates and resolves as if your champion got +2 level.)<br><br>
<br><br>
[Class Bonus] Whenever you activate a wind element Spell card, Apprentice Aeromancer gets +1 power until end of turn.",Ally,Human,Wind,Cleric;Mage,,,2,,1,,2,
584092,Arrow Trap,Arrow Trap,https://tcgplayer-cdn.tcgplayer.com/product/584092_200w.jpg,74,23545,https://cpt.tcgcsv.com/SFH6,2024-10-11T04:08:17.513,1,2.91,13.59,24.0,16.99,,Foil,Uncommon,167,"Prepare 1 (You may remove a preparation counter from your champion as you activate this card.)<br><br>
<br><br>
Return target attacking ally to its owner's hand. Class Bonus: If Arrow Trap was prepared, destroy that ally instead.",Action,Reaction;Skill,Wind,Assassin;Ranger,,,,,,,2,Fast
584092,Arrow Trap,Arrow Trap,https://tcgplayer-cdn.tcgplayer.com/product/584092_200w.jpg,74,23545,https://cpt.tcgcsv.com/SFH6,2024-10-11T04:08:17.513,1,0.07,0.19,0.75,0.19,,Normal,Uncommon,167,"Prepare 1 (You may remove a preparation counter from your champion as you activate this card.)<br><br>
<br><br>
Return target attacking ally to its owner's hand. Class Bonus: If Arrow Trap was prepared, destroy that ally instead.",Action,Reaction;Skill,Wind,Assassin;Ranger,,,,,,,2,Fast
584093,Axis Gale Scholar,Axis Gale Scholar,https://tcgplayer-cdn.tcgplayer.com/product/584093_200w.jpg,74,23545,https://cpt.tcgcsv.com/TFH6,2024-10-11T04:08:17.513,1,0.4,0.91,21.0,0.74,,Normal,Super Rare,168,"As long as your Shifting Currents face North, Axis Gale Scholar gets +2 power.<br><br>
<br><br>
As long as your Shifting Currents face South, allies you control get +1 life.",Ally,Human,Wind,Mage,,,3,"<em>No matter the direction, the winds grant us guidance.</em>",1,,3,
584093,Axis Gale Scholar,Axis Gale Scholar,https://tcgplayer-cdn.tcgplayer.com/product/584093_200w.jpg,74,23545,https://cpt.tcgcsv.com/TFH6,2024-10-11T04:08:17.513,1,8.0,9.99,34.99,16.37,,Foil,Super Rare,168,"As long as your Shifting Currents face North, Axis Gale Scholar gets +2 power.<br><br>
<br><br>
As long as your Shifting Currents face South, allies you control get +1 life.",Ally,Human,Wind,Mage,,,3,"<em>No matter the direction, the winds grant us guidance.</em>",1,,3,
584094,Bagua of Cardinal Fate,Bagua of Cardinal Fate,https://tcgplayer-cdn.tcgplayer.com/product/584094_200w.jpg,74,23545,https://cpt.tcgcsv.com/VFH6,2024-10-11T04:08:17.513,1,8.0,10.22,38.99,10.82,,Foil,Rare,169,"Depending on your Shifting Currents' direction—<br><br>
• North— Put a buff counter on an ally you control.<br><br>
• South— Return an ally you control to your owner's hand.<br><br>
• West— Glimpse 3. Draw a card.<br><br>
• East— Wake up each defending ally. They each get +2 power until end of turn.",Action,Spell,Wind,Mage,,,,,,,1,Fast
584094,Bagua of Cardinal Fate,Bagua of Cardinal Fate,https://tcgplayer-cdn.tcgplayer.com/product/584094_200w.jpg,74,23545,https://cpt.tcgcsv.com/VFH6,2024-10-11T04:08:17.513,1,0.99,2.2,10.99,1.45,,Normal,Rare,169,"Depending on your Shifting Currents' direction—<br><br>
• North— Put a buff counter on an ally you control.<br><br>
• South— Return an ally you control to your owner's hand.<br><br>
• West— Glimpse 3. Draw a card.<br><br>
• East— Wake up each defending ally. They each get +2 power until end of turn.",Action,Spell,Wind,Mage,,,,,,,1,Fast
584095,Beseeching Flourish,Beseeching Flourish,https://tcgplayer-cdn.tcgplayer.com/product/584095_200w.jpg,74,23545,https://cpt.tcgcsv.com/WFH6,2024-10-11T04:08:17.513,1,0.24,0.72,2.0,0.51,,Normal,Rare,170,[Jin Bonus] On Hit: Materialize a Polearm weapon card from your material deck. (Apply this effect only if your champion is Jin. You still pay the costs for the materialization.),Attack,Polearm,Wind,Warrior,,,,"<em>Broken? No matter, I have another.</em>",3,,3,
584095,Beseeching Flourish,Beseeching Flourish,https://tcgplayer-cdn.tcgplayer.com/product/584095_200w.jpg,74,23545,https://cpt.tcgcsv.com/WFH6,2024-10-11T04:08:17.513,1,7.99,8.34,14.4,7.12,,Foil,Rare,170,[Jin Bonus] On Hit: Materialize a Polearm weapon card from your material deck. (Apply this effect only if your champion is Jin. You still pay the costs for the materialization.),Attack,Polearm,Wind,Warrior,,,,"<em>Broken? No matter, I have another.</em>",3,,3,
584096,Brisk Windtrotter,Brisk Windtrotter,https://tcgplayer-cdn.tcgplayer.com/product/584096_200w.jpg,74,23545,https://cpt.tcgcsv.com/XFH6,2024-10-11T04:08:17.513,1,8.48,9.85,16.0,6.18,,Foil,Uncommon,171,"On Enter: Put a buff counter on another target ally you control. (Allies get +1 power and +1 life for each buff counter on them.)<br><br>
<br><br>
[Level 2+] On Enter: Put a buff counter on another target ally you control. (Apply this effect only if your champion is level 2 or higher.)",Ally,Animal;Horse,Wind,Tamer,,,1,,1,,2,
584096,Brisk Windtrotter,Brisk Windtrotter,https://tcgplayer-cdn.tcgplayer.com/product/584096_200w.jpg,74,23545,https://cpt.tcgcsv.com/XFH6,2024-10-11T04:08:17.513,1,0.22,0.35,0.58,0.35,,Normal,Uncommon,171,"On Enter: Put a buff counter on another target ally you control. (Allies get +1 power and +1 life for each buff counter on them.)<br><br>
<br><br>
[Level 2+] On Enter: Put a buff counter on another target ally you control. (Apply this effect only if your champion is level 2 or higher.)",Ally,Animal;Horse,Wind,Tamer,,,1,,1,,2,
584097,Cyclical Breeze,Cyclical Breeze,https://tcgplayer-cdn.tcgplayer.com/product/584097_200w.jpg,74,23545,https://cpt.tcgcsv.com/ZFH6,2024-10-11T04:08:17.513,1,0.01,0.18,0.52,0.1,,Normal,Common,172,"[Class Bonus] This card costs 2 less to activate. (Apply this effect only if your champion's class matches this card's class.)<br><br>
<br><br>
Return target wind element Spell card from your graveyard to your hand.",Action,Spell,Wind,Cleric;Mage,,,,,,,4,Slow
584097,Cyclical Breeze,Cyclical Breeze,https://tcgplayer-cdn.tcgplayer.com/product/584097_200w.jpg,74,23545,https://cpt.tcgcsv.com/ZFH6,2024-10-11T04:08:17.513,1,2.0,5.87,17.0,2.84,,Foil,Common,172,"[Class Bonus] This card costs 2 less to activate. (Apply this effect only if your champion's class matches this card's class.)<br><br>
<br><br>
Return target wind element Spell card from your graveyard to your hand.",Action,Spell,Wind,Cleric;Mage,,,,,,,4,Slow
584098,"Dilu, Auspicious Charger",Dilu Auspicious Charger,https://tcgplayer-cdn.tcgplayer.com/product/584098_200w.jpg,74,23545,https://cpt.tcgcsv.com/-FH6,2024-10-11T04:08:17.513,1,14.31,15.3,38.81,9.99,,Foil,Super Rare,173,"Pride 3 (This ally won't obey you unless your champion is level 3 or higher. You can't attack with, intercept with, or activate abilities of allies that don't obey you.)<br><br>
<br><br>
As long as you control a wind element unique Human ally, Dilu loses pride and has vigor.",Ally;Unique,Beast;Horse,Wind,Tamer;Ranger,,,4,"<em>""A beautiful white steed who can outrun fate.""
—Liu Bei, Oathkeeper</em>",3,,2,
584098,"Dilu, Auspicious Charger",Dilu Auspicious Charger,https://tcgplayer-cdn.tcgplayer.com/product/584098_200w.jpg,74,23545,https://cpt.tcgcsv.com/-FH6,2024-10-11T04:08:17.513,1,4.68,6.14,32.0,5.62,,Normal,Super Rare,173,"Pride 3 (This ally won't obey you unless your champion is level 3 or higher. You can't attack with, intercept with, or activate abilities of allies that don't obey you.)<br><br>
<br><br>
As long as you control a wind element unique Human ally, Dilu loses pride and has vigor.",Ally;Unique,Beast;Horse,Wind,Tamer;Ranger,,,4,"<em>""A beautiful white steed who can outrun fate.""
—Liu Bei, Oathkeeper</em>",3,,2,
584099,Disorienting Winds,Disorienting Winds,https://tcgplayer-cdn.tcgplayer.com/product/584099_200w.jpg,74,23545,https://cpt.tcgcsv.com/_FH6,2024-10-11T04:08:17.513,1,1.0,4.24,22.99,2.48,,Foil,Uncommon,174,"Efficiency (This card costs LV less to activate. LV refers to your champion's level.)<br><br>
Return target ally to its owner's hand. Draw a card.",Action,Spell,Wind,Mage,,,,"<em>Her beauty precedes her, her power even more so.</em>",,,5,Fast
584099,Disorienting Winds,Disorienting Winds,https://tcgplayer-cdn.tcgplayer.com/product/584099_200w.jpg,74,23545,https://cpt.tcgcsv.com/_FH6,2024-10-11T04:08:17.513,1,0.05,0.23,0.55,0.18,,Normal,Uncommon,174,"Efficiency (This card costs LV less to activate. LV refers to your champion's level.)<br><br>
Return target ally to its owner's hand. Draw a card.",Action,Spell,Wind,Mage,,,,"<em>Her beauty precedes her, her power even more so.</em>",,,5,Fast
584100,Fairy Whispers,Fairy Whispers,https://tcgplayer-cdn.tcgplayer.com/product/584100_200w.jpg,74,23545,https://cpt.tcgcsv.com/0GH6,2024-10-11T04:08:17.513,1,0.13,0.22,1.0,0.22,,Normal,Common,175,"Glimpse 3. (To glimpse, look at that many cards from the top of your deck. Put those cards back on the top or on the bottom of your deck in any order.)<br><br>
Reveal the top card of your deck. If that card is wind element, put it into your hand.",Action,Spell,Wind,Mage,,,,,,,1,Fast
584100,Fairy Whispers,Fairy Whispers,https://tcgplayer-cdn.tcgplayer.com/product/584100_200w.jpg,74,23545,https://cpt.tcgcsv.com/0GH6,2024-10-11T04:08:17.513,1,9.49,9.99,25.0,7.44,,Foil,Common,175,"Glimpse 3. (To glimpse, look at that many cards from the top of your deck. Put those cards back on the top or on the bottom of your deck in any order.)<br><br>
Reveal the top card of your deck. If that card is wind element, put it into your hand.",Action,Spell,Wind,Mage,,,,,,,1,Fast
584101,Favorable Winds,Favorable Winds,https://tcgplayer-cdn.tcgplayer.com/product/584101_200w.jpg,74,23545,https://cpt.tcgcsv.com/2GH6,2024-10-11T04:08:17.513,1,1.42,2.48,5.28,2.48,,Foil,Common,176,"Allies you control get +1 life until end of turn.<br><br>
Floating Memory (While paying for a memory cost, you may banish this card from your graveyard to pay for 1 of that cost.)",Action,Spell,Wind,Mage,,,,<em>March forward without fear.</em>,,,1,Fast
584101,Favorable Winds,Favorable Winds,https://tcgplayer-cdn.tcgplayer.com/product/584101_200w.jpg,74,23545,https://cpt.tcgcsv.com/2GH6,2024-10-11T04:08:17.513,1,0.03,0.18,0.52,0.12,,Normal,Common,176,"Allies you control get +1 life until end of turn.<br><br>
Floating Memory (While paying for a memory cost, you may banish this card from your graveyard to pay for 1 of that cost.)",Action,Spell,Wind,Mage,,,,<em>March forward without fear.</em>,,,1,Fast
584102,Fraternal Garrison,Fraternal Garrison,https://tcgplayer-cdn.tcgplayer.com/product/584102_200w.jpg,74,23545,https://cpt.tcgcsv.com/3GH6,2024-10-11T04:08:17.513,1,0.25,0.43,2.0,0.36,,Normal,Rare,177,"[Jin Bonus] Whenever another ally enters the field under your control, Fraternal Garrison gets +1 power until end of turn. (Apply this effect only if your champion is Jin.)",Ally,Human,Wind,Warrior,,,3,<em>United on the battlefield. United in victory.</em>,1,,2,
584102,Fraternal Garrison,Fraternal Garrison,https://tcgplayer-cdn.tcgplayer.com/product/584102_200w.jpg,74,23545,https://cpt.tcgcsv.com/3GH6,2024-10-11T04:08:17.513,1,2.25,6.74,12.33,2.57,,Foil,Rare,177,"[Jin Bonus] Whenever another ally enters the field under your control, Fraternal Garrison gets +1 power until end of turn. (Apply this effect only if your champion is Jin.)",Ally,Human,Wind,Warrior,,,3,<em>United on the battlefield. United in victory.</em>,1,,2,
584103,Galewhisper Rogue,Galewhisper Rogue,https://tcgplayer-cdn.tcgplayer.com/product/584103_200w.jpg,74,23545,https://cpt.tcgcsv.com/5GH6,2024-10-11T04:08:17.513,1,0.79,1.0,5.0,0.93,,Foil,Common,178,[Class Bonus] Stealth (This unit can't be targeted by attacks unless permitted by true sight. Apply this effect only if your champion's class matches this card's class.),Ally,Human,Wind,Assassin,,,2,<em>Only the flash of steel signals her approach.</em>,2,,3,
584103,Galewhisper Rogue,Galewhisper Rogue,https://tcgplayer-cdn.tcgplayer.com/product/584103_200w.jpg,74,23545,https://cpt.tcgcsv.com/5GH6,2024-10-11T04:08:17.513,1,0.07,0.18,0.52,0.09,,Normal,Common,178,[Class Bonus] Stealth (This unit can't be targeted by attacks unless permitted by true sight. Apply this effect only if your champion's class matches this card's class.),Ally,Human,Wind,Assassin,,,2,<em>Only the flash of steel signals her approach.</em>,2,,3,
584104,"Guan Yu, Prime Exemplar",Guan Yu Prime Exemplar,https://tcgplayer-cdn.tcgplayer.com/product/584104_200w.jpg,74,23545,https://cpt.tcgcsv.com/6GH6,2024-10-11T04:08:17.513,1,8.98,11.74,35.0,10.7,,Normal,Super Rare,179,"As long as a Human ally you controlled has died this turn, this card costs 2 less to activate and you may activate it as though it had fast activation.<br><br>
<br><br>
Ambush, Retort 2",Ally;Unique,Human,Wind,Guardian,,,4,,2,,5,
584104,"Guan Yu, Prime Exemplar",Guan Yu Prime Exemplar,https://tcgplayer-cdn.tcgplayer.com/product/584104_200w.jpg,74,23545,https://cpt.tcgcsv.com/6GH6,2024-10-11T04:08:17.513,1,31.78,34.98,98.72,39.99,,Foil,Super Rare,179,"As long as a Human ally you controlled has died this turn, this card costs 2 less to activate and you may activate it as though it had fast activation.<br><br>
<br><br>
Ambush, Retort 2",Ally;Unique,Human,Wind,Guardian,,,4,,2,,5,
584105,"Guan Yu, Prime Exemplar (CSR)",Guan Yu Prime Exemplar CSR,https://tcgplayer-cdn.tcgplayer.com/product/584105_200w.jpg,74,23545,https://cpt.tcgcsv.com/7GH6,2024-10-23T13:41:37.48,1,399.99,599.99,899.95,336.67,,Foil,Collector Super Rare,179,"As long as a Human ally you controlled has died this turn, this card costs 2 less to activate and you may activate it as though it had fast activation.<br>
<br>
<br>
<br>
Ambush, Retort 2",Ally;Unique,Human,Wind,Guardian,,,4,,2,,5,
584106,Infusion of Crescent Jade,Infusion of Crescent Jade,https://tcgplayer-cdn.tcgplayer.com/product/584106_200w.jpg,74,23545,https://cpt.tcgcsv.com/8GH6,2024-10-11T04:08:17.513,1,0.33,0.46,1.62,0.42,,Normal,Rare,180,"Target Polearm weapon gets +1 power until end of turn for each wind element non-champion object you control.<br><br>
<br><br>
[Class Bonus] Floating Memory (While paying for a memory cost, you may banish this card from your graveyard to pay for 1 of that cost.)",Action,Spell,Wind,Warrior,,,,,,,2,Slow
584106,Infusion of Crescent Jade,Infusion of Crescent Jade,https://tcgplayer-cdn.tcgplayer.com/product/584106_200w.jpg,74,23545,https://cpt.tcgcsv.com/8GH6,2024-10-11T04:08:17.513,1,3.5,5.65,12.67,5.65,,Foil,Rare,180,"Target Polearm weapon gets +1 power until end of turn for each wind element non-champion object you control.<br><br>
<br><br>
[Class Bonus] Floating Memory (While paying for a memory cost, you may banish this card from your graveyard to pay for 1 of that cost.)",Action,Spell,Wind,Warrior,,,,,,,2,Slow
584107,Landscape Corsair,Landscape Corsair,https://tcgplayer-cdn.tcgplayer.com/product/584107_200w.jpg,74,23545,https://cpt.tcgcsv.com/9GH6,2024-10-11T04:08:17.513,1,0.25,0.49,50.0,0.34,,Normal,Rare,181,[Kongming Bonus] On Enter: You may change the direction of your Shifting Currents to a different direction of your choice. (Apply this effect only if your champion is Kongming.),Ally,Human,Wind,Warrior,,,3,<em>Neither wind nor rain can stop a dragon.</em>,2,,3,
584107,Landscape Corsair,Landscape Corsair,https://tcgplayer-cdn.tcgplayer.com/product/584107_200w.jpg,74,23545,https://cpt.tcgcsv.com/9GH6,2024-10-11T04:08:17.513,1,2.49,13.0,15.0,3.05,,Foil,Rare,181,[Kongming Bonus] On Enter: You may change the direction of your Shifting Currents to a different direction of your choice. (Apply this effect only if your champion is Kongming.),Ally,Human,Wind,Warrior,,,3,<em>Neither wind nor rain can stop a dragon.</em>,2,,3,
584108,"Liu Bei, Oathkeeper",Liu Bei Oathkeeper,https://tcgplayer-cdn.tcgplayer.com/product/584108_200w.jpg,74,23545,https://cpt.tcgcsv.com/bGH6,2024-10-11T04:08:17.513,1,14.99,18.06,29.99,18.06,,Foil,Super Rare,182,"Ranged 2<br><br>
<br><br>
Whenever another unit you control becomes distant, Liu Bei becomes distant. (Units stay distant until the end of their controller's turn.)",Ally;Unique,Human,Wind,Ranger,,,3,<em>The promise we made... Careful not to forget it.</em>,2,,3,
584108,"Liu Bei, Oathkeeper",Liu Bei Oathkeeper,https://tcgplayer-cdn.tcgplayer.com/product/584108_200w.jpg,74,23545,https://cpt.tcgcsv.com/bGH6,2024-10-11T04:08:17.513,1,4.5,8.5,510.55,5.43,,Normal,Super Rare,182,"Ranged 2<br><br>
<br><br>
Whenever another unit you control becomes distant, Liu Bei becomes distant. (Units stay distant until the end of their controller's turn.)",Ally;Unique,Human,Wind,Ranger,,,3,<em>The promise we made... Careful not to forget it.</em>,2,,3,
584109,"Liu Bei, Oathkeeper (CSR)",Liu Bei Oathkeeper CSR,https://tcgplayer-cdn.tcgplayer.com/product/584109_200w.jpg,74,23545,https://cpt.tcgcsv.com/cGH6,2024-10-23T13:44:16.943,1,244.99,249.99,396.99,227.76,,Foil,Collector Super Rare,182,"Ranged 2<br>
<br>
<br>
<br>
Whenever another unit you control becomes distant, Liu Bei becomes distant. (Units stay distant until the end of their controller's turn.)",Ally;Unique,Human,Wind,Ranger,,,3,<em>The promise we made... Careful not to forget it.</em>,2,,3,
584110,Mark of Fervor,Mark of Fervor,https://tcgplayer-cdn.tcgplayer.com/product/584110_200w.jpg,74,23545,https://cpt.tcgcsv.com/dGH6,2024-10-11T04:08:17.513,1,0.87,1.95,5.0,0.87,,Foil,Uncommon,183,"Ally Link (This object enters the field linked to target ally. If the link is broken, sacrifice this object.)<br><br>
<br><br>
Linked ally gets +1 Power and +1 Life, and has vigor.",Phantasia,Spell,Wind,Tamer,,,,<em>A master beastbonder can awaken the latent power hidden within nature's children.</em>,,,2,
584110,Mark of Fervor,Mark of Fervor,https://tcgplayer-cdn.tcgplayer.com/product/584110_200w.jpg,74,23545,https://cpt.tcgcsv.com/dGH6,2024-10-11T04:08:17.513,1,0.05,0.2,0.52,0.11,,Normal,Uncommon,183,"Ally Link (This object enters the field linked to target ally. If the link is broken, sacrifice this object.)<br><br>
<br><br>
Linked ally gets +1 Power and +1 Life, and has vigor.",Phantasia,Spell,Wind,Tamer,,,,<em>A master beastbonder can awaken the latent power hidden within nature's children.</em>,,,2,
584111,Materialize Polearm,Materialize Polearm,https://tcgplayer-cdn.tcgplayer.com/product/584111_200w.jpg,74,23545,https://cpt.tcgcsv.com/fGH6,2024-10-11T04:08:17.513,1,0.07,0.21,0.99,0.08,,Normal,Uncommon,184,"[Class Bonus] This card costs 1 less to activate. (Apply this effect only if your champion's class matches this card's class.)<br><br>
<br><br>
Materialize a Polearm card from your material deck. (You still pay its costs.)",Action,Spell,Wind,Warrior,,,,,,,4,Fast
584111,Materialize Polearm,Materialize Polearm,https://tcgplayer-cdn.tcgplayer.com/product/584111_200w.jpg,74,23545,https://cpt.tcgcsv.com/fGH6,2024-10-11T04:08:17.513,1,0.85,5.45,14.99,,,Foil,Uncommon,184,"[Class Bonus] This card costs 1 less to activate. (Apply this effect only if your champion's class matches this card's class.)<br><br>
<br><br>
Materialize a Polearm card from your material deck. (You still pay its costs.)",Action,Spell,Wind,Warrior,,,,,,,4,Fast
584112,Oath of the Sakura,Oath of the Sakura,https://tcgplayer-cdn.tcgplayer.com/product/584112_200w.jpg,74,23545,https://cpt.tcgcsv.com/gGH6,2024-10-11T04:08:17.513,1,7.69,9.0,23.94,8.07,,Foil,Rare,185,"Put a buff counter on each ally you control.<br><br>
<br><br>
If you control exactly three unique allies, they each get +2 power until end of turn.",Action,Skill,Wind,Warrior,,,,"<em>Though of different heritage, we come together as sisters, sworn to protect in danger and aid in crisis.</em>",,,3,Slow
584112,Oath of the Sakura,Oath of the Sakura,https://tcgplayer-cdn.tcgplayer.com/product/584112_200w.jpg,74,23545,https://cpt.tcgcsv.com/gGH6,2024-10-11T04:08:17.513,1,0.99,1.99,5.0,1.19,,Normal,Rare,185,"Put a buff counter on each ally you control.<br><br>
<br><br>
If you control exactly three unique allies, they each get +2 power until end of turn.",Action,Skill,Wind,Warrior,,,,"<em>Though of different heritage, we come together as sisters, sworn to protect in danger and aid in crisis.</em>",,,3,Slow
584113,Phalanx Captain,Phalanx Captain,https://tcgplayer-cdn.tcgplayer.com/product/584113_200w.jpg,74,23545,https://cpt.tcgcsv.com/hGH6,2024-10-11T04:08:17.513,1,0.2,0.25,0.54,0.23,,Normal,Uncommon,186,"[Class Bonus] This card costs 1 less to activate for each Human ally you control. (Apply this effect only if your champion's class matches this card's class.)<br><br>
Other Human allies you control get +1 power as long as they're attacking.",Ally,Human,Wind,Warrior,,,4,,1,,5,
584113,Phalanx Captain,Phalanx Captain,https://tcgplayer-cdn.tcgplayer.com/product/584113_200w.jpg,74,23545,https://cpt.tcgcsv.com/hGH6,2024-10-11T04:08:17.513,1,1.0,2.18,5.99,1.61,,Foil,Uncommon,186,"[Class Bonus] This card costs 1 less to activate for each Human ally you control. (Apply this effect only if your champion's class matches this card's class.)<br><br>
Other Human allies you control get +1 power as long as they're attacking.",Ally,Human,Wind,Warrior,,,4,,1,,5,
584114,Poised Rearguard,Poised Rearguard,https://tcgplayer-cdn.tcgplayer.com/product/584114_200w.jpg,74,23545,https://cpt.tcgcsv.com/jGH6,2024-10-11T04:08:17.513,1,2.81,3.69,11.79,3.99,,Foil,Uncommon,187,"Hindered (This ally enters the field rested.)<br><br>
<br><br>
[Class Bonus] Equestrian — On Enter: If you control a Horse ally, wake up Poised Rearguard.",Ally,Human,Wind,Guardian,,,3,"<em>Trained in the capital of the Yunzhou Domain, these soldiers often originate from the local farmlands.</em>",3,,3,
584114,Poised Rearguard,Poised Rearguard,https://tcgplayer-cdn.tcgplayer.com/product/584114_200w.jpg,74,23545,https://cpt.tcgcsv.com/jGH6,2024-10-11T04:08:17.513,1,0.08,0.2,0.99,0.09,,Normal,Uncommon,187,"Hindered (This ally enters the field rested.)<br><br>
<br><br>
[Class Bonus] Equestrian — On Enter: If you control a Horse ally, wake up Poised Rearguard.",Ally,Human,Wind,Guardian,,,3,"<em>Trained in the capital of the Yunzhou Domain, these soldiers often originate from the local farmlands.</em>",3,,3,
584115,Razorgale Calling,Razorgale Calling,https://tcgplayer-cdn.tcgplayer.com/product/584115_200w.jpg,74,23545,https://cpt.tcgcsv.com/kGH6,2024-10-11T04:08:17.513,1,5.63,8.47,14.99,6.02,,Foil,Common,188,"[Class Bonus] This card costs 2 less to activate. (Apply this effect only if your champion's class matches this card's class.)<br><br>
<br><br>
Whenever you activate a wind element card, deal 1 damage to target champion.",Phantasia,Spell,Wind,Cleric,,,,,,,4,
584115,Razorgale Calling,Razorgale Calling,https://tcgplayer-cdn.tcgplayer.com/product/584115_200w.jpg,74,23545,https://cpt.tcgcsv.com/kGH6,2024-10-11T04:08:17.513,1,0.07,0.2,0.75,0.14,,Normal,Common,188,"[Class Bonus] This card costs 2 less to activate. (Apply this effect only if your champion's class matches this card's class.)<br><br>
<br><br>
Whenever you activate a wind element card, deal 1 damage to target champion.",Phantasia,Spell,Wind,Cleric,,,,,,,4,
584116,Shu Frontliner,Shu Frontliner,https://tcgplayer-cdn.tcgplayer.com/product/584116_200w.jpg,74,23545,https://cpt.tcgcsv.com/lGH6,2024-10-11T04:08:17.513,1,0.03,0.2,0.52,0.09,,Normal,Common,189,"Equestrian — As long as you control a Horse ally, this card costs 1 less to activate.<br><br>
<br><br>
[Class Bonus] Floating Memory (While paying for a memory cost, you may banish this card from your graveyard to pay for 1 of that cost.)",Ally,Human,Wind,Warrior,,,2,,1,,2,
584116,Shu Frontliner,Shu Frontliner,https://tcgplayer-cdn.tcgplayer.com/product/584116_200w.jpg,74,23545,https://cpt.tcgcsv.com/lGH6,2024-10-11T04:08:17.513,1,0.85,0.95,5.0,1.22,,Foil,Common,189,"Equestrian — As long as you control a Horse ally, this card costs 1 less to activate.<br><br>
<br><br>
[Class Bonus] Floating Memory (While paying for a memory cost, you may banish this card from your graveyard to pay for 1 of that cost.)",Ally,Human,Wind,Warrior,,,2,,1,,2,
584117,Soothing Disillusion,Soothing Disillusion,https://tcgplayer-cdn.tcgplayer.com/product/584117_200w.jpg,74,23545,https://cpt.tcgcsv.com/mGH6,2024-10-11T04:08:17.513,1,2.45,2.99,10.0,5.75,,Foil,Rare,190,"Choose one—<br><br>
• Destroy target phantasia.<br><br>
• Put a buff counter on target Animal or Beast ally.",Action,Spell,Wind,Cleric;Tamer,,,,"<em>Though many spoke of Guo Jia's unbound kindness, she could never admit that it was guilt that drove her.</em>",,,2,Slow
584117,Soothing Disillusion,Soothing Disillusion,https://tcgplayer-cdn.tcgplayer.com/product/584117_200w.jpg,74,23545,https://cpt.tcgcsv.com/mGH6,2024-10-11T04:08:17.513,1,0.2,0.42,1.49,0.34,,Normal,Rare,190,"Choose one—<br><br>
• Destroy target phantasia.<br><br>
• Put a buff counter on target Animal or Beast ally.",Action,Spell,Wind,Cleric;Tamer,,,,"<em>Though many spoke of Guo Jia's unbound kindness, she could never admit that it was guilt that drove her.</em>",,,2,Slow
584118,Swift Recruit,Swift Recruit,https://tcgplayer-cdn.tcgplayer.com/product/584118_200w.jpg,74,23545,https://cpt.tcgcsv.com/nGH6,2024-10-11T04:08:17.513,1,0.05,0.2,0.52,0.13,,Normal,Common,191,"Intercept (Whenever your champion is attacked while this ally is awake, you may redirect that attack to this ally.)<br><br>
Floating Memory (While paying for a memory cost, you may banish this card from your graveyard to pay for 1 of that cost.)",Ally,Human,Wind,Warrior,,,2,,1,,2,
584118,Swift Recruit,Swift Recruit,https://tcgplayer-cdn.tcgplayer.com/product/584118_200w.jpg,74,23545,https://cpt.tcgcsv.com/nGH6,2024-10-11T04:08:17.513,1,0.7,3.69,10.1,1.99,,Foil,Common,191,"Intercept (Whenever your champion is attacked while this ally is awake, you may redirect that attack to this ally.)<br><br>
Floating Memory (While paying for a memory cost, you may banish this card from your graveyard to pay for 1 of that cost.)",Ally,Human,Wind,Warrior,,,2,,1,,2,
584119,Tailwind's Blessing,Tailwinds Blessing,https://tcgplayer-cdn.tcgplayer.com/product/584119_200w.jpg,74,23545,https://cpt.tcgcsv.com/pGH6,2024-10-11T04:08:17.513,1,0.65,10.0,29.99,,,Foil,Rare,192,"Whenever your Shifting Currents change from facing North to West, allies you control get +1 power until end of turn.",Phantasia,Spell,Wind,Mage,,,,<em>Ride the winds and charge forth to battle! No foe stands before our blessed strength.</em>,,,1,
584119,Tailwind's Blessing,Tailwinds Blessing,https://tcgplayer-cdn.tcgplayer.com/product/584119_200w.jpg,74,23545,https://cpt.tcgcsv.com/pGH6,2024-10-11T04:08:17.513,1,0.05,0.25,1.4,0.2,,Normal,Rare,192,"Whenever your Shifting Currents change from facing North to West, allies you control get +1 power until end of turn.",Phantasia,Spell,Wind,Mage,,,,<em>Ride the winds and charge forth to battle! No foe stands before our blessed strength.</em>,,,1,
584120,Tempus Stalker,Tempus Stalker,https://tcgplayer-cdn.tcgplayer.com/product/584120_200w.jpg,74,23545,https://cpt.tcgcsv.com/qGH6,2024-10-11T04:08:17.513,1,0.1,0.25,0.75,0.15,,Normal,Uncommon,193,"Pride 2 (This ally won't obey you unless your champion is level 2 or higher. You can't attack with, intercept with, or activate abilities of allies that don't obey you.)<br><br>
<br><br>
[Class Bonus] At the beginning of your recollection phase, put a buff counter on Tempus Stalker. (Allies get +1 power and +1 life for each buff counter on them.)",Ally,Beast;Tiger,Wind,Tamer,,,3,,1,,3,
584120,Tempus Stalker,Tempus Stalker,https://tcgplayer-cdn.tcgplayer.com/product/584120_200w.jpg,74,23545,https://cpt.tcgcsv.com/qGH6,2024-10-11T04:08:17.513,1,0.2,2.0,14.27,1.85,,Foil,Uncommon,193,"Pride 2 (This ally won't obey you unless your champion is level 2 or higher. You can't attack with, intercept with, or activate abilities of allies that don't obey you.)<br><br>
<br><br>
[Class Bonus] At the beginning of your recollection phase, put a buff counter on Tempus Stalker. (Allies get +1 power and +1 life for each buff counter on them.)",Ally,Beast;Tiger,Wind,Tamer,,,3,,1,,3,
584121,Three Visits,Three Visits,https://tcgplayer-cdn.tcgplayer.com/product/584121_200w.jpg,74,23545,https://cpt.tcgcsv.com/rGH6,2024-10-23T13:45:47.093,1,209.99,209.99,209.99,205.5,,Foil,Ultra Rare,194,"[Class Bonus] You may activate this card from your graveyard. If you do, banish it as it resolves.<br>
<br>
<br>
<br>
[Class Bonus] You may activate this card from your banishment. If you do, put it on the bottom of your deck as it resolves.<br>
<br>
<br>
<br>
Rest your champion. If you do, glimpse 2 and recover 2.",Action,Skill,Wind,Cleric;Mage,,,,,,,0,Fast
584121,Three Visits,Three Visits,https://tcgplayer-cdn.tcgplayer.com/product/584121_200w.jpg,74,23545,https://cpt.tcgcsv.com/rGH6,2024-10-23T13:45:47.093,1,35.0,42.0,59.99,30.02,,Normal,Ultra Rare,194,"[Class Bonus] You may activate this card from your graveyard. If you do, banish it as it resolves.<br>
<br>
<br>
<br>
[Class Bonus] You may activate this card from your banishment. If you do, put it on the bottom of your deck as it resolves.<br>
<br>
<br>
<br>
Rest your champion. If you do, glimpse 2 and recover 2.",Action,Skill,Wind,Cleric;Mage,,,,,,,0,Fast
584122,Unrelenting Warden,Unrelenting Warden,https://tcgplayer-cdn.tcgplayer.com/product/584122_200w.jpg,74,23545,https://cpt.tcgcsv.com/sGH6,2024-10-11T04:08:17.513,1,0.07,0.16,0.52,0.11,,Normal,Common,195,"[Class Bonus] Taunt (While awake, this ally must be targeted before other units you control during your opponent's attack declarations if able.)<br><br>
<br><br>
[Level 2+] Vigor (This unit wakes up at the beginning of your end phase.)",Ally,Human,Wind,Guardian,,,3,,2,,3,
584122,Unrelenting Warden,Unrelenting Warden,https://tcgplayer-cdn.tcgplayer.com/product/584122_200w.jpg,74,23545,https://cpt.tcgcsv.com/sGH6,2024-10-11T04:08:17.513,1,0.4,1.0,5.0,0.75,,Foil,Common,195,"[Class Bonus] Taunt (While awake, this ally must be targeted before other units you control during your opponent's attack declarations if able.)<br><br>
<br><br>
[Level 2+] Vigor (This unit wakes up at the beginning of your end phase.)",Ally,Human,Wind,Guardian,,,3,,2,,3,
584123,Vengeful Gust,Vengeful Gust,https://tcgplayer-cdn.tcgplayer.com/product/584123_200w.jpg,74,23545,https://cpt.tcgcsv.com/tGH6,2024-10-11T04:08:17.513,1,0.05,0.25,0.99,0.17,,Normal,Uncommon,196,"Suppress target ally you don't control. (To suppress an ally, banish it and return it to the field under its owner's control at the beginning of the next end phase.)<br><br>
<br><br>
[Level 3+] The next time that card would enter the field this turn, it enters with ""On Enter: Deal 4 damage to your champion.""",Action,Spell,Wind,Mage,,,,,,,3,Slow
584123,Vengeful Gust,Vengeful Gust,https://tcgplayer-cdn.tcgplayer.com/product/584123_200w.jpg,74,23545,https://cpt.tcgcsv.com/tGH6,2024-10-11T04:08:17.513,1,0.7,1.99,7.99,1.19,,Foil,Uncommon,196,"Suppress target ally you don't control. (To suppress an ally, banish it and return it to the field under its owner's control at the beginning of the next end phase.)<br><br>
<br><br>
[Level 3+] The next time that card would enter the field this turn, it enters with ""On Enter: Deal 4 damage to your champion.""",Action,Spell,Wind,Mage,,,,,,,3,Slow
584124,Wildgrowth Feline,Wildgrowth Feline,https://tcgplayer-cdn.tcgplayer.com/product/584124_200w.jpg,74,23545,https://cpt.tcgcsv.com/vGH6,2024-10-11T04:08:17.513,1,0.84,3.04,7.99,3.86,,Foil,Common,197,"[Class Bonus] Whenever another Animal and/or Beast ally enters the field under your control, put a buff counter on Wildgrowth Feline. (Allies get +1 power and +1 life for each buff counter on them. Apply this effect only if your champion's class matches this card's class.)",Ally,Animal;Cat,Wind,Tamer,,,2,,1,,2,
584124,Wildgrowth Feline,Wildgrowth Feline,https://tcgplayer-cdn.tcgplayer.com/product/584124_200w.jpg,74,23545,https://cpt.tcgcsv.com/vGH6,2024-10-11T04:08:17.513,1,0.03,0.2,0.75,0.11,,Normal,Common,197,"[Class Bonus] Whenever another Animal and/or Beast ally enters the field under your control, put a buff counter on Wildgrowth Feline. (Allies get +1 power and +1 life for each buff counter on them. Apply this effect only if your champion's class matches this card's class.)",Ally,Animal;Cat,Wind,Tamer,,,2,,1,,2,
584125,Wind Cutter,Wind Cutter,https://tcgplayer-cdn.tcgplayer.com/product/584125_200w.jpg,74,23545,https://cpt.tcgcsv.com/wGH6,2024-10-11T04:08:17.513,1,0.08,0.2,0.89,0.13,,Normal,Uncommon,198,"[Class Bonus] Wind Cutter gets +1 power. (Apply this effect only if your champion's class matches this card's class.)<br><br>
<br><br>
On Hit: Reveal a card at random from your memory. If that card is wind element, put Wind Cutter into its owner's memory.",Attack,Sword,Wind,Warrior;Ranger,,,,,1,,2,
584125,Wind Cutter,Wind Cutter,https://tcgplayer-cdn.tcgplayer.com/product/584125_200w.jpg,74,23545,https://cpt.tcgcsv.com/wGH6,2024-10-11T04:08:17.513,1,0.94,1.99,10.0,0.98,,Foil,Uncommon,198,"[Class Bonus] Wind Cutter gets +1 power. (Apply this effect only if your champion's class matches this card's class.)<br><br>
<br><br>
On Hit: Reveal a card at random from your memory. If that card is wind element, put Wind Cutter into its owner's memory.",Attack,Sword,Wind,Warrior;Ranger,,,,,1,,2,
584126,Yunzhou Cavalry,Yunzhou Cavalry,https://tcgplayer-cdn.tcgplayer.com/product/584126_200w.jpg,74,23545,https://cpt.tcgcsv.com/xGH6,2024-10-11T04:08:17.513,1,1.95,3.45,8.0,2.92,,Foil,Uncommon,199,"[Class Bonus] Ranged 2 (As long as this unit is distant, its attacks get +2 power. Apply this effect only if your champion's class matches this card's class.)<br><br>
<br><br>
Equestrian — On Enter: If you control a Horse ally, Yunzhou Cavalry becomes distant. (Units stay distant until the end of their controller's turn.)",Ally,Human,Wind,Ranger,,,3,,2,,3,
584126,Yunzhou Cavalry,Yunzhou Cavalry,https://tcgplayer-cdn.tcgplayer.com/product/584126_200w.jpg,74,23545,https://cpt.tcgcsv.com/xGH6,2024-10-11T04:08:17.513,1,0.09,0.25,0.75,0.14,,Normal,Uncommon,199,"[Class Bonus] Ranged 2 (As long as this unit is distant, its attacks get +2 power. Apply this effect only if your champion's class matches this card's class.)<br><br>
<br><br>
Equestrian — On Enter: If you control a Horse ally, Yunzhou Cavalry becomes distant. (Units stay distant until the end of their controller's turn.)",Ally,Human,Wind,Ranger,,,3,,2,,3,
584127,Zephyr,Zephyr,https://tcgplayer-cdn.tcgplayer.com/product/584127_200w.jpg,74,23545,https://cpt.tcgcsv.com/zGH6,2024-10-11T04:08:17.513,1,0.2,0.45,1.0,0.41,,Normal,Uncommon,200,"Suppress target ally or regalia. (To suppress an object, banish it and return it to the field under its owner's control at the beginning of the next end phase.)",Action,Spell,Wind,Cleric;Mage,,,,<em>You ruin the scenery.</em>,,,2,Fast
584127,Zephyr,Zephyr,https://tcgplayer-cdn.tcgplayer.com/product/584127_200w.jpg,74,23545,https://cpt.tcgcsv.com/zGH6,2024-10-11T04:08:17.513,1,2.15,7.37,7.99,5.37,,Foil,Uncommon,200,"Suppress target ally or regalia. (To suppress an object, banish it and return it to the field under its owner's control at the beginning of the next end phase.)",Action,Spell,Wind,Cleric;Mage,,,,<em>You ruin the scenery.</em>,,,2,Fast
584128,"Zhang Fei, Spirited Steel",Zhang Fei Spirited Steel,https://tcgplayer-cdn.tcgplayer.com/product/584128_200w.jpg,74,23545,https://cpt.tcgcsv.com/BGH6,2024-10-11T04:08:17.513,1,8.68,10.0,34.99,,,Foil,Super Rare,201,"[Class Bonus] Vigor (This unit wakes up at the beginning of your end phase.)<br><br>
<br><br>
[Class Bonus] At the beginning of your end phase, if Zhang Fei is the only ally you control, put a buff counter on Zhang Fei.",Ally;Unique,Human,Wind,Warrior,,,2,,2,,3,
584128,"Zhang Fei, Spirited Steel",Zhang Fei Spirited Steel,https://tcgplayer-cdn.tcgplayer.com/product/584128_200w.jpg,74,23545,https://cpt.tcgcsv.com/BGH6,2024-10-11T04:08:17.513,1,1.97,3.67,28.0,2.05,,Normal,Super Rare,201,"[Class Bonus] Vigor (This unit wakes up at the beginning of your end phase.)<br><br>
<br><br>
[Class Bonus] At the beginning of your end phase, if Zhang Fei is the only ally you control, put a buff counter on Zhang Fei.",Ally;Unique,Human,Wind,Warrior,,,2,,2,,3,
584129,"Zhang Fei, Spirited Steel (CSR)",Zhang Fei Spirited Steel CSR,https://tcgplayer-cdn.tcgplayer.com/product/584129_200w.jpg,74,23545,https://cpt.tcgcsv.com/CGH6,2024-10-23T13:44:40.83,1,129.99,180.98,250.0,139.31,,Foil,Collector Super Rare,201,"[Class Bonus] Vigor (This unit wakes up at the beginning of your end phase.)<br>
<br>
<br>
<br>
[Class Bonus] At the beginning of your end phase, if Zhang Fei is the only ally you control, put a buff counter on Zhang Fei.",Ally;Unique,Human,Wind,Warrior,,,2,<em>Only through strength can resolve be proven.</em>,2,,3,
584130,Bloodbond Bladesworn,Bloodbond Bladesworn,https://tcgplayer-cdn.tcgplayer.com/product/584130_200w.jpg,74,23545,https://cpt.tcgcsv.com/DGH6,2024-10-11T04:08:17.513,1,1.2,5.99,13.9,2.68,,Foil,Uncommon,202,"[Class Bonus] Bloodbond Bladesworn gets +1 power for every ten damage counters on your champion.<br><br>
<br><br>
Whenever Bloodbond Bladesworn is dealt damage, deal that much damage to your champion.",Ally,Human,Exia,Warrior,,,6,<em>An eye for an eye.</em>,3,,3,
584130,Bloodbond Bladesworn,Bloodbond Bladesworn,https://tcgplayer-cdn.tcgplayer.com/product/584130_200w.jpg,74,23545,https://cpt.tcgcsv.com/DGH6,2024-10-11T04:08:17.513,1,0.16,0.26,0.99,0.21,,Normal,Uncommon,202,"[Class Bonus] Bloodbond Bladesworn gets +1 power for every ten damage counters on your champion.<br><br>
<br><br>
Whenever Bloodbond Bladesworn is dealt damage, deal that much damage to your champion.",Ally,Human,Exia,Warrior,,,6,<em>An eye for an eye.</em>,3,,3,
584131,Conduit of Bloodfire,Conduit of Bloodfire,https://tcgplayer-cdn.tcgplayer.com/product/584131_200w.jpg,74,23545,https://cpt.tcgcsv.com/FGH6,2024-10-11T04:08:17.513,1,2.91,3.92,19.99,3.8,,Foil,Rare,203,"On Enter: Remove all damage counters from each champion your opponents control. For every four counters removed this way, put a buff counter on Conduit of Bloodfire.",Ally,Human,Exia,Mage,,,2,<em>Your pain gives me strength.</em>,3,,3,
584131,Conduit of Bloodfire,Conduit of Bloodfire,https://tcgplayer-cdn.tcgplayer.com/product/584131_200w.jpg,74,23545,https://cpt.tcgcsv.com/FGH6,2024-10-11T04:08:17.513,1,0.25,0.45,1.54,0.33,,Normal,Rare,203,"On Enter: Remove all damage counters from each champion your opponents control. For every four counters removed this way, put a buff counter on Conduit of Bloodfire.",Ally,Human,Exia,Mage,,,2,<em>Your pain gives me strength.</em>,3,,3,
584132,Crimson Prescience,Crimson Prescience,https://tcgplayer-cdn.tcgplayer.com/product/584132_200w.jpg,74,23545,https://cpt.tcgcsv.com/GGH6,2024-10-11T04:08:17.513,1,0.49,0.73,4.99,0.55,,Normal,Rare,204,"[Class Bonus] [Damage 25+] This card costs 1 less to activate. (Apply this effect only if there are twenty-five or more damage counters on your champion.)<br><br>
<br><br>
Choose a card name. Until end of turn, if damage would be dealt to your champion by a source with that name, prevent that damage.",Action,Reaction;Skill,Exia,Warrior,,,,,,,3,Fast
584132,Crimson Prescience,Crimson Prescience,https://tcgplayer-cdn.tcgplayer.com/product/584132_200w.jpg,74,23545,https://cpt.tcgcsv.com/GGH6,2024-10-11T04:08:17.513,1,5.0,6.82,14.65,9.35,,Foil,Rare,204,"[Class Bonus] [Damage 25+] This card costs 1 less to activate. (Apply this effect only if there are twenty-five or more damage counters on your champion.)<br><br>
<br><br>
Choose a card name. Until end of turn, if damage would be dealt to your champion by a source with that name, prevent that damage.",Action,Reaction;Skill,Exia,Warrior,,,,,,,3,Fast
584133,Desperate Cavalier,Desperate Cavalier,https://tcgplayer-cdn.tcgplayer.com/product/584133_200w.jpg,74,23545,https://cpt.tcgcsv.com/HGH6,2024-10-11T04:08:17.513,1,9.01,14.65,34.99,15.29,,Foil,Super Rare,205,"[Class Bonus] On Attack: If your influence is four or less, banish the top two cards of your deck. As long as they're banished you may activate them. As an additional cost to activate each of those cards, deal 2 unpreventable damage to your champion.",Ally,Human,Exia,Warrior,,,2,,2,,2,
584133,Desperate Cavalier,Desperate Cavalier,https://tcgplayer-cdn.tcgplayer.com/product/584133_200w.jpg,74,23545,https://cpt.tcgcsv.com/HGH6,2024-10-11T04:08:17.513,1,0.5,1.0,13.0,0.69,,Normal,Super Rare,205,"[Class Bonus] On Attack: If your influence is four or less, banish the top two cards of your deck. As long as they're banished you may activate them. As an additional cost to activate each of those cards, deal 2 unpreventable damage to your champion.",Ally,Human,Exia,Warrior,,,2,,2,,2,
584134,Exia Sight,Exia Sight,https://tcgplayer-cdn.tcgplayer.com/product/584134_200w.jpg,74,23545,https://cpt.tcgcsv.com/JGH6,2024-10-11T04:08:17.513,1,0.05,0.25,0.75,0.24,,Normal,Uncommon,206,"Draw a card.<br><br>
<br><br>
[Damage 20+] The next card you activate this turn costs 1 less to activate. <em>(Apply this effect only if there are twenty or more damage counters on your champion.)</em>",Action,Cleric;Spell,Exia,Cleric,0,,,<em>Seeing red.</em>,,,,Fast
584134,Exia Sight,Exia Sight,https://tcgplayer-cdn.tcgplayer.com/product/584134_200w.jpg,74,23545,https://cpt.tcgcsv.com/JGH6,2024-10-11T04:08:17.513,1,4.97,7.83,10.99,6.01,,Foil,Uncommon,206,"Draw a card.<br><br>
<br><br>
[Damage 20+] The next card you activate this turn costs 1 less to activate. <em>(Apply this effect only if there are twenty or more damage counters on your champion.)</em>",Action,Cleric;Spell,Exia,Cleric,0,,,<em>Seeing red.</em>,,,,Fast
584135,Fervent Lancer,Fervent Lancer,https://tcgplayer-cdn.tcgplayer.com/product/584135_200w.jpg,74,23545,https://cpt.tcgcsv.com/KGH6,2024-10-11T04:08:17.513,1,11.0,15.0,39.99,19.95,,Foil,Rare,207,"Whenever you activate an exia element card, you may banish it as it resolves. <br><br>
<br><br>
As long as there's a card banished by Fervent Lancer, it gets +2 power and must attack a champion each turn if able.",Ally,Human,Exia,Warrior,,,3,,3,,2,
584135,Fervent Lancer,Fervent Lancer,https://tcgplayer-cdn.tcgplayer.com/product/584135_200w.jpg,74,23545,https://cpt.tcgcsv.com/KGH6,2024-10-11T04:08:17.513,1,0.2,0.56,3.0,0.44,,Normal,Rare,207,"Whenever you activate an exia element card, you may banish it as it resolves. <br><br>
<br><br>
As long as there's a card banished by Fervent Lancer, it gets +2 power and must attack a champion each turn if able.",Ally,Human,Exia,Warrior,,,3,,3,,2,
584136,Hemorrhaging Rend,Hemorrhaging Rend,https://tcgplayer-cdn.tcgplayer.com/product/584136_200w.jpg,74,23545,https://cpt.tcgcsv.com/LGH6,2024-10-11T04:08:17.513,1,0.15,0.25,0.99,0.17,,Normal,Uncommon,208,[Damage 20+] Cleave (Attack all units a chosen opponent controls. This attack can't be intercepted. Apply this effect only if there are twenty or more damage counters on your champion.),Attack,Polearm,Exia,Warrior,,,,"<em>As much as he clung to life, without his humanity, he wondered if he was living at all.</em>",4,,4,
584136,Hemorrhaging Rend,Hemorrhaging Rend,https://tcgplayer-cdn.tcgplayer.com/product/584136_200w.jpg,74,23545,https://cpt.tcgcsv.com/LGH6,2024-10-11T04:08:17.513,1,2.91,3.87,11.0,3.7,,Foil,Uncommon,208,[Damage 20+] Cleave (Attack all units a chosen opponent controls. This attack can't be intercepted. Apply this effect only if there are twenty or more damage counters on your champion.),Attack,Polearm,Exia,Warrior,,,,"<em>As much as he clung to life, without his humanity, he wondered if he was living at all.</em>",4,,4,
584137,Ingress of Sanguine Ire,Ingress of Sanguine Ire,https://tcgplayer-cdn.tcgplayer.com/product/584137_200w.jpg,74,23545,https://cpt.tcgcsv.com/MGH6,2024-10-11T04:08:17.513,1,9.69,9.99,15.0,12.38,,Foil,Rare,209,"Activate this card only during an opponent's end phase.<br><br>
<br><br>
Your champion's first attack during your next turn gets +3 power. If your champion hasn't taken damage this turn, draw two cards into your memory.",Action,Skill,Exia,Warrior,,,,,,,2,Fast
584137,Ingress of Sanguine Ire,Ingress of Sanguine Ire,https://tcgplayer-cdn.tcgplayer.com/product/584137_200w.jpg,74,23545,https://cpt.tcgcsv.com/MGH6,2024-10-11T04:08:17.513,1,0.27,0.73,3.0,0.61,,Normal,Rare,209,"Activate this card only during an opponent's end phase.<br><br>
<br><br>
Your champion's first attack during your next turn gets +3 power. If your champion hasn't taken damage this turn, draw two cards into your memory.",Action,Skill,Exia,Warrior,,,,,,,2,Fast
584138,Mend Flesh,Mend Flesh,https://tcgplayer-cdn.tcgplayer.com/product/584138_200w.jpg,74,23545,https://cpt.tcgcsv.com/NGH6,2024-10-11T04:08:17.513,1,0.24,0.47,1.53,0.38,,Normal,Rare,210,"[Damage 25+] This card costs 2 less to activate. (Apply this effect only if there are twenty-five or more damage counters on your champion.)<br><br>
<br><br>
Recover 8. (To recover, remove that many damage counters from your champion.)",Action,Skill,Exia,Warrior;Cleric,,,,,,,2,Slow
584138,Mend Flesh,Mend Flesh,https://tcgplayer-cdn.tcgplayer.com/product/584138_200w.jpg,74,23545,https://cpt.tcgcsv.com/NGH6,2024-10-11T04:08:17.513,1,14.49,15.49,23.7,14.49,,Foil,Rare,210,"[Damage 25+] This card costs 2 less to activate. (Apply this effect only if there are twenty-five or more damage counters on your champion.)<br><br>
<br><br>
Recover 8. (To recover, remove that many damage counters from your champion.)",Action,Skill,Exia,Warrior;Cleric,,,,,,,2,Slow
584139,Proof of Life,Proof of Life,https://tcgplayer-cdn.tcgplayer.com/product/584139_200w.jpg,74,23545,https://cpt.tcgcsv.com/PGH6,2024-10-11T04:08:17.513,1,19.0,21.08,30.0,27.41,,Foil,Rare,211,"The next time your champion would take damage this turn, double that damage. <br><br>
<br><br>
[Damage 40+] (2), Banish this card from your graveyard: Wake up your champion.",Action,Skill,Exia,Warrior,,,,<em>My harshest trial will forge my brightest life!</em>,,,1,Fast
584139,Proof of Life,Proof of Life,https://tcgplayer-cdn.tcgplayer.com/product/584139_200w.jpg,74,23545,https://cpt.tcgcsv.com/PGH6,2024-10-11T04:08:17.513,1,0.78,1.36,5.99,1.23,,Normal,Rare,211,"The next time your champion would take damage this turn, double that damage. <br><br>
<br><br>
[Damage 40+] (2), Banish this card from your graveyard: Wake up your champion.",Action,Skill,Exia,Warrior,,,,<em>My harshest trial will forge my brightest life!</em>,,,1,Fast
584140,Relentless Outburst,Relentless Outburst,https://tcgplayer-cdn.tcgplayer.com/product/584140_200w.jpg,74,23545,https://cpt.tcgcsv.com/QGH6,2024-10-11T04:08:17.513,1,0.5,1.43,10.99,1.26,,Normal,Super Rare,212,"[Class Bonus] [Damage 35+] Until end of turn, if target champion would take damage this turn, they take that much damage plus 1 instead. <br><br>
<br><br>
For every six damage counters on your champion, deal 1 damage to all other units.",Action,Skill,Exia,Warrior,,,,,,,3,Slow
584140,Relentless Outburst,Relentless Outburst,https://tcgplayer-cdn.tcgplayer.com/product/584140_200w.jpg,74,23545,https://cpt.tcgcsv.com/QGH6,2024-10-11T04:08:17.513,1,14.99,16.11,35.0,15.83,,Foil,Super Rare,212,"[Class Bonus] [Damage 35+] Until end of turn, if target champion would take damage this turn, they take that much damage plus 1 instead. <br><br>
<br><br>
For every six damage counters on your champion, deal 1 damage to all other units.",Action,Skill,Exia,Warrior,,,,,,,3,Slow
584141,Seize Fate,Seize Fate,https://tcgplayer-cdn.tcgplayer.com/product/584141_200w.jpg,74,23545,https://cpt.tcgcsv.com/RGH6,2024-10-11T04:08:17.513,1,0.52,0.79,16.47,0.63,,Normal,Super Rare,213,"[Jin Bonus] This card costs 2 less to activate.<br><br>
<br><br>
For the rest of the game, if your champion would take damage, remove that many damage counters from them instead and then if there are zero damage counters on your champion, banish your champion.",Action,Skill,Exia,Warrior,,,,,,,6,Slow
584141,Seize Fate,Seize Fate,https://tcgplayer-cdn.tcgplayer.com/product/584141_200w.jpg,74,23545,https://cpt.tcgcsv.com/RGH6,2024-10-11T04:08:17.513,1,4.0,10.0,32.0,6.37,,Foil,Super Rare,213,"[Jin Bonus] This card costs 2 less to activate.<br><br>
<br><br>
For the rest of the game, if your champion would take damage, remove that many damage counters from them instead and then if there are zero damage counters on your champion, banish your champion.",Action,Skill,Exia,Warrior,,,,,,,6,Slow
584142,"Zhao Yun, Dragonsblood",Zhao Yun Dragonsblood,https://tcgplayer-cdn.tcgplayer.com/product/584142_200w.jpg,74,23545,https://cpt.tcgcsv.com/SGH6,2024-10-23T13:45:29.56,1,90.0,99.0,99.99,87.88,,Foil,Ultra Rare,214,"[Class Bonus] On Attack: You may have Zhao Yun deal 2 unpreventable damage to your champion. If you do, this attack gets +2 power.<br>
<br>
<br>
<br>
[Class Bonus] On Kill: Zhao Yun gains immortality. (This effect lasts indefinitely.)",Ally;Unique,Human,Exia,Warrior,,,3,,2,,3,
584142,"Zhao Yun, Dragonsblood",Zhao Yun Dragonsblood,https://tcgplayer-cdn.tcgplayer.com/product/584142_200w.jpg,74,23545,https://cpt.tcgcsv.com/SGH6,2024-10-23T13:45:29.56,1,2.0,4.0,25.0,3.56,,Normal,Ultra Rare,214,"[Class Bonus] On Attack: You may have Zhao Yun deal 2 unpreventable damage to your champion. If you do, this attack gets +2 power.<br>
<br>
<br>
<br>
[Class Bonus] On Kill: Zhao Yun gains immortality. (This effect lasts indefinitely.)",Ally;Unique,Human,Exia,Warrior,,,3,,2,,3,
584143,Bathe in Light,Bathe in Light,https://tcgplayer-cdn.tcgplayer.com/product/584143_200w.jpg,74,23545,https://cpt.tcgcsv.com/TGH6,2024-10-11T04:08:17.513,1,0.39,0.71,5.0,0.58,,Normal,Rare,215,"Recover 4. (To recover, remove that many damage counters from your champion.)<br><br>
<br><br>
At the beginning of your next recollection phase, recover 4.",Action,Spell,Luxem,Cleric,,,,<em>Heavenly light permeates from her iridescent soul.</em>,,,2,Slow
584143,Bathe in Light,Bathe in Light,https://tcgplayer-cdn.tcgplayer.com/product/584143_200w.jpg,74,23545,https://cpt.tcgcsv.com/TGH6,2024-10-11T04:08:17.513,1,7.0,11.1,39.98,14.41,,Foil,Rare,215,"Recover 4. (To recover, remove that many damage counters from your champion.)<br><br>
<br><br>
At the beginning of your next recollection phase, recover 4.",Action,Spell,Luxem,Cleric,,,,<em>Heavenly light permeates from her iridescent soul.</em>,,,2,Slow
584144,Glow Forth,Glow Forth,https://tcgplayer-cdn.tcgplayer.com/product/584144_200w.jpg,74,23545,https://cpt.tcgcsv.com/VGH6,2024-10-11T04:08:17.513,1,12.21,13.0,35.99,12.87,,Foil,Rare,216,"This card costs 1 less to activate for each Animal you control.<br><br>
<br><br>
Put a buff counter on each ally you control. <br><br>
<br><br>
[Level 4+] Draw a card into your memory.",Action,Spell,Luxem,Tamer,,,,<em>Animals can sense that which humans cannot.</em>,,,2,Slow
584144,Glow Forth,Glow Forth,https://tcgplayer-cdn.tcgplayer.com/product/584144_200w.jpg,74,23545,https://cpt.tcgcsv.com/VGH6,2024-10-11T04:08:17.513,1,0.5,0.86,5.99,0.83,,Normal,Rare,216,"This card costs 1 less to activate for each Animal you control.<br><br>
<br><br>
Put a buff counter on each ally you control. <br><br>
<br><br>
[Level 4+] Draw a card into your memory.",Action,Spell,Luxem,Tamer,,,,<em>Animals can sense that which humans cannot.</em>,,,2,Slow
584145,Illuminating Charge,Illuminating Charge,https://tcgplayer-cdn.tcgplayer.com/product/584145_200w.jpg,74,23545,https://cpt.tcgcsv.com/WGH6,2024-10-11T04:08:17.513,1,1.25,3.85,19.99,4.81,,Normal,Super Rare,217,Reveal all cards in your memory. You may put up to two Animal cards from among them onto the field.,Action,Skill,Luxem,Tamer,,,,"<em>For her unmatched kindness and diligence, Guo Jia was admired by both her peers and forest creatures of Sanguo alike.</em>",,,3,Slow
584145,Illuminating Charge,Illuminating Charge,https://tcgplayer-cdn.tcgplayer.com/product/584145_200w.jpg,74,23545,https://cpt.tcgcsv.com/WGH6,2024-10-11T04:08:17.513,1,9.78,17.76,59.99,,,Foil,Super Rare,217,Reveal all cards in your memory. You may put up to two Animal cards from among them onto the field.,Action,Skill,Luxem,Tamer,,,,"<em>For her unmatched kindness and diligence, Guo Jia was admired by both her peers and forest creatures of Sanguo alike.</em>",,,3,Slow
584146,Channel Manifold Desire,Channel Manifold Desire,https://tcgplayer-cdn.tcgplayer.com/product/584146_200w.jpg,74,23545,https://cpt.tcgcsv.com/XGH6,2024-10-11T04:08:17.513,1,31.49,32.99,49.94,31.49,,Foil,Super Rare,218,"As an additional cost to activate this card, banish a preserved card from your material deck. <br><br>
<br><br>
Empower X+2, where X is the reserve cost of the banished card. Then if your Shifting Currents face North, you may put a preserved card from your material deck into your hand.",Action,Spell,Tera,Mage,,,,,,,2,Slow
584146,Channel Manifold Desire,Channel Manifold Desire,https://tcgplayer-cdn.tcgplayer.com/product/584146_200w.jpg,74,23545,https://cpt.tcgcsv.com/XGH6,2024-10-11T04:08:17.513,1,0.5,1.81,22.99,1.2,,Normal,Super Rare,218,"As an additional cost to activate this card, banish a preserved card from your material deck. <br><br>
<br><br>
Empower X+2, where X is the reserve cost of the banished card. Then if your Shifting Currents face North, you may put a preserved card from your material deck into your hand.",Action,Spell,Tera,Mage,,,,,,,2,Slow
584147,Conduit of Seasons,Conduit of Seasons,https://tcgplayer-cdn.tcgplayer.com/product/584147_200w.jpg,74,23545,https://cpt.tcgcsv.com/ZGH6,2024-10-11T04:08:17.513,1,1.25,2.75,16.0,1.91,,Normal,Super Rare,219,"If damage would be dealt to Conduit of Seasons while your Shifting Currents face West, prevent 2 of that damage. <br><br>
<br><br>
On Attack: If your Shifting Currents face East, recover 1 and draw a card into your memory.",Ally,Human,Tera,Cleric,,,3,,2,,2,
584147,Conduit of Seasons,Conduit of Seasons,https://tcgplayer-cdn.tcgplayer.com/product/584147_200w.jpg,74,23545,https://cpt.tcgcsv.com/ZGH6,2024-10-11T04:08:17.513,1,19.39,19.99,29.99,24.99,,Foil,Super Rare,219,"If damage would be dealt to Conduit of Seasons while your Shifting Currents face West, prevent 2 of that damage. <br><br>
<br><br>
On Attack: If your Shifting Currents face East, recover 1 and draw a card into your memory.",Ally,Human,Tera,Cleric,,,3,,2,,2,
584148,"Dong Zhou, False Liege",Dong Zhou False Liege,https://tcgplayer-cdn.tcgplayer.com/product/584148_200w.jpg,74,23545,https://cpt.tcgcsv.com/-GH6,2024-10-23T13:45:09.48,1,20.0,32.0,99.0,29.99,,Foil,Ultra Rare,220,"Intercept<br>
<br>
<br>
<br>
[Class Bonus] On Enter: You may rest Dong Zhou. If you do, choose two—<br>
<br>
• Deal 3 damage to all other allies.<br>
<br>
• Empower 3.<br>
<br>
• Dong Zhou gains vigor until end of turn.",Ally;Unique,Human,Tera,Mage;Guardian,,,4,,1,,3,
584148,"Dong Zhou, False Liege",Dong Zhou False Liege,https://tcgplayer-cdn.tcgplayer.com/product/584148_200w.jpg,74,23545,https://cpt.tcgcsv.com/-GH6,2024-10-23T13:45:09.48,1,0.48,2.97,23.5,1.71,,Normal,Ultra Rare,220,"Intercept<br>
<br>
<br>
<br>
[Class Bonus] On Enter: You may rest Dong Zhou. If you do, choose two—<br>
<br>
• Deal 3 damage to all other allies.<br>
<br>
• Empower 3.<br>
<br>
• Dong Zhou gains vigor until end of turn.",Ally;Unique,Human,Tera,Mage;Guardian,,,4,,1,,3,
584149,Invigoration,Invigoration,https://tcgplayer-cdn.tcgplayer.com/product/584149_200w.jpg,74,23545,https://cpt.tcgcsv.com/_GH6,2024-10-11T04:08:17.513,1,2.49,6.71,39.99,,,Foil,Rare,221,"""[Class Bonus] This card costs 2 less to activate. (Apply this effect only if your champion's class matches this card's class.)<br><br>
<br><br>
Put LV buff counters on target rested ally.""",Action,Mage;Tamer,Tera,Mage;Tamer,4,,,<em>Bow down before your rightful emperor!</em>,,,,
584149,Invigoration,Invigoration,https://tcgplayer-cdn.tcgplayer.com/product/584149_200w.jpg,74,23545,https://cpt.tcgcsv.com/_GH6,2024-10-11T04:08:17.513,1,0.05,0.25,1.35,0.24,,Normal,Rare,221,"""[Class Bonus] This card costs 2 less to activate. (Apply this effect only if your champion's class matches this card's class.)<br><br>
<br><br>
Put LV buff counters on target rested ally.""",Action,Mage;Tamer,Tera,Mage;Tamer,4,,,<em>Bow down before your rightful emperor!</em>,,,,
584150,Leeching Bolt,Leeching Bolt,https://tcgplayer-cdn.tcgplayer.com/product/584150_200w.jpg,74,23545,https://cpt.tcgcsv.com/0HH6,2024-10-11T04:08:17.513,1,0.13,0.25,0.99,0.17,,Normal,Uncommon,222,"Deal LV damage to target unit. Recover 2.<br><br>
<br><br>
[Class Bonus] If Leeching Bolt is empowered, put it into its owner's material deck preserved. (As you materialize, you may instead return a preserved card your hand.)",Action,Spell,Tera,Mage,,,,,,,2,Fast
584150,Leeching Bolt,Leeching Bolt,https://tcgplayer-cdn.tcgplayer.com/product/584150_200w.jpg,74,23545,https://cpt.tcgcsv.com/0HH6,2024-10-11T04:08:17.513,1,3.01,4.14,18.99,3.5,,Foil,Uncommon,222,"Deal LV damage to target unit. Recover 2.<br><br>
<br><br>
[Class Bonus] If Leeching Bolt is empowered, put it into its owner's material deck preserved. (As you materialize, you may instead return a preserved card your hand.)",Action,Spell,Tera,Mage,,,,,,,2,Fast
584151,Nature's Appeal,Natures Appeal,https://tcgplayer-cdn.tcgplayer.com/product/584151_200w.jpg,74,23545,https://cpt.tcgcsv.com/2HH6,2024-10-11T04:08:17.513,1,0.85,6.23,13.99,5.63,,Foil,Rare,223,"Reveal the top LV cards of your deck. Put one of those cards into your hand and another into your material deck preserved. Put the rest on the bottom of your deck in any order. (As you materialize, you may instead return a preserved card to your hand.)",Action,Spell,Tera,Mage,,,,,,,2,Fast
584151,Nature's Appeal,Natures Appeal,https://tcgplayer-cdn.tcgplayer.com/product/584151_200w.jpg,74,23545,https://cpt.tcgcsv.com/2HH6,2024-10-11T04:08:17.513,1,0.49,1.0,3.48,0.84,,Normal,Rare,223,"Reveal the top LV cards of your deck. Put one of those cards into your hand and another into your material deck preserved. Put the rest on the bottom of your deck in any order. (As you materialize, you may instead return a preserved card to your hand.)",Action,Spell,Tera,Mage,,,,,,,2,Fast
584152,Planar Abyss,Planar Abyss,https://tcgplayer-cdn.tcgplayer.com/product/584152_200w.jpg,74,23545,https://cpt.tcgcsv.com/3HH6,2024-10-11T04:08:17.513,1,0.29,0.57,16.0,0.47,,Normal,Super Rare,224,"[Class Bonus] Efficiency (This card costs LV less to activate. LV refers to your champion's level.)<br><br>
<br><br>
At the beginning of your next recollection phase, destroy all non-champion objects and if your Shifting Currents face South, deal 10 damage to each champion you don't control.",Action,Spell,Tera,Mage,,,,,,,12,Slow
584152,Planar Abyss,Planar Abyss,https://tcgplayer-cdn.tcgplayer.com/product/584152_200w.jpg,74,23545,https://cpt.tcgcsv.com/3HH6,2024-10-11T04:08:17.513,1,31.67,33.65,68.99,52.49,,Foil,Super Rare,224,"[Class Bonus] Efficiency (This card costs LV less to activate. LV refers to your champion's level.)<br><br>
<br><br>
At the beginning of your next recollection phase, destroy all non-champion objects and if your Shifting Currents face South, deal 10 damage to each champion you don't control.",Action,Spell,Tera,Mage,,,,,,,12,Slow
584153,Ruinous Pillars of Qidao,Ruinous Pillars of Qidao,https://tcgplayer-cdn.tcgplayer.com/product/584153_200w.jpg,74,23545,https://cpt.tcgcsv.com/5HH6,2024-10-11T04:08:17.513,1,3.01,6.22,12.99,6.0,,Foil,Rare,225,"[Class Bonus] On Enter: Empower 2. Draw a card. (Apply this effect only if your champion's class matches this card's class.)<br><br>
<br><br>
Whenever your Shifting Currents change from facing West to East, sacrifice Ruinous Pillars of Qidao. When you do, destroy target non-champion object you don't control.",Domain,Spire,Tera,Mage,,,,,,,3,
584153,Ruinous Pillars of Qidao,Ruinous Pillars of Qidao,https://tcgplayer-cdn.tcgplayer.com/product/584153_200w.jpg,74,23545,https://cpt.tcgcsv.com/5HH6,2024-10-11T04:08:17.513,1,0.07,0.25,1.0,0.14,,Normal,Rare,225,"[Class Bonus] On Enter: Empower 2. Draw a card. (Apply this effect only if your champion's class matches this card's class.)<br><br>
<br><br>
Whenever your Shifting Currents change from facing West to East, sacrifice Ruinous Pillars of Qidao. When you do, destroy target non-champion object you don't control.",Domain,Spire,Tera,Mage,,,,,,,3,
584154,Sempiternal Sage,Sempiternal Sage,https://tcgplayer-cdn.tcgplayer.com/product/584154_200w.jpg,74,23545,https://cpt.tcgcsv.com/6HH6,2024-10-11T04:08:17.513,1,0.44,0.99,3.0,0.84,,Normal,Rare,226,"Preserve (When this ally dies, put it into its owner's material deck preserved. As you materialize, you may instead return a preserved card to your hand.)<br><br>
<br><br>
[Class Bonus] On Attack: You may recover 3. If you don't, empower 3.",Ally,Human,Tera,Cleric;Mage,,,3,,3,,3,
584154,Sempiternal Sage,Sempiternal Sage,https://tcgplayer-cdn.tcgplayer.com/product/584154_200w.jpg,74,23545,https://cpt.tcgcsv.com/6HH6,2024-10-11T04:08:17.513,1,8.0,15.77,19.5,15.78,,Foil,Rare,226,"Preserve (When this ally dies, put it into its owner's material deck preserved. As you materialize, you may instead return a preserved card to your hand.)<br><br>
<br><br>
[Class Bonus] On Attack: You may recover 3. If you don't, empower 3.",Ally,Human,Tera,Cleric;Mage,,,3,,3,,3,
584155,Spellshield: Tera,Spellshield Tera,https://tcgplayer-cdn.tcgplayer.com/product/584155_200w.jpg,74,23545,https://cpt.tcgcsv.com/7HH6,2024-10-11T04:08:17.513,1,0.85,6.97,30.0,12.3,,Foil,Rare,227,"[Class Bonus] This card costs 1 less to activate.<br><br>
<br><br>
The next time damage would be dealt to your champion this turn, prevent that damage. Reveal an amount of cards from the top of your deck equal to the amount of damage prevented this way and put them into your material deck preserved.",Action,Reaction;Spell,Tera,Mage,,,,,,,3,Fast
584155,Spellshield: Tera,Spellshield Tera,https://tcgplayer-cdn.tcgplayer.com/product/584155_200w.jpg,74,23545,https://cpt.tcgcsv.com/7HH6,2024-10-11T04:08:17.513,1,0.75,0.85,2.5,0.75,,Normal,Rare,227,"[Class Bonus] This card costs 1 less to activate.<br><br>
<br><br>
The next time damage would be dealt to your champion this turn, prevent that damage. Reveal an amount of cards from the top of your deck equal to the amount of damage prevented this way and put them into your material deck preserved.",Action,Reaction;Spell,Tera,Mage,,,,,,,3,Fast
584156,Tera Sight,Tera Sight,https://tcgplayer-cdn.tcgplayer.com/product/584156_200w.jpg,74,23545,https://cpt.tcgcsv.com/8HH6,2024-10-11T04:08:17.513,1,0.08,0.25,0.95,0.18,,Normal,Uncommon,228,"Preserve (Put this card into its owner's material deck preserved as it resolves. As you materialize, you may instead return a preserved card to your hand.)<br><br>
<br><br>
Draw a card.",Action,Spell,Tera,Mage,,,,<em>Even nature has hidden truths.</em>,,,0,Fast
584156,Tera Sight,Tera Sight,https://tcgplayer-cdn.tcgplayer.com/product/584156_200w.jpg,74,23545,https://cpt.tcgcsv.com/8HH6,2024-10-11T04:08:17.513,1,5.75,12.8,21.91,5.09,,Foil,Uncommon,228,"Preserve (Put this card into its owner's material deck preserved as it resolves. As you materialize, you may instead return a preserved card to your hand.)<br><br>
<br><br>
Draw a card.",Action,Spell,Tera,Mage,,,,<em>Even nature has hidden truths.</em>,,,0,Fast
584157,"Yudi, Gossamer Jade",Yudi Gossamer Jade,https://tcgplayer-cdn.tcgplayer.com/product/584157_200w.jpg,74,23545,https://cpt.tcgcsv.com/9HH6,2024-10-11T04:08:17.513,1,3.5,6.49,19.99,5.86,,Normal,Super Rare,229,"Whenever you empower an amount, if that amount is greater than the amount of root counters on Yudi, put a root counter on it.<br><br>
<br><br>
[Class Bonus] Players can't declare attacks with non-tera element units unless they pay X for each attack declaration, where X is the amount of root counters on Yudi.",Unique;Phantasia,Spell,Tera,Cleric;Mage,,,,,,,2,
584157,"Yudi, Gossamer Jade",Yudi Gossamer Jade,https://tcgplayer-cdn.tcgplayer.com/product/584157_200w.jpg,74,23545,https://cpt.tcgcsv.com/9HH6,2024-10-11T04:08:17.513,1,33.84,34.93,50.0,33.84,,Foil,Super Rare,229,"Whenever you empower an amount, if that amount is greater than the amount of root counters on Yudi, put a root counter on it.<br><br>
<br><br>
[Class Bonus] Players can't declare attacks with non-tera element units unless they pay X for each attack declaration, where X is the amount of root counters on Yudi.",Unique;Phantasia,Spell,Tera,Cleric;Mage,,,,,,,2,
