productId,name,cleanName,imageUrl,categoryId,groupId,url,modifiedOn,imageCount,extRarity,extNumber,extDescription,extCardType,extCardSubtype,extElement,extClass,extReserveCost,extSpeed,extFlavorText,lowPrice,midPrice,highPrice,marketPrice,directLowPrice,subTypeName,extPower,extLife,extMemoryCost,extLevel,extDurability
494129,Accepted Contract,Accepted Contract,https://tcgplayer-cdn.tcgplayer.com/product/494129_200w.jpg,74,23123,https://cpt.tcgcsv.com/CGZ5,2023-04-28T04:03:10.867,1,Common,069,Put three preparation counters on your champion.,Action,Skill,Norm,Assassin,5,Slow,<em>Every job is only taken after detailed planning and consideration. Only the foolish would leave things to chance.</em>,0.1,0.37,0.5,0.27,,Normal,,,,,
494129,Accepted Contract,Accepted Contract,https://tcgplayer-cdn.tcgplayer.com/product/494129_200w.jpg,74,23123,https://cpt.tcgcsv.com/CGZ5,2023-04-28T04:03:10.867,1,Common,069,Put three preparation counters on your champion.,Action,Skill,Norm,Assassin,5,Slow,<em>Every job is only taken after detailed planning and consideration. Only the foolish would leave things to chance.</em>,59.99,60.12,64.9,,,Foil,,,,,
494130,Advent of the Stormcaller,Advent of the Stormcaller,https://tcgplayer-cdn.tcgplayer.com/product/494130_200w.jpg,74,23123,https://cpt.tcgcsv.com/DGZ5,2023-04-28T04:03:10.867,1,Super Rare,237,"[Class Bonus] Efficiency<br>Reveal the top LV cards of your deck. You may banish any amount of arcane element cards from among them. For each card banished this way, choose a unit and deal 2 damage to it. Put the rest of the revealed cards on the top or on the bottom of your deck in any order.",Action,Spell,Arcane,Mage,15,Slow,,15.68,15.98,18.99,7.06,,Normal,,,,,
494130,Advent of the Stormcaller,Advent of the Stormcaller,https://tcgplayer-cdn.tcgplayer.com/product/494130_200w.jpg,74,23123,https://cpt.tcgcsv.com/DGZ5,2023-04-28T04:03:10.867,1,Super Rare,237,"[Class Bonus] Efficiency<br>Reveal the top LV cards of your deck. You may banish any amount of arcane element cards from among them. For each card banished this way, choose a unit and deal 2 damage to it. Put the rest of the revealed cards on the top or on the bottom of your deck in any order.",Action,Spell,Arcane,Mage,15,Slow,,279.98,279.99,314.99,,,Foil,,,,,
494132,Aesan Protector,Aesan Protector,https://tcgplayer-cdn.tcgplayer.com/product/494132_200w.jpg,74,23123,https://cpt.tcgcsv.com/GGZ5,2023-04-28T04:03:10.867,1,Uncommon,198,"Intercept (Whenever your champion is attacked while this ally is awake, you may redirect that attack to this ally.)<br>On Enter: Return target ally you control to its owner's hand.",Ally,Human,Wind,Guardian,4,,,89.99,144.97,199.95,89.99,,Foil,3,4,,,
494132,Aesan Protector,Aesan Protector,https://tcgplayer-cdn.tcgplayer.com/product/494132_200w.jpg,74,23123,https://cpt.tcgcsv.com/GGZ5,2023-04-28T04:03:10.867,1,Uncommon,198,"Intercept (Whenever your champion is attacked while this ally is awake, you may redirect that attack to this ally.)<br>On Enter: Return target ally you control to its owner's hand.",Ally,Human,Wind,Guardian,4,,,2.44,2.99,3.0,1.24,,Normal,3,4,,,
494133,"Allen, Beast Beckoner",Allen Beast Beckoner,https://tcgplayer-cdn.tcgplayer.com/product/494133_200w.jpg,74,23123,https://cpt.tcgcsv.com/HGZ5,2023-04-28T04:03:10.867,1,Common,016,"On Enter: Glimpse 3, then reveal the top card of your deck. If that card is a Harmony or Melody card, put it into your hand.<br>As long as you control two or more Animal and/or Beast allies, Allen gets +2 level.",Champion,Human,Norm,Tamer,,,<em>I'm working on a tune. Care to listen?</em>,0.1,0.3,0.5,0.24,,Normal,,22,2,2,
494136,Anger the Skies,Anger the Skies,https://tcgplayer-cdn.tcgplayer.com/product/494136_200w.jpg,74,23123,https://cpt.tcgcsv.com/LGZ5,2023-04-28T04:03:10.867,1,Rare,238,Deal 3 damage to all allies. Class Bonus: Deal 4 damage to those allies instead.,Action,Spell,Arcane,Mage,3,Slow,<em>Those beneath darkened clouds can do little once the raucous thundering begins.</em>,0.71,0.87,2.0,0.38,,Normal,,,,,
494136,Anger the Skies,Anger the Skies,https://tcgplayer-cdn.tcgplayer.com/product/494136_200w.jpg,74,23123,https://cpt.tcgcsv.com/LGZ5,2023-04-28T04:03:10.867,1,Rare,238,Deal 3 damage to all allies. Class Bonus: Deal 4 damage to those allies instead.,Action,Spell,Arcane,Mage,3,Slow,<em>Those beneath darkened clouds can do little once the raucous thundering begins.</em>,67.99,71.99,99.99,,,Foil,,,,,
494138,Aqueous Enchanting,Aqueous Enchanting,https://tcgplayer-cdn.tcgplayer.com/product/494138_200w.jpg,74,23123,https://cpt.tcgcsv.com/NGZ5,2023-04-28T04:03:10.867,1,Uncommon,159,"Allies you control get your choice of +1 power or +1 life until end of turn.<br>[Class Bonus] Floating Memory (While paying for a memory cost, you may banish this card from your graveyard to pay for 1 of that cost.)",Action,Spell,Water,Warrior,3,Fast,,0.15,0.33,0.5,0.42,,Normal,,,,,
494138,Aqueous Enchanting,Aqueous Enchanting,https://tcgplayer-cdn.tcgplayer.com/product/494138_200w.jpg,74,23123,https://cpt.tcgcsv.com/NGZ5,2023-04-28T04:03:10.867,1,Uncommon,159,"Allies you control get your choice of +1 power or +1 life until end of turn.<br>[Class Bonus] Floating Memory (While paying for a memory cost, you may banish this card from your graveyard to pay for 1 of that cost.)",Action,Spell,Water,Warrior,3,Fast,,35.0,40.0,44.95,,,Foil,,,,,
494142,Arcane Blast,Arcane Blast,https://tcgplayer-cdn.tcgplayer.com/product/494142_200w.jpg,74,23123,https://cpt.tcgcsv.com/SGZ5,2023-04-28T04:03:10.867,1,Uncommon,239,Efficiency (This card costs LV less to activate. LV refers to your champion's level.)<br>Deal 11 damage to target champion.,Action,Spell,Arcane,Mage,11,Slow,"<em>Power enough to level entire fortifications, only an arm's length away.</em>",62.99,66.49,69.99,,,Foil,,,,,
494142,Arcane Blast,Arcane Blast,https://tcgplayer-cdn.tcgplayer.com/product/494142_200w.jpg,74,23123,https://cpt.tcgcsv.com/SGZ5,2023-04-28T04:03:10.867,1,Uncommon,239,Efficiency (This card costs LV less to activate. LV refers to your champion's level.)<br>Deal 11 damage to target champion.,Action,Spell,Arcane,Mage,11,Slow,"<em>Power enough to level entire fortifications, only an arm's length away.</em>",0.15,0.41,0.67,0.24,,Normal,,,,,
494144,Arcane Disposition,Arcane Disposition,https://tcgplayer-cdn.tcgplayer.com/product/494144_200w.jpg,74,23123,https://cpt.tcgcsv.com/VGZ5,2023-04-28T04:03:10.867,1,Uncommon,240,"Draw two cards. At the beginning of the next end phase, discard your hand.<br>[Class Bonus:] Draw a card.",Action,Spell,Arcane,Mage,3,Slow,<em>Controlling such chaotic mana requires great finesse and some degree of luck.</em>,0.23,0.47,0.5,,,Normal,,,,,
494144,Arcane Disposition,Arcane Disposition,https://tcgplayer-cdn.tcgplayer.com/product/494144_200w.jpg,74,23123,https://cpt.tcgcsv.com/VGZ5,2023-04-28T04:03:10.867,1,Uncommon,240,"Draw two cards. At the beginning of the next end phase, discard your hand.<br>[Class Bonus:] Draw a card.",Action,Spell,Arcane,Mage,3,Slow,<em>Controlling such chaotic mana requires great finesse and some degree of luck.</em>,69.99,69.99,69.99,,,Foil,,,,,
494146,Arcane Elemental,Arcane Elemental,https://tcgplayer-cdn.tcgplayer.com/product/494146_200w.jpg,74,23123,https://cpt.tcgcsv.com/XGZ5,2023-04-28T04:03:10.867,1,Rare,241,"[Class Bonus] This card costs 1 less to activate for each arcane element card in your banishment.<br>Pride 7 (This ally won't obey you unless your champion is level 7 or higher.)<br>On Attack: At the beginning of the next end phase, banish Arcane Elemental.",Ally,Elemental,Arcane,Mage,7,,,0.59,0.99,2.0,,,Normal,7,7,,,
494146,Arcane Elemental,Arcane Elemental,https://tcgplayer-cdn.tcgplayer.com/product/494146_200w.jpg,74,23123,https://cpt.tcgcsv.com/XGZ5,2023-04-28T04:03:10.867,1,Rare,241,"[Class Bonus] This card costs 1 less to activate for each arcane element card in your banishment.<br>Pride 7 (This ally won't obey you unless your champion is level 7 or higher.)<br>On Attack: At the beginning of the next end phase, banish Arcane Elemental.",Ally,Elemental,Arcane,Mage,7,,,99.99,99.99,99.99,,,Foil,7,7,,,
494147,Arcane Sight,Arcane Sight,https://tcgplayer-cdn.tcgplayer.com/product/494147_200w.jpg,74,23123,https://cpt.tcgcsv.com/ZGZ5,2023-04-28T04:03:10.867,1,Uncommon,242,Your champion gets +1 level until end of turn.<br>Draw a card.,Action,Spell,Arcane,Mage,0,Fast,"<em>""If only you could see what I see, Lorraine. Even you might abandon the sword.""<br>— Rai Kyouki</em>",0.17,0.4,0.5,0.21,,Normal,,,,,
494147,Arcane Sight,Arcane Sight,https://tcgplayer-cdn.tcgplayer.com/product/494147_200w.jpg,74,23123,https://cpt.tcgcsv.com/ZGZ5,2023-04-28T04:03:10.867,1,Uncommon,242,Your champion gets +1 level until end of turn.<br>Draw a card.,Action,Spell,Arcane,Mage,0,Fast,"<em>""If only you could see what I see, Lorraine. Even you might abandon the sword.""<br>— Rai Kyouki</em>",79.99,80.11,99.99,,,Foil,,,,,
494148,"Arima, Gaia's Wings",Arima Gaias Wings,https://tcgplayer-cdn.tcgplayer.com/product/494148_200w.jpg,74,23123,https://cpt.tcgcsv.com/-GZ5,2023-04-28T04:03:10.867,1,Super Rare,266,"Pride 5 (This ally won't obey you unless your champion is level 5 or higher.)<br>At the beginning of your recollection phase, put three buff counters on Arima.<br>On Death: Put Arima into your memory.",Ally;Unique,Beast;Phoenix,Tera,Tamer,3,,,139.99,139.99,139.99,,,Foil,3,3,,,
494148,"Arima, Gaia's Wings",Arima Gaias Wings,https://tcgplayer-cdn.tcgplayer.com/product/494148_200w.jpg,74,23123,https://cpt.tcgcsv.com/-GZ5,2023-04-28T04:03:10.867,1,Super Rare,266,"Pride 5 (This ally won't obey you unless your champion is level 5 or higher.)<br>At the beginning of your recollection phase, put three buff counters on Arima.<br>On Death: Put Arima into your memory.",Ally;Unique,Beast;Phoenix,Tera,Tamer,3,,,2.02,2.94,8.99,2.23,,Normal,3,3,,,
494150,Arrow Trap,Arrow Trap,https://tcgplayer-cdn.tcgplayer.com/product/494150_200w.jpg,74,23123,https://cpt.tcgcsv.com/0HZ5,2023-04-28T04:03:10.867,1,Uncommon,199,"Prepare 1 (You may remove a preparation counter from your champion as you activate this card.)<br>Return target attacking ally to its owner's hand. Class Bonus: If Arrow Trap was prepared, destroy that ally instead.",Action,Reaction;Skill,Wind,Assassin;Ranger,2,Fast,,36.99,36.99,36.99,,,Foil,,,,,
494150,Arrow Trap,Arrow Trap,https://tcgplayer-cdn.tcgplayer.com/product/494150_200w.jpg,74,23123,https://cpt.tcgcsv.com/0HZ5,2023-04-28T04:03:10.867,1,Uncommon,199,"Prepare 1 (You may remove a preparation counter from your champion as you activate this card.)<br>Return target attacking ally to its owner's hand. Class Bonus: If Arrow Trap was prepared, destroy that ally instead.",Action,Reaction;Skill,Wind,Assassin;Ranger,2,Fast,,0.15,0.49,1.25,0.4,,Normal,,,,,
494151,"Arthur, Young Heir",Arthur Young Heir,https://tcgplayer-cdn.tcgplayer.com/product/494151_200w.jpg,74,23123,https://cpt.tcgcsv.com/2HZ5,2023-04-28T04:03:10.867,1,Super Rare,118,"On Enter: You may rest Arthur. If you do, Arthur gains immortality until the beginning of your next turn. (A unit with immortality can't die.)<br>As long as Arthur is rested, other allies you control get +1 power.",Ally;Unique,Human,Fire,Warrior,4,,,199.99,199.99,199.99,,,Foil,2,3,,,
494151,"Arthur, Young Heir",Arthur Young Heir,https://tcgplayer-cdn.tcgplayer.com/product/494151_200w.jpg,74,23123,https://cpt.tcgcsv.com/2HZ5,2023-04-28T04:03:10.867,1,Super Rare,118,"On Enter: You may rest Arthur. If you do, Arthur gains immortality until the beginning of your next turn. (A unit with immortality can't die.)<br>As long as Arthur is rested, other allies you control get +1 power.",Ally;Unique,Human,Fire,Warrior,4,,,48.99,49.97,50.0,22.4,,Normal,2,3,,,
494152,Artificer's Opus,Artificers Opus,https://tcgplayer-cdn.tcgplayer.com/product/494152_200w.jpg,74,23123,https://cpt.tcgcsv.com/3HZ5,2023-04-28T04:03:10.867,1,Super Rare,267,[Class Bonus] Efficiency (This card costs LV less to activate.)<br>Artificer's Opus enters the field rested.<br>Cleave (This ally attacks all units a chosen opponent controls. Its attacks can't be intercepted.),Ally,Construct;Golem,Tera,Tamer,8,,,0.54,1.59,10.0,1.17,,Normal,4,8,,,
494152,Artificer's Opus,Artificers Opus,https://tcgplayer-cdn.tcgplayer.com/product/494152_200w.jpg,74,23123,https://cpt.tcgcsv.com/3HZ5,2023-04-28T04:03:10.867,1,Super Rare,267,[Class Bonus] Efficiency (This card costs LV less to activate.)<br>Artificer's Opus enters the field rested.<br>Cleave (This ally attacks all units a chosen opponent controls. Its attacks can't be intercepted.),Ally,Construct;Golem,Tera,Tamer,8,,,179.99,189.97,199.95,,,Foil,4,8,,,
494153,Assassin's Ripper,Assassins Ripper,https://tcgplayer-cdn.tcgplayer.com/product/494153_200w.jpg,74,23123,https://cpt.tcgcsv.com/5HZ5,2023-04-28T04:03:10.867,1,Common,020,"[Class Bonus] REST, Remove a preparation counter from your champion: Assassin's Ripper gets +2 power until end of turn.",Weapon;Regalia,Dagger,Norm,Assassin,,,"<em>As menacing as it is sharp, this dagger is most useful in the hands of an assassin. <br></em>",0.11,0.32,0.5,0.27,,Normal,1,,1,,2
494153,Assassin's Ripper,Assassins Ripper,https://tcgplayer-cdn.tcgplayer.com/product/494153_200w.jpg,74,23123,https://cpt.tcgcsv.com/5HZ5,2023-04-28T04:03:10.867,1,Common,020,"[Class Bonus] REST, Remove a preparation counter from your champion: Assassin's Ripper gets +2 power until end of turn.",Weapon;Regalia,Dagger,Norm,Assassin,,,"<em>As menacing as it is sharp, this dagger is most useful in the hands of an assassin. <br></em>",27.0,27.99,30.97,27.22,,Foil,1,,1,,2
494155,Attune with the Winds,Attune with the Winds,https://tcgplayer-cdn.tcgplayer.com/product/494155_200w.jpg,74,23123,https://cpt.tcgcsv.com/7HZ5,2023-04-28T04:03:10.867,1,Rare,200,"Put a buff counter on each ally you control. (Allies get +1 power and +1 life for each buff counter on them.)<br>[Class Bonus] Harmonize — If you've activated a Melody card this turn, draw a card.",Action,Harmony;Skill,Wind,Tamer,3,Slow,,5.74,5.8,7.0,3.43,,Normal,,,,,
494155,Attune with the Winds,Attune with the Winds,https://tcgplayer-cdn.tcgplayer.com/product/494155_200w.jpg,74,23123,https://cpt.tcgcsv.com/7HZ5,2023-04-28T04:03:10.867,1,Rare,200,"Put a buff counter on each ally you control. (Allies get +1 power and +1 life for each buff counter on them.)<br>[Class Bonus] Harmonize — If you've activated a Melody card this turn, draw a card.",Action,Harmony;Skill,Wind,Tamer,3,Slow,,150.0,150.0,150.0,,,Foil,,,,,
494156,"Avalon, Cursed Isle",Avalon Cursed Isle,https://tcgplayer-cdn.tcgplayer.com/product/494156_200w.jpg,74,23123,https://cpt.tcgcsv.com/8HZ5,2023-04-28T04:03:10.867,1,Super Rare,160,"Upkeep — Whenever you materialize a card, sacrifice Avalon.<br>Whenever you activate a water element card, target player puts the top two cards of their deck into their graveyard.",Domain;Unique,Isle,Water,Mage,4,,"<em>What once was a paradise, now lies desecrated.</em>",3.98,4.75,7.99,6.94,,Normal,,,,,
494158,Backstab,Backstab,https://tcgplayer-cdn.tcgplayer.com/product/494158_200w.jpg,74,23123,https://cpt.tcgcsv.com/bHZ5,2023-04-28T04:03:10.867,1,Common,070,"[Class Bonus] As long as your champion is attacking a rested unit, Backstab gets +2 power.",Attack,Dagger,Norm,Assassin,2,,<em>Never let an assassin out of your sight.</em>,24.99,24.99,26.15,,,Foil,2,,,,
494158,Backstab,Backstab,https://tcgplayer-cdn.tcgplayer.com/product/494158_200w.jpg,74,23123,https://cpt.tcgcsv.com/bHZ5,2023-04-28T04:03:10.867,1,Common,070,"[Class Bonus] As long as your champion is attacking a rested unit, Backstab gets +2 power.",Attack,Dagger,Norm,Assassin,2,,<em>Never let an assassin out of your sight.</em>,0.1,0.25,0.5,0.2,,Normal,2,,,,
494159,Banner Knight,Banner Knight,https://tcgplayer-cdn.tcgplayer.com/product/494159_200w.jpg,74,23123,https://cpt.tcgcsv.com/cHZ5,2023-04-28T04:03:10.867,1,Common,071,[Class Bonus] [Level 2+] Other allies and weapons you control get +1 power. (Apply this effect only if your champion's class matches this card's class and only if your champion is level 2 or higher.),Ally,Human,Norm,Warrior,2,,<em>Standards raised behind capable leaders often instill courage in those that march astride.</em>,30.0,35.0,39.99,,,Foil,1,3,,,
494159,Banner Knight,Banner Knight,https://tcgplayer-cdn.tcgplayer.com/product/494159_200w.jpg,74,23123,https://cpt.tcgcsv.com/cHZ5,2023-04-28T04:03:10.867,1,Common,071,[Class Bonus] [Level 2+] Other allies and weapons you control get +1 power. (Apply this effect only if your champion's class matches this card's class and only if your champion is level 2 or higher.),Ally,Human,Norm,Warrior,2,,<em>Standards raised behind capable leaders often instill courage in those that march astride.</em>,0.1,0.25,0.5,0.2,,Normal,1,3,,,
494161,Barrier Servant,Barrier Servant,https://tcgplayer-cdn.tcgplayer.com/product/494161_200w.jpg,74,23123,https://cpt.tcgcsv.com/fHZ5,2023-04-28T04:03:10.867,1,Common,072,"Intercept (Whenever your champion is attacked while this ally is awake, you may redirect that attack to this ally.)<br>Remove two enlighten counters from your champion: The next time damage would be dealt to Barrier Servant this turn, prevent that damage.",Ally,Human,Norm,Cleric;Mage,3,,,0.1,0.43,0.75,,,Normal,2,2,,,
494161,Barrier Servant,Barrier Servant,https://tcgplayer-cdn.tcgplayer.com/product/494161_200w.jpg,74,23123,https://cpt.tcgcsv.com/fHZ5,2023-04-28T04:03:10.867,1,Common,072,"Intercept (Whenever your champion is attacked while this ally is awake, you may redirect that attack to this ally.)<br>Remove two enlighten counters from your champion: The next time damage would be dealt to Barrier Servant this turn, prevent that damage.",Ally,Human,Norm,Cleric;Mage,3,,,39.99,39.99,43.25,,,Foil,2,2,,,
494164,Bauble of Abundance,Bauble of Abundance,https://tcgplayer-cdn.tcgplayer.com/product/494164_200w.jpg,74,23123,https://cpt.tcgcsv.com/jHZ5,2023-04-28T04:03:10.867,1,Common,021,Banish Bauble of Abundance: Each player draws a card.,Item;Regalia,Bauble,Norm,Cleric,,,"<em>Glittering trinkets, coins, and treasures. Plenty enough to be shared among friend and foe alike.</em>",20.94,20.95,20.95,,,Foil,,,0,,
494164,Bauble of Abundance,Bauble of Abundance,https://tcgplayer-cdn.tcgplayer.com/product/494164_200w.jpg,74,23123,https://cpt.tcgcsv.com/jHZ5,2023-04-28T04:03:10.867,1,Common,021,Banish Bauble of Abundance: Each player draws a card.,Item;Regalia,Bauble,Norm,Cleric,,,"<em>Glittering trinkets, coins, and treasures. Plenty enough to be shared among friend and foe alike.</em>",0.12,0.28,0.5,0.25,,Normal,,,0,,
494165,Bauble of Mending,Bauble of Mending,https://tcgplayer-cdn.tcgplayer.com/product/494165_200w.jpg,74,23123,https://cpt.tcgcsv.com/kHZ5,2023-04-28T04:03:10.867,1,Rare,022,Banish Bauble of Mending: Draw a card. Class Bonus: Up to one target non-Human ally you control gets +1 life until end of turn. (Apply the additional effect only if your champion's class matches this card's class.),Item;Regalia,Bauble,Norm,Tamer,,,<em>Nature's grace soothes most minor injuries.</em>,0.48,0.82,3.0,,,Normal,,,1,,
494167,Beastbond Boots,Beastbond Boots,https://tcgplayer-cdn.tcgplayer.com/product/494167_200w.jpg,74,23123,https://cpt.tcgcsv.com/mHZ5,2023-04-28T04:03:10.867,1,Uncommon,023,Banish Beastbond Paws: Your champion gains spellshroud until end of turn. Activate this ability only if you control an Animal or Beast ally. (Units with spellshroud can't be targeted by Spells.),Item;Regalia,Accessory,Norm,Tamer,,,<em>A tamer's bond with their beast goes beyond simple empathy.</em>,39.0,39.5,39.99,,,Foil,,,0,,
494167,Beastbond Boots,Beastbond Boots,https://tcgplayer-cdn.tcgplayer.com/product/494167_200w.jpg,74,23123,https://cpt.tcgcsv.com/mHZ5,2023-04-28T04:03:10.867,1,Uncommon,023,Banish Beastbond Paws: Your champion gains spellshroud until end of turn. Activate this ability only if you control an Animal or Beast ally. (Units with spellshroud can't be targeted by Spells.),Item;Regalia,Accessory,Norm,Tamer,,,<em>A tamer's bond with their beast goes beyond simple empathy.</em>,0.15,0.25,0.55,0.25,,Normal,,,0,,
494168,Beastbond Ears,Beastbond Ears,https://tcgplayer-cdn.tcgplayer.com/product/494168_200w.jpg,74,23123,https://cpt.tcgcsv.com/nHZ5,2023-04-28T04:03:10.867,1,Common,024,Your champion gets +1 level as long as you control an Animal or Beast ally.,Item;Regalia,Accessory,Norm,Tamer,,,<em>The easiest way to gain a beast's favor is to first look like them.</em>,34.98,34.99,34.99,,,Foil,,,0,,
494168,Beastbond Ears,Beastbond Ears,https://tcgplayer-cdn.tcgplayer.com/product/494168_200w.jpg,74,23123,https://cpt.tcgcsv.com/nHZ5,2023-04-28T04:03:10.867,1,Common,024,Your champion gets +1 level as long as you control an Animal or Beast ally.,Item;Regalia,Accessory,Norm,Tamer,,,<em>The easiest way to gain a beast's favor is to first look like them.</em>,0.1,0.25,0.5,0.25,,Normal,,,0,,
494169,Beastbond Paws,Beastbond Paws,https://tcgplayer-cdn.tcgplayer.com/product/494169_200w.jpg,74,23123,https://cpt.tcgcsv.com/pHZ5,2023-04-28T04:03:10.867,1,Common,025,Banish Beastbond Paws: Target Animal or Beast ally you control gets +1 power and gains true sight until end of turn. (Units with true sight can attack units with stealth.),Item;Regalia,Accessory,Norm,Tamer,,,<em>A beast's ferocity and a tamer's guidance make for a formidable combination.</em>,0.1,0.25,0.5,0.2,,Normal,,,0,,
494169,Beastbond Paws,Beastbond Paws,https://tcgplayer-cdn.tcgplayer.com/product/494169_200w.jpg,74,23123,https://cpt.tcgcsv.com/pHZ5,2023-04-28T04:03:10.867,1,Common,025,Banish Beastbond Paws: Target Animal or Beast ally you control gets +1 power and gains true sight until end of turn. (Units with true sight can attack units with stealth.),Item;Regalia,Accessory,Norm,Tamer,,,<em>A beast's ferocity and a tamer's guidance make for a formidable combination.</em>,29.9,29.95,29.99,,,Foil,,,0,,
494170,Benevolent Battle Priest,Benevolent Battle Priest,https://tcgplayer-cdn.tcgplayer.com/product/494170_200w.jpg,74,23123,https://cpt.tcgcsv.com/qHZ5,2023-04-28T04:03:10.867,1,Uncommon,161,"[Class Bonus] On Attack: Recover 1. (To recover, remove that many damage counters from your champion.)",Ally,Human,Water,Warrior;Cleric,3,,<em>Tending to the blood-soaked fields of Cambria is not for the faint of heart.</em>,0.15,0.4,0.5,0.49,,Normal,1,4,,,
494170,Benevolent Battle Priest,Benevolent Battle Priest,https://tcgplayer-cdn.tcgplayer.com/product/494170_200w.jpg,74,23123,https://cpt.tcgcsv.com/qHZ5,2023-04-28T04:03:10.867,1,Uncommon,161,"[Class Bonus] On Attack: Recover 1. (To recover, remove that many damage counters from your champion.)",Ally,Human,Water,Warrior;Cleric,3,,<em>Tending to the blood-soaked fields of Cambria is not for the faint of heart.</em>,39.99,45.85,51.7,,,Foil,1,4,,,
494172,Beseech the Winds,Beseech the Winds,https://tcgplayer-cdn.tcgplayer.com/product/494172_200w.jpg,74,23123,https://cpt.tcgcsv.com/sHZ5,2023-04-28T04:03:10.867,1,Super Rare,201,Materialize a card from your material deck. (You still pay for its costs.),Action,Spell,Wind,Cleric;Mage,3,Slow,<em>Camelot's splendor arises from the blessing of the winds.</em>,68.99,69.49,69.99,21.21,,Normal,,,,,
494172,Beseech the Winds,Beseech the Winds,https://tcgplayer-cdn.tcgplayer.com/product/494172_200w.jpg,74,23123,https://cpt.tcgcsv.com/sHZ5,2023-04-28T04:03:10.867,1,Super Rare,201,Materialize a card from your material deck. (You still pay for its costs.),Action,Spell,Wind,Cleric;Mage,3,Slow,<em>Camelot's splendor arises from the blessing of the winds.</em>,229.99,229.99,229.99,,,Foil,,,,,
494176,Blackmarket Broker,Blackmarket Broker,https://tcgplayer-cdn.tcgplayer.com/product/494176_200w.jpg,74,23123,https://cpt.tcgcsv.com/xHZ5,2023-04-28T04:03:10.867,1,Common,202,On Enter: Put a preparation counter on your champion.<br>Blackmarket Broker has stealth as long as your champion has three or more preparation counters on them.,Ally,Human,Wind,Assassin,4,,,0.12,0.38,0.5,0.26,,Normal,2,3,,,
494176,Blackmarket Broker,Blackmarket Broker,https://tcgplayer-cdn.tcgplayer.com/product/494176_200w.jpg,74,23123,https://cpt.tcgcsv.com/xHZ5,2023-04-28T04:03:10.867,1,Common,202,On Enter: Put a preparation counter on your champion.<br>Blackmarket Broker has stealth as long as your champion has three or more preparation counters on them.,Ally,Human,Wind,Assassin,4,,,69.99,69.99,69.99,,,Foil,2,3,,,
494179,Blazing Direwolf,Blazing Direwolf,https://tcgplayer-cdn.tcgplayer.com/product/494179_200w.jpg,74,23123,https://cpt.tcgcsv.com/CHZ5,2023-04-28T04:03:10.867,1,Uncommon,119,Pride 5 (This ally won't obey you unless your champion is level 5 or higher.)<br>[Class Bonus] On Attack: Deal 2 damage to target unit. (Apply this effect only if your champion's class matches this card's class.),Ally,Beast;Wolf,Fire,Tamer,4,,,0.15,0.23,0.5,0.33,,Normal,4,4,,,
494179,Blazing Direwolf,Blazing Direwolf,https://tcgplayer-cdn.tcgplayer.com/product/494179_200w.jpg,74,23123,https://cpt.tcgcsv.com/CHZ5,2023-04-28T04:03:10.867,1,Uncommon,119,Pride 5 (This ally won't obey you unless your champion is level 5 or higher.)<br>[Class Bonus] On Attack: Deal 2 damage to target unit. (Apply this effect only if your champion's class matches this card's class.),Ally,Beast;Wolf,Fire,Tamer,4,,,28.98,28.98,29.95,,,Foil,4,4,,,
494181,Blazing Throw,Blazing Throw,https://tcgplayer-cdn.tcgplayer.com/product/494181_200w.jpg,74,23123,https://cpt.tcgcsv.com/FHZ5,2023-04-28T04:03:10.867,1,Common,120,"As an additional cost to activate this card, sacrifice a weapon you control.<br>Deal 4 damage to target unit.",Action,Skill,Fire,Warrior,1,Slow,<em>Tossing away your weapon is either stupid or genius with little room in between.</em>,0.12,0.25,0.5,0.3,,Normal,,,,,
494181,Blazing Throw,Blazing Throw,https://tcgplayer-cdn.tcgplayer.com/product/494181_200w.jpg,74,23123,https://cpt.tcgcsv.com/FHZ5,2023-04-28T04:03:10.867,1,Common,120,"As an additional cost to activate this card, sacrifice a weapon you control.<br>Deal 4 damage to target unit.",Action,Skill,Fire,Warrior,1,Slow,<em>Tossing away your weapon is either stupid or genius with little room in between.</em>,23.98,23.98,24.99,,,Foil,,,,,
494182,Blinding Orb,Blinding Orb,https://tcgplayer-cdn.tcgplayer.com/product/494182_200w.jpg,74,23123,https://cpt.tcgcsv.com/GHZ5,2023-04-28T04:03:10.867,1,Rare,026,Banish Blinding Orb: Each opponent puts two cards from their hand into their memory. Class Bonus: Draw a card. (Apply the additional effect only if your champion's class matches this card's class.),Item;Regalia,Bauble,Norm,Assassin,,,"<em>A useful tool, both in flight and fight.</em>",0.99,1.0,2.0,0.93,,Normal,,,1,,
494183,Blissful Calling,Blissful Calling,https://tcgplayer-cdn.tcgplayer.com/product/494183_200w.jpg,74,23123,https://cpt.tcgcsv.com/HHZ5,2023-04-28T04:03:10.867,1,Common,073,Look at the top five cards of your deck. You may reveal an Animal or Beast card from among them and put it into your hand. Put the rest on the bottom of your deck in any order.,Action,Melody;Skill,Norm,Tamer,1,Slow,<em>Sincere tunes can draw in even the wariest of beasts.</em>,40.0,49.98,49.99,,,Foil,,,,,
494183,Blissful Calling,Blissful Calling,https://tcgplayer-cdn.tcgplayer.com/product/494183_200w.jpg,74,23123,https://cpt.tcgcsv.com/HHZ5,2023-04-28T04:03:10.867,1,Common,073,Look at the top five cards of your deck. You may reveal an Animal or Beast card from among them and put it into your hand. Put the rest on the bottom of your deck in any order.,Action,Melody;Skill,Norm,Tamer,1,Slow,<em>Sincere tunes can draw in even the wariest of beasts.</em>,0.1,0.29,0.5,0.35,,Normal,,,,,
494184,Blitz Mage,Blitz Mage,https://tcgplayer-cdn.tcgplayer.com/product/494184_200w.jpg,74,23123,https://cpt.tcgcsv.com/JHZ5,2023-04-28T04:03:10.867,1,Uncommon,121,,Ally,Human,Fire,Mage,3,,<em>Some mage circles will lend specialized troops excelling in both swiftness and destructive capability.</em>,39.95,39.95,39.95,,,Foil,3,1,,,
494184,Blitz Mage,Blitz Mage,https://tcgplayer-cdn.tcgplayer.com/product/494184_200w.jpg,74,23123,https://cpt.tcgcsv.com/JHZ5,2023-04-28T04:03:10.867,1,Uncommon,121,,Ally,Human,Fire,Mage,3,,<em>Some mage circles will lend specialized troops excelling in both swiftness and destructive capability.</em>,0.18,0.29,0.5,0.25,,Normal,3,1,,,
494185,Blue Slime,Blue Slime,https://tcgplayer-cdn.tcgplayer.com/product/494185_200w.jpg,74,23123,https://cpt.tcgcsv.com/KHZ5,2023-04-28T04:03:10.867,1,Uncommon,162,"Pride 4 (This ally won't obey you unless your champion is level 4 or higher.)<br>[Class Bonus] Whenever Blue Slime is dealt damage, put a buff counter on it. (Allies get +1 power and +1 life for each buff counter on them.)",Ally,Beast;Slime,Water,Tamer,3,,,149.99,149.99,149.99,,,Foil,1,4,,,
494185,Blue Slime,Blue Slime,https://tcgplayer-cdn.tcgplayer.com/product/494185_200w.jpg,74,23123,https://cpt.tcgcsv.com/KHZ5,2023-04-28T04:03:10.867,1,Uncommon,162,"Pride 4 (This ally won't obey you unless your champion is level 4 or higher.)<br>[Class Bonus] Whenever Blue Slime is dealt damage, put a buff counter on it. (Allies get +1 power and +1 life for each buff counter on them.)",Ally,Beast;Slime,Water,Tamer,3,,,0.5,1.25,2.54,1.47,,Normal,1,4,,,
494186,Bubble Mage,Bubble Mage,https://tcgplayer-cdn.tcgplayer.com/product/494186_200w.jpg,74,23123,https://cpt.tcgcsv.com/LHZ5,2023-04-28T04:03:10.867,1,Uncommon,163,"On Enter: Rest target unit. Class Bonus: Until end of turn, if that unit would take damage, it takes that much damage plus 1 instead. (Apply the additional effect only if your champion's class matches this card's class.)",Ally,Human,Water,Mage,3,,<em>A fun distraction for everyone.</em>,0.2,0.39,0.65,0.36,,Normal,1,2,,,
494186,Bubble Mage,Bubble Mage,https://tcgplayer-cdn.tcgplayer.com/product/494186_200w.jpg,74,23123,https://cpt.tcgcsv.com/LHZ5,2023-04-28T04:03:10.867,1,Uncommon,163,"On Enter: Rest target unit. Class Bonus: Until end of turn, if that unit would take damage, it takes that much damage plus 1 instead. (Apply the additional effect only if your champion's class matches this card's class.)",Ally,Human,Water,Mage,3,,<em>A fun distraction for everyone.</em>,55.9,59.99,64.21,,,Foil,1,2,,,
494187,Bushwhack Bandit,Bushwhack Bandit,https://tcgplayer-cdn.tcgplayer.com/product/494187_200w.jpg,74,23123,https://cpt.tcgcsv.com/MHZ5,2023-04-28T04:03:10.867,1,Common,203,"[Class Bonus] Critical 1 (If attack damage would be dealt by a source with critical 1, double that damage unless an opponent discards a card. Apply this effect only if your champion's class matches this card's class.)",Ally,Human,Wind,Assassin,3,,,0.1,0.39,0.62,0.24,,Normal,2,1,,,
494187,Bushwhack Bandit,Bushwhack Bandit,https://tcgplayer-cdn.tcgplayer.com/product/494187_200w.jpg,74,23123,https://cpt.tcgcsv.com/MHZ5,2023-04-28T04:03:10.867,1,Common,203,"[Class Bonus] Critical 1 (If attack damage would be dealt by a source with critical 1, double that damage unless an opponent discards a card. Apply this effect only if your champion's class matches this card's class.)",Ally,Human,Wind,Assassin,3,,,39.99,39.99,39.99,,,Foil,2,1,,,
494188,Call the Pack,Call the Pack,https://tcgplayer-cdn.tcgplayer.com/product/494188_200w.jpg,74,23123,https://cpt.tcgcsv.com/NHZ5,2023-04-28T04:03:10.867,1,Rare,268,"[Class Bonus] This card costs 2 less to activate.<br>For each Animal ally you control, you may put a Beast ally card from your hand onto the field.",Action,Skill,Tera,Tamer,4,Slow,"<em>If prey run towards you, start running with them.</em>",0.79,0.99,5.0,0.79,,Normal,,,,,
494188,Call the Pack,Call the Pack,https://tcgplayer-cdn.tcgplayer.com/product/494188_200w.jpg,74,23123,https://cpt.tcgcsv.com/NHZ5,2023-04-28T04:03:10.867,1,Rare,268,"[Class Bonus] This card costs 2 less to activate.<br>For each Animal ally you control, you may put a Beast ally card from your hand onto the field.",Action,Skill,Tera,Tamer,4,Slow,"<em>If prey run towards you, start running with them.</em>",79.99,79.99,79.99,,,Foil,,,,,
494191,"Camelot, Impenetrable",Camelot Impenetrable,https://tcgplayer-cdn.tcgplayer.com/product/494191_200w.jpg,74,23123,https://cpt.tcgcsv.com/RHZ5,2023-04-28T04:03:10.867,1,Super Rare,204,"Upkeep — Whenever you materialize a card, sacrifice Camelot.<br>Whenever you activate a wind element card, you may negate its activation. If you do, choose an ally and suppress it.",Domain;Unique,Castle,Wind,Warrior,3,,"<em>Blessed by the zephyrs, yet now beset with strife.</em>",130.0,130.0,130.0,,,Foil,,,,,
494191,"Camelot, Impenetrable",Camelot Impenetrable,https://tcgplayer-cdn.tcgplayer.com/product/494191_200w.jpg,74,23123,https://cpt.tcgcsv.com/RHZ5,2023-04-28T04:03:10.867,1,Super Rare,204,"Upkeep — Whenever you materialize a card, sacrifice Camelot.<br>Whenever you activate a wind element card, you may negate its activation. If you do, choose an ally and suppress it.",Domain;Unique,Castle,Wind,Warrior,3,,"<em>Blessed by the zephyrs, yet now beset with strife.</em>",2.82,4.93,8.92,2.77,,Normal,,,,,
494194,Careful Study,Careful Study,https://tcgplayer-cdn.tcgplayer.com/product/494194_200w.jpg,74,23123,https://cpt.tcgcsv.com/VHZ5,2023-04-28T04:03:10.867,1,Common,074,Efficiency (This card costs LV less to activate. LV refers to your champion's level.)<br>Put five enlighten counters on your champion. (You may remove three enlighten counters from your champion to draw a card.),Action,Skill,Norm,Mage,8,Slow,,0.1,0.29,0.5,,,Normal,,,,,
494194,Careful Study,Careful Study,https://tcgplayer-cdn.tcgplayer.com/product/494194_200w.jpg,74,23123,https://cpt.tcgcsv.com/VHZ5,2023-04-28T04:03:10.867,1,Common,074,Efficiency (This card costs LV less to activate. LV refers to your champion's level.)<br>Put five enlighten counters on your champion. (You may remove three enlighten counters from your champion to draw a card.),Action,Skill,Norm,Mage,8,Slow,,49.99,64.99,79.99,,,Foil,,,,,
494197,"Carnwennan, Shrouded Edge",Carnwennan Shrouded Edge,https://tcgplayer-cdn.tcgplayer.com/product/494197_200w.jpg,74,23123,https://cpt.tcgcsv.com/ZHZ5,2023-04-28T04:03:10.867,1,Rare,065,[Class Bonus] Attacks using Carnwennan can't be retaliated. (Apply this effect only if your champion's class matches this card's class.),Weapon;Regalia,Sword,Luxem,Assassin,,,<em>An heirloom passed down the Corhazi ascendancy. Priceless as a relic. Dangerous as a weapon.</em>,0.33,1.1,5.0,0.3,,Normal,3,,1,,1
494199,Cemetery Sentry,Cemetery Sentry,https://tcgplayer-cdn.tcgplayer.com/product/494199_200w.jpg,74,23123,https://cpt.tcgcsv.com/_HZ5,2023-04-28T04:03:10.867,1,Rare,122,"On Enter: You may discard a fire element card. If you do, draw a card.",Ally,Human,Fire,Warrior,4,,<em>Graverobbers will not easily get their plunder while the sentries watch over the consecrated dead.</em>,119.9,124.78,129.65,,,Foil,2,2,,,
494199,Cemetery Sentry,Cemetery Sentry,https://tcgplayer-cdn.tcgplayer.com/product/494199_200w.jpg,74,23123,https://cpt.tcgcsv.com/_HZ5,2023-04-28T04:03:10.867,1,Rare,122,"On Enter: You may discard a fire element card. If you do, draw a card.",Ally,Human,Fire,Warrior,4,,<em>Graverobbers will not easily get their plunder while the sentries watch over the consecrated dead.</em>,0.63,0.99,1.0,0.86,,Normal,2,2,,,
494200,Chalice of Blood,Chalice of Blood,https://tcgplayer-cdn.tcgplayer.com/product/494200_200w.jpg,74,23123,https://cpt.tcgcsv.com/0JZ5,2023-04-28T04:03:10.867,1,Rare,027,Banish Chalice of Blood: Draw two cards. Activate this ability only if your champion has twenty or more damage counters on them.,Item;Regalia,Bauble,Norm,Cleric,,,<em>An offering born of blood is stronger than just an empty prayer.</em>,119.99,119.99,119.99,,,Foil,,,0,,
494200,Chalice of Blood,Chalice of Blood,https://tcgplayer-cdn.tcgplayer.com/product/494200_200w.jpg,74,23123,https://cpt.tcgcsv.com/0JZ5,2023-04-28T04:03:10.867,1,Rare,027,Banish Chalice of Blood: Draw two cards. Activate this ability only if your champion has twenty or more damage counters on them.,Item;Regalia,Bauble,Norm,Cleric,,,<em>An offering born of blood is stronger than just an empty prayer.</em>,5.23,5.25,5.51,5.35,,Normal,,,0,,
494201,Channel the Wind,Channel the Wind,https://tcgplayer-cdn.tcgplayer.com/product/494201_200w.jpg,74,23123,https://cpt.tcgcsv.com/2JZ5,2023-04-28T04:03:10.867,1,Common,205,"Put an enlighten counter on your champion. (You may remove three enlighten counters from your champion to draw a card.)<br>[Class Bonus] Floating Memory (While paying for a memory cost, you may banish this card from your graveyard to pay for 1 of that cost.)",Action,Spell,Wind,Mage,2,Slow,,29.99,29.99,29.99,,,Foil,,,,,
494201,Channel the Wind,Channel the Wind,https://tcgplayer-cdn.tcgplayer.com/product/494201_200w.jpg,74,23123,https://cpt.tcgcsv.com/2JZ5,2023-04-28T04:03:10.867,1,Common,205,"Put an enlighten counter on your champion. (You may remove three enlighten counters from your champion to draw a card.)<br>[Class Bonus] Floating Memory (While paying for a memory cost, you may banish this card from your graveyard to pay for 1 of that cost.)",Action,Spell,Wind,Mage,2,Slow,,0.19,0.42,0.5,,,Normal,,,,,
494202,Channeling Stone,Channeling Stone,https://tcgplayer-cdn.tcgplayer.com/product/494202_200w.jpg,74,23123,https://cpt.tcgcsv.com/3JZ5,2023-04-28T04:03:10.867,1,Rare,028,Banish Channeling Stone: The next card you activate this turn costs 2 less to activate.,Item;Regalia,Crystal,Norm,Mage,,,"<em>Charged with excess magic, these stones enable apprentice mages to cast powerful spells beyond their capabilities.</em>",0.45,0.74,1.42,0.72,,Normal,,,1,,
494203,Chilling Touch,Chilling Touch,https://tcgplayer-cdn.tcgplayer.com/product/494203_200w.jpg,74,23123,https://cpt.tcgcsv.com/5JZ5,2023-04-28T04:03:10.867,1,Common,164,"Banish a card at random from target opponent's memory. Return that card to their memory at the beginning of their next end phase.<br>Floating Memory (While paying for a memory cost, you may banish this card from your graveyard to pay for 1 of that cost.)",Action,Spell,Water,Mage,1,Slow,,0.2,0.4,0.99,0.39,,Normal,,,,,
494203,Chilling Touch,Chilling Touch,https://tcgplayer-cdn.tcgplayer.com/product/494203_200w.jpg,74,23123,https://cpt.tcgcsv.com/5JZ5,2023-04-28T04:03:10.867,1,Common,164,"Banish a card at random from target opponent's memory. Return that card to their memory at the beginning of their next end phase.<br>Floating Memory (While paying for a memory cost, you may banish this card from your graveyard to pay for 1 of that cost.)",Action,Spell,Water,Mage,1,Slow,,50.0,60.0,69.99,,,Foil,,,,,
494204,Clean Cut,Clean Cut,https://tcgplayer-cdn.tcgplayer.com/product/494204_200w.jpg,74,23123,https://cpt.tcgcsv.com/6JZ5,2023-04-28T04:03:10.867,1,Uncommon,075,[Level 2+] On Kill: Draw a card. (Apply this effect only if your champion is level 2 or higher.),Attack,Sword,Norm,Warrior,2,,<em>A perfected strike without wasted effort or movement; a sign of true mastery.</em>,0.22,0.79,1.36,0.64,,Normal,2,,,,
494204,Clean Cut,Clean Cut,https://tcgplayer-cdn.tcgplayer.com/product/494204_200w.jpg,74,23123,https://cpt.tcgcsv.com/6JZ5,2023-04-28T04:03:10.867,1,Uncommon,075,[Level 2+] On Kill: Draw a card. (Apply this effect only if your champion is level 2 or higher.),Attack,Sword,Norm,Warrior,2,,<em>A perfected strike without wasted effort or movement; a sign of true mastery.</em>,37.99,43.99,49.97,,,Foil,2,,,,
494205,Clumsy Apprentice,Clumsy Apprentice,https://tcgplayer-cdn.tcgplayer.com/product/494205_200w.jpg,74,23123,https://cpt.tcgcsv.com/7JZ5,2023-04-28T04:03:10.867,1,Uncommon,123,On Enter: Deal 2 damage to your champion. Draw a card.,Ally,Human,Fire,Mage,2,,"<em>A mage, by all intents and purposes. However, you might want to keep her away from a wand.</em>",0.69,0.98,2.21,0.84,,Normal,1,1,,,
494205,Clumsy Apprentice,Clumsy Apprentice,https://tcgplayer-cdn.tcgplayer.com/product/494205_200w.jpg,74,23123,https://cpt.tcgcsv.com/7JZ5,2023-04-28T04:03:10.867,1,Uncommon,123,On Enter: Deal 2 damage to your champion. Draw a card.,Ally,Human,Fire,Mage,2,,"<em>A mage, by all intents and purposes. However, you might want to keep her away from a wand.</em>",23.68,24.23,38.99,,,Foil,1,1,,,
494206,Combo Strike,Combo Strike,https://tcgplayer-cdn.tcgplayer.com/product/494206_200w.jpg,74,23123,https://cpt.tcgcsv.com/8JZ5,2023-04-28T04:03:10.867,1,Uncommon,206,"[Class Bonus] [Level 2+] On Kill: Wake up your champion. (Apply this effect only if your champion's class matches this card's class, and only if your champion is level 2 or higher.)",Attack,Sword,Wind,Warrior;Assassin,2,,"<em>On currents of wind born from the exchanging of blows, warriors dance and blades glide.</em>",0.35,0.81,1.77,0.5,,Normal,3,,,,
494206,Combo Strike,Combo Strike,https://tcgplayer-cdn.tcgplayer.com/product/494206_200w.jpg,74,23123,https://cpt.tcgcsv.com/8JZ5,2023-04-28T04:03:10.867,1,Uncommon,206,"[Class Bonus] [Level 2+] On Kill: Wake up your champion. (Apply this effect only if your champion's class matches this card's class, and only if your champion is level 2 or higher.)",Attack,Sword,Wind,Warrior;Assassin,2,,"<em>On currents of wind born from the exchanging of blows, warriors dance and blades glide.</em>",27.95,33.97,39.99,,,Foil,3,,,,
494207,Command the Hunt,Command the Hunt,https://tcgplayer-cdn.tcgplayer.com/product/494207_200w.jpg,74,23123,https://cpt.tcgcsv.com/9JZ5,2023-04-28T04:03:10.867,1,Rare,269,This card costs 2 less to activate if no units have attacked this turn.<br>Allies you control get +2 power and gain vigor until end of turn. Those allies must attack champions this turn if able. (Units with vigor wake up at the beginning of your end phase.),Action,Skill,Tera,Tamer,4,Slow,,89.99,89.99,89.99,,,Foil,,,,,
494207,Command the Hunt,Command the Hunt,https://tcgplayer-cdn.tcgplayer.com/product/494207_200w.jpg,74,23123,https://cpt.tcgcsv.com/9JZ5,2023-04-28T04:03:10.867,1,Rare,269,This card costs 2 less to activate if no units have attacked this turn.<br>Allies you control get +2 power and gain vigor until end of turn. Those allies must attack champions this turn if able. (Units with vigor wake up at the beginning of your end phase.),Action,Skill,Tera,Tamer,4,Slow,,0.44,0.62,3.0,,,Normal,,,,,
494208,Conceal,Conceal,https://tcgplayer-cdn.tcgplayer.com/product/494208_200w.jpg,74,23123,https://cpt.tcgcsv.com/bJZ5,2023-04-28T04:03:10.867,1,Uncommon,076,Allies you control gain stealth until end of turn. (Units with stealth can't be targeted by attacks unless permitted by true sight.),Action,Skill,Norm,Assassin,2,Fast,<em>A basic skill all assassins learn to master. Nothing is more lethal to their enemies than the element of surprise.</em>,35.0,37.0,38.99,,,Foil,,,,,
494208,Conceal,Conceal,https://tcgplayer-cdn.tcgplayer.com/product/494208_200w.jpg,74,23123,https://cpt.tcgcsv.com/bJZ5,2023-04-28T04:03:10.867,1,Uncommon,076,Allies you control gain stealth until end of turn. (Units with stealth can't be targeted by attacks unless permitted by true sight.),Action,Skill,Norm,Assassin,2,Fast,<em>A basic skill all assassins learn to master. Nothing is more lethal to their enemies than the element of surprise.</em>,0.2,0.49,0.5,0.24,,Normal,,,,,
494209,Conduit of the Mad Mage,Conduit of the Mad Mage,https://tcgplayer-cdn.tcgplayer.com/product/494209_200w.jpg,74,23123,https://cpt.tcgcsv.com/cJZ5,2023-04-28T04:03:10.867,1,Rare,243,"Whenever you activate a Mage Spell action, wake up Conduit of the Mad Mage, and it gets +1 power until end of turn.<br>At the beginning of your end phase, sacrifice Conduit of the Mad Mage.<br>Floating Memory",Ally,Human,Arcane,Mage,1,,,100.0,100.0,100.0,,,Foil,0,2,,,
494209,Conduit of the Mad Mage,Conduit of the Mad Mage,https://tcgplayer-cdn.tcgplayer.com/product/494209_200w.jpg,74,23123,https://cpt.tcgcsv.com/cJZ5,2023-04-28T04:03:10.867,1,Rare,243,"Whenever you activate a Mage Spell action, wake up Conduit of the Mad Mage, and it gets +1 power until end of turn.<br>At the beginning of your end phase, sacrifice Conduit of the Mad Mage.<br>Floating Memory",Ally,Human,Arcane,Mage,1,,,0.99,1.71,2.18,0.9,,Normal,0,2,,,
494210,Corhazi Courier,Corhazi Courier,https://tcgplayer-cdn.tcgplayer.com/product/494210_200w.jpg,74,23123,https://cpt.tcgcsv.com/dJZ5,2023-04-28T04:03:10.867,1,Uncommon,124,"Stealth (This unit can't be targeted by attacks unless permitted by true sight.)<br>[Class Bonus] On Hit: Draw a card, then discard a card. If a fire element card was discarded, choose a unit and deal 1 damage to it.",Ally,Human,Fire,Assassin,3,,,0.22,0.38,0.5,0.27,,Normal,1,2,,,
494210,Corhazi Courier,Corhazi Courier,https://tcgplayer-cdn.tcgplayer.com/product/494210_200w.jpg,74,23123,https://cpt.tcgcsv.com/dJZ5,2023-04-28T04:03:10.867,1,Uncommon,124,"Stealth (This unit can't be targeted by attacks unless permitted by true sight.)<br>[Class Bonus] On Hit: Draw a card, then discard a card. If a fire element card was discarded, choose a unit and deal 1 damage to it.",Ally,Human,Fire,Assassin,3,,,50.0,55.0,59.99,,,Foil,1,2,,,
494211,Corhazi Infiltrator,Corhazi Infiltrator,https://tcgplayer-cdn.tcgplayer.com/product/494211_200w.jpg,74,23123,https://cpt.tcgcsv.com/fJZ5,2023-04-28T04:03:10.867,1,Rare,257,"Stealth (This unit can't be targeted by attacks unless permitted by true sight.)<br>[Class Bonus] [Element Bonus] Whenever you reveal Corhazi Infiltrator from your memory, you may put it onto the field.",Ally,Human,Luxem,Assassin,2,,,1.25,1.64,3.0,1.29,,Normal,3,2,,,
494211,Corhazi Infiltrator,Corhazi Infiltrator,https://tcgplayer-cdn.tcgplayer.com/product/494211_200w.jpg,74,23123,https://cpt.tcgcsv.com/fJZ5,2023-04-28T04:03:10.867,1,Rare,257,"Stealth (This unit can't be targeted by attacks unless permitted by true sight.)<br>[Class Bonus] [Element Bonus] Whenever you reveal Corhazi Infiltrator from your memory, you may put it onto the field.",Ally,Human,Luxem,Assassin,2,,,45.0,50.0,79.99,,,Foil,3,2,,,
494212,Corhazi Lightblade,Corhazi Lightblade,https://tcgplayer-cdn.tcgplayer.com/product/494212_200w.jpg,74,23123,https://cpt.tcgcsv.com/gJZ5,2023-04-28T04:03:10.867,1,Uncommon,258,"[Class Bonus] On Attack: Reveal a card from your memory at random. If a luxem element card was revealed, Corhazi Lightblade gains critical 1 until end of turn. (If attack damage would be dealt by a source with critical 1, double that damage unless an opponent discards a card.)",Ally,Human,Luxem,Assassin,2,,,0.15,0.59,0.97,0.15,,Normal,2,2,,,
494212,Corhazi Lightblade,Corhazi Lightblade,https://tcgplayer-cdn.tcgplayer.com/product/494212_200w.jpg,74,23123,https://cpt.tcgcsv.com/gJZ5,2023-04-28T04:03:10.867,1,Uncommon,258,"[Class Bonus] On Attack: Reveal a card from your memory at random. If a luxem element card was revealed, Corhazi Lightblade gains critical 1 until end of turn. (If attack damage would be dealt by a source with critical 1, double that damage unless an opponent discards a card.)",Ally,Human,Luxem,Assassin,2,,,15.0,39.99,78.99,,,Foil,2,2,,,
494213,Coup de Grace,Coup de Grace,https://tcgplayer-cdn.tcgplayer.com/product/494213_200w.jpg,74,23123,https://cpt.tcgcsv.com/hJZ5,2023-04-28T04:03:10.867,1,Super Rare,077,"Prepare 4 (You may remove four preparation counters from your champion as you activate this card.)<br>[Class Bonus] On Attack: If Coup de Grace was prepared, it gains critical 4. (If attack damage would be dealt by a source with critical 4, double that damage unless an opponent discards four cards.)",Attack,Dagger,Norm,Assassin,4,,,2.06,5.1,7.99,,,Normal,4,,,,
494213,Coup de Grace,Coup de Grace,https://tcgplayer-cdn.tcgplayer.com/product/494213_200w.jpg,74,23123,https://cpt.tcgcsv.com/hJZ5,2023-04-28T04:03:10.867,1,Super Rare,077,"Prepare 4 (You may remove four preparation counters from your champion as you activate this card.)<br>[Class Bonus] On Attack: If Coup de Grace was prepared, it gains critical 4. (If attack damage would be dealt by a source with critical 4, double that damage unless an opponent discards four cards.)",Attack,Dagger,Norm,Assassin,4,,,80.0,125.0,169.99,,,Foil,4,,,,
494214,Cram Session,Cram Session,https://tcgplayer-cdn.tcgplayer.com/product/494214_200w.jpg,74,23123,https://cpt.tcgcsv.com/jJZ5,2023-04-28T04:03:10.867,1,Common,078,"Your champion gets +1 level until end of turn.<br>[Class Bonus] Floating Memory (While paying for a memory cost, you may banish this card from your graveyard to pay for 1 of that cost. Apply this effect only if your champion's class matches this card's class.)",Action,Skill,Norm,Mage,1,Slow,,34.0,36.49,49.99,,,Foil,,,,,
494214,Cram Session,Cram Session,https://tcgplayer-cdn.tcgplayer.com/product/494214_200w.jpg,74,23123,https://cpt.tcgcsv.com/jJZ5,2023-04-28T04:03:10.867,1,Common,078,"Your champion gets +1 level until end of turn.<br>[Class Bonus] Floating Memory (While paying for a memory cost, you may banish this card from your graveyard to pay for 1 of that cost. Apply this effect only if your champion's class matches this card's class.)",Action,Skill,Norm,Mage,1,Slow,,0.1,0.25,0.5,0.22,,Normal,,,,,
494215,Creative Shock,Creative Shock,https://tcgplayer-cdn.tcgplayer.com/product/494215_200w.jpg,74,23123,https://cpt.tcgcsv.com/kJZ5,2023-04-28T04:03:10.867,1,Uncommon,125,"Draw two cards, then discard a card. Class Bonus: If a fire element card was discarded, you may choose a unit and deal 2 damage to it. (Apply the additional effect only if your champion's class matches this card's class.)",Action,Spell,Fire,Mage,3,Fast,<em>Varuck holds many fiery insights.</em>,25.0,50.0,99.99,,,Foil,,,,,
494215,Creative Shock,Creative Shock,https://tcgplayer-cdn.tcgplayer.com/product/494215_200w.jpg,74,23123,https://cpt.tcgcsv.com/kJZ5,2023-04-28T04:03:10.867,1,Uncommon,125,"Draw two cards, then discard a card. Class Bonus: If a fire element card was discarded, you may choose a unit and deal 2 damage to it. (Apply the additional effect only if your champion's class matches this card's class.)",Action,Spell,Fire,Mage,3,Fast,<em>Varuck holds many fiery insights.</em>,0.89,1.49,2.99,1.17,,Normal,,,,,
494216,Cremation Ritual,Cremation Ritual,https://tcgplayer-cdn.tcgplayer.com/product/494216_200w.jpg,74,23123,https://cpt.tcgcsv.com/lJZ5,2023-04-28T04:03:10.867,1,Common,126,"As an additional cost to activate this card, sacrifice an ally you control.<br>Draw two cards.",Action,Spell,Fire,Mage,3,Slow,"<em>Embellished by flames, the former warrior's mighty countenance bred conviction in their compatriots.</em>",39.99,44.99,49.99,,,Foil,,,,,
494216,Cremation Ritual,Cremation Ritual,https://tcgplayer-cdn.tcgplayer.com/product/494216_200w.jpg,74,23123,https://cpt.tcgcsv.com/lJZ5,2023-04-28T04:03:10.867,1,Common,126,"As an additional cost to activate this card, sacrifice an ally you control.<br>Draw two cards.",Action,Spell,Fire,Mage,3,Slow,"<em>Embellished by flames, the former warrior's mighty countenance bred conviction in their compatriots.</em>",0.19,0.31,0.49,0.34,,Normal,,,,,
494217,Crusader of Aesa,Crusader of Aesa,https://tcgplayer-cdn.tcgplayer.com/product/494217_200w.jpg,74,23123,https://cpt.tcgcsv.com/mJZ5,2023-04-28T04:03:10.867,1,Common,079,"Crusader of Aesa enters the field rested.<br>[Class Bonus] Intercept (Whenever your champion is attacked while this ally is awake, you may redirect that attack to this ally. Apply this effect only if your champion's class matches this card's class.)",Ally,Human,Norm,Warrior,3,,,34.99,38.49,41.99,,,Foil,2,4,,,
494217,Crusader of Aesa,Crusader of Aesa,https://tcgplayer-cdn.tcgplayer.com/product/494217_200w.jpg,74,23123,https://cpt.tcgcsv.com/mJZ5,2023-04-28T04:03:10.867,1,Common,079,"Crusader of Aesa enters the field rested.<br>[Class Bonus] Intercept (Whenever your champion is attacked while this ally is awake, you may redirect that attack to this ally. Apply this effect only if your champion's class matches this card's class.)",Ally,Human,Norm,Warrior,3,,,0.1,0.25,0.5,0.2,,Normal,2,4,,,
494218,Crux Sight,Crux Sight,https://tcgplayer-cdn.tcgplayer.com/product/494218_200w.jpg,74,23123,https://cpt.tcgcsv.com/nJZ5,2023-04-28T04:03:10.867,1,Uncommon,248,"You may pay an additional 2 as you activate this card. If you do, banish this card as it resolves, then return a crux element card from your graveyard to your hand. <br>Draw a card.",Action,Spell,Crux,Mage,0,Fast,,99.99,99.99,100.0,,,Foil,,,,,
494218,Crux Sight,Crux Sight,https://tcgplayer-cdn.tcgplayer.com/product/494218_200w.jpg,74,23123,https://cpt.tcgcsv.com/nJZ5,2023-04-28T04:03:10.867,1,Uncommon,248,"You may pay an additional 2 as you activate this card. If you do, banish this card as it resolves, then return a crux element card from your graveyard to your hand. <br>Draw a card.",Action,Spell,Crux,Mage,0,Fast,,0.25,0.44,0.5,0.45,,Normal,,,,,
494219,Cry for Help,Cry for Help,https://tcgplayer-cdn.tcgplayer.com/product/494219_200w.jpg,74,23123,https://cpt.tcgcsv.com/pJZ5,2023-04-28T04:03:10.867,1,Uncommon,207,Change the target of an attack that targets your champion to an ally you control. Class Bonus: That ally gets +1 life until end of turn.,Action,Reaction;Skill,Wind,Tamer,1,Fast,"<em>Loyal and protective, Silvie's new friends were swift to rush to her side whenever she needed help.</em>",0.1,0.37,0.5,0.22,,Normal,,,,,
494219,Cry for Help,Cry for Help,https://tcgplayer-cdn.tcgplayer.com/product/494219_200w.jpg,74,23123,https://cpt.tcgcsv.com/pJZ5,2023-04-28T04:03:10.867,1,Uncommon,207,Change the target of an attack that targets your champion to an ally you control. Class Bonus: That ally gets +1 life until end of turn.,Action,Reaction;Skill,Wind,Tamer,1,Fast,"<em>Loyal and protective, Silvie's new friends were swift to rush to her side whenever she needed help.</em>",35.0,37.0,38.99,,,Foil,,,,,
494220,Crystal of Argus,Crystal of Argus,https://tcgplayer-cdn.tcgplayer.com/product/494220_200w.jpg,74,23123,https://cpt.tcgcsv.com/qJZ5,2023-04-28T04:03:10.867,1,Rare,029,[Class Bonus] Your champion gets +1 level for every three enlighten counters on them. (Apply this effect only if your champion's class matches this card's class.),Item;Regalia,Crystal,Norm,Mage,,,"<em>In seeing all, he knew all. In knowing all, he ascended.</em>",0.29,0.5,0.99,0.3,,Normal,,,1,,
494221,Crystal of Empowerment,Crystal of Empowerment,https://tcgplayer-cdn.tcgplayer.com/product/494221_200w.jpg,74,23123,https://cpt.tcgcsv.com/rJZ5,2023-04-28T04:03:10.867,1,Common,030,Banish Crystal of Empowerment: Your champion gets +2 level until end of turn.,Item;Regalia,Crystal,Norm,Mage,,,"<em>Mages often store their excess mana into such crystals. If used by even a novice mage, one might mistake them for far greater.</em>",0.1,0.25,0.5,0.19,,Normal,,,0,,
494221,Crystal of Empowerment,Crystal of Empowerment,https://tcgplayer-cdn.tcgplayer.com/product/494221_200w.jpg,74,23123,https://cpt.tcgcsv.com/rJZ5,2023-04-28T04:03:10.867,1,Common,030,Banish Crystal of Empowerment: Your champion gets +2 level until end of turn.,Item;Regalia,Crystal,Norm,Mage,,,"<em>Mages often store their excess mana into such crystals. If used by even a novice mage, one might mistake them for far greater.</em>",31.89,35.0,39.99,,,Foil,,,0,,
494222,Curved Dagger,Curved Dagger,https://tcgplayer-cdn.tcgplayer.com/product/494222_200w.jpg,74,23123,https://cpt.tcgcsv.com/sJZ5,2023-04-28T04:03:10.867,1,Uncommon,031,"[Class Bonus] As long as your champion is attacking an ally, Curved Dagger gets +1 power. (Apply this effect only if your champion's class matches this card's class.)",Weapon;Regalia,Dagger,Norm,Assassin,,,<em>Its curved edge is perfect for slicing through the flesh of both man and monster.</em>,0.12,0.25,0.5,0.25,,Normal,1,,0,,1
494222,Curved Dagger,Curved Dagger,https://tcgplayer-cdn.tcgplayer.com/product/494222_200w.jpg,74,23123,https://cpt.tcgcsv.com/sJZ5,2023-04-28T04:03:10.867,1,Uncommon,031,"[Class Bonus] As long as your champion is attacking an ally, Curved Dagger gets +1 power. (Apply this effect only if your champion's class matches this card's class.)",Weapon;Regalia,Dagger,Norm,Assassin,,,<em>Its curved edge is perfect for slicing through the flesh of both man and monster.</em>,27.95,39.99,43.2,,,Foil,1,,0,,1
494223,Deep Sea Beastbonder,Deep Sea Beastbonder,https://tcgplayer-cdn.tcgplayer.com/product/494223_200w.jpg,74,23123,https://cpt.tcgcsv.com/tJZ5,2023-04-28T04:03:10.867,1,Common,165,"Your champion gets +1 level as long as you control an Animal or Beast ally. <br>[Class Bonus] Floating Memory (While paying for a memory cost, you may banish this card from your graveyard to pay for 1 of that cost.)",Ally,Human,Water,Tamer,4,,,39.99,42.42,44.99,,,Foil,1,4,,,
494223,Deep Sea Beastbonder,Deep Sea Beastbonder,https://tcgplayer-cdn.tcgplayer.com/product/494223_200w.jpg,74,23123,https://cpt.tcgcsv.com/tJZ5,2023-04-28T04:03:10.867,1,Common,165,"Your champion gets +1 level as long as you control an Animal or Beast ally. <br>[Class Bonus] Floating Memory (While paying for a memory cost, you may banish this card from your graveyard to pay for 1 of that cost.)",Ally,Human,Water,Tamer,4,,,0.1,0.35,0.75,0.24,,Normal,1,4,,,
494224,Deflecting Edge,Deflecting Edge,https://tcgplayer-cdn.tcgplayer.com/product/494224_200w.jpg,74,23123,https://cpt.tcgcsv.com/vJZ5,2023-04-28T04:03:10.867,1,Common,080,This card costs 1 less to activate if you control a Sword weapon.<br>Prevent the next 3 attack damage that would be dealt to target unit this turn.,Action,Reaction;Sword,Norm,Warrior,1,Fast,"<em>When masterfully used, a sword can deflect any attack with minimal force.</em>",40.0,49.49,49.99,,,Foil,,,,,
494224,Deflecting Edge,Deflecting Edge,https://tcgplayer-cdn.tcgplayer.com/product/494224_200w.jpg,74,23123,https://cpt.tcgcsv.com/vJZ5,2023-04-28T04:03:10.867,1,Common,080,This card costs 1 less to activate if you control a Sword weapon.<br>Prevent the next 3 attack damage that would be dealt to target unit this turn.,Action,Reaction;Sword,Norm,Warrior,1,Fast,"<em>When masterfully used, a sword can deflect any attack with minimal force.</em>",0.18,0.25,0.56,0.31,,Normal,,,,,
494225,Devastating Blow,Devastating Blow,https://tcgplayer-cdn.tcgplayer.com/product/494225_200w.jpg,74,23123,https://cpt.tcgcsv.com/wJZ5,2023-04-28T04:03:10.867,1,Rare,127,[Class Bonus] [Level 3+] Devastating Blow gets +4 power and can't be retaliated. (Apply this effect only if your champion's class matches this card's class and only if your champion is level 3 or higher.),Attack,Sword,Fire,Warrior;Guardian,3,,<em>Such a mighty swing leaves little else to do than hope something remains.</em>,99.99,99.99,99.99,,,Foil,3,,,,
494225,Devastating Blow,Devastating Blow,https://tcgplayer-cdn.tcgplayer.com/product/494225_200w.jpg,74,23123,https://cpt.tcgcsv.com/wJZ5,2023-04-28T04:03:10.867,1,Rare,127,[Class Bonus] [Level 3+] Devastating Blow gets +4 power and can't be retaliated. (Apply this effect only if your champion's class matches this card's class and only if your champion is level 3 or higher.),Attack,Sword,Fire,Warrior;Guardian,3,,<em>Such a mighty swing leaves little else to do than hope something remains.</em>,1.0,1.39,3.0,1.32,,Normal,3,,,,
494226,Dewdrop Hares,Dewdrop Hares,https://tcgplayer-cdn.tcgplayer.com/product/494226_200w.jpg,74,23123,https://cpt.tcgcsv.com/xJZ5,2023-04-28T04:03:10.867,1,Common,166,"[Class Bonus] Floating Memory (While paying for a memory cost, you may banish this card from your graveyard to pay for 1 of that cost. Apply this effect only if your champion's class matches this card's class.)",Ally,Animal;Rabbit,Water,Tamer,2,,<em>A rare sight after fresh rain.</em>,38.99,39.49,39.99,,,Foil,1,3,,,
494226,Dewdrop Hares,Dewdrop Hares,https://tcgplayer-cdn.tcgplayer.com/product/494226_200w.jpg,74,23123,https://cpt.tcgcsv.com/xJZ5,2023-04-28T04:03:10.867,1,Common,166,"[Class Bonus] Floating Memory (While paying for a memory cost, you may banish this card from your graveyard to pay for 1 of that cost. Apply this effect only if your champion's class matches this card's class.)",Ally,Animal;Rabbit,Water,Tamer,2,,<em>A rare sight after fresh rain.</em>,0.1,0.28,0.5,0.24,,Normal,1,3,,,
494227,"Discordia, Harp of Malice",Discordia Harp of Malice,https://tcgplayer-cdn.tcgplayer.com/product/494227_200w.jpg,74,23123,https://cpt.tcgcsv.com/zJZ5,2023-04-28T04:03:10.867,1,Super Rare,032,"Whenever you activate a Harmony or Melody card, put a music counter on Discordia.<br>REST: Target champion gets -X level and your champion gets +X level until end of turn, where X is the amount of music counters on Discordia. At the beginning of the next end phase, banish Discordia.",Item;Regalia,Instrument,Norm,Tamer,,,,0.73,0.85,5.0,1.42,,Normal,,,0,,
494227,"Discordia, Harp of Malice",Discordia Harp of Malice,https://tcgplayer-cdn.tcgplayer.com/product/494227_200w.jpg,74,23123,https://cpt.tcgcsv.com/zJZ5,2023-04-28T04:03:10.867,1,Super Rare,032,"Whenever you activate a Harmony or Melody card, put a music counter on Discordia.<br>REST: Target champion gets -X level and your champion gets +X level until end of turn, where X is the amount of music counters on Discordia. At the beginning of the next end phase, banish Discordia.",Item;Regalia,Instrument,Norm,Tamer,,,,1425.4,1425.4,1425.4,99.99,,Foil,,,0,,
494228,Disintegrate,Disintegrate,https://tcgplayer-cdn.tcgplayer.com/product/494228_200w.jpg,74,23123,https://cpt.tcgcsv.com/BJZ5,2023-04-28T04:03:10.867,1,Rare,128,[Class Bonus] Efficiency (This card costs LV less to activate. LV refers to your champion's level. Apply this effect only if your champion's class matches this card's class.)<br>Destroy target ally or regalia.,Action,Spell,Fire,Mage,8,Slow,,0.82,0.99,2.05,0.92,,Normal,,,,,
494228,Disintegrate,Disintegrate,https://tcgplayer-cdn.tcgplayer.com/product/494228_200w.jpg,74,23123,https://cpt.tcgcsv.com/BJZ5,2023-04-28T04:03:10.867,1,Rare,128,[Class Bonus] Efficiency (This card costs LV less to activate. LV refers to your champion's level. Apply this effect only if your champion's class matches this card's class.)<br>Destroy target ally or regalia.,Action,Spell,Fire,Mage,8,Slow,,98.0,99.0,99.99,,,Foil,,,,,
494229,Disorienting Winds,Disorienting Winds,https://tcgplayer-cdn.tcgplayer.com/product/494229_200w.jpg,74,23123,https://cpt.tcgcsv.com/CJZ5,2023-04-28T04:03:10.867,1,Uncommon,208,Efficiency (This card costs LV less to activate. LV refers to your champion's level.)<br>Return target ally to its owner's hand. Draw a card.,Action,Spell,Wind,Mage,5,Slow,<em>Not the best way to travel.</em>,0.1,0.47,0.5,0.25,,Normal,,,,,
494229,Disorienting Winds,Disorienting Winds,https://tcgplayer-cdn.tcgplayer.com/product/494229_200w.jpg,74,23123,https://cpt.tcgcsv.com/CJZ5,2023-04-28T04:03:10.867,1,Uncommon,208,Efficiency (This card costs LV less to activate. LV refers to your champion's level.)<br>Return target ally to its owner's hand. Draw a card.,Action,Spell,Wind,Mage,5,Slow,<em>Not the best way to travel.</em>,35.0,40.0,49.98,,,Foil,,,,,
494230,Drawn Blade,Drawn Blade,https://tcgplayer-cdn.tcgplayer.com/product/494230_200w.jpg,74,23123,https://cpt.tcgcsv.com/DJZ5,2023-04-28T04:03:10.867,1,Rare,033,[Class Bonus] On Enter: Draw a card. (Apply this effect only if your champion's class matches this card's class.),Weapon;Regalia,Sword,Norm,Warrior,,,"<em>Oiled and sharpened, this sword can be unsheathed faster than a foe can react.</em>",0.77,1.0,5.0,0.96,,Normal,1,,1,,1
494230,Drawn Blade,Drawn Blade,https://tcgplayer-cdn.tcgplayer.com/product/494230_200w.jpg,74,23123,https://cpt.tcgcsv.com/DJZ5,2023-04-28T04:03:10.867,1,Rare,033,[Class Bonus] On Enter: Draw a card. (Apply this effect only if your champion's class matches this card's class.),Weapon;Regalia,Sword,Norm,Warrior,,,"<em>Oiled and sharpened, this sword can be unsheathed faster than a foe can react.</em>",149.99,149.99,169.99,,,Foil,1,,1,,1
494231,Dream Fairy,Dream Fairy,https://tcgplayer-cdn.tcgplayer.com/product/494231_200w.jpg,74,23123,https://cpt.tcgcsv.com/FJZ5,2023-04-28T04:03:10.867,1,Rare,209,Stealth (This unit can't be targeted by attacks unless permitted by true sight.)<br>On Enter: Return target ally you don't control to its owner's memory. Opponents can't activate cards with that ally's name as long as you control Dream Fairy.,Ally,Fairy,Wind,Mage,3,,,13.99,20.9,48.99,13.42,,Normal,1,2,,,
494231,Dream Fairy,Dream Fairy,https://tcgplayer-cdn.tcgplayer.com/product/494231_200w.jpg,74,23123,https://cpt.tcgcsv.com/FJZ5,2023-04-28T04:03:10.867,1,Rare,209,Stealth (This unit can't be targeted by attacks unless permitted by true sight.)<br>On Enter: Return target ally you don't control to its owner's memory. Opponents can't activate cards with that ally's name as long as you control Dream Fairy.,Ally,Fairy,Wind,Mage,3,,,229.99,229.99,229.99,87.99,,Foil,1,2,,,
494232,Drowned Cut,Drowned Cut,https://tcgplayer-cdn.tcgplayer.com/product/494232_200w.jpg,74,23123,https://cpt.tcgcsv.com/GJZ5,2023-04-28T04:03:10.867,1,Common,167,"[Class Bonus] Floating Memory (While paying for a memory cost, you may banish this card from your graveyard to pay for 1 of that cost. Apply this effect only if your champion's class matches this card's class.)",Attack,Dagger,Water,Assassin,1,,<em>A dagger sunk is a target dead.</em>,29.99,29.99,29.99,,,Foil,2,,,,
494232,Drowned Cut,Drowned Cut,https://tcgplayer-cdn.tcgplayer.com/product/494232_200w.jpg,74,23123,https://cpt.tcgcsv.com/GJZ5,2023-04-28T04:03:10.867,1,Common,167,"[Class Bonus] Floating Memory (While paying for a memory cost, you may banish this card from your graveyard to pay for 1 of that cost. Apply this effect only if your champion's class matches this card's class.)",Attack,Dagger,Water,Assassin,1,,<em>A dagger sunk is a target dead.</em>,0.1,0.35,0.99,0.22,,Normal,2,,,,
494233,Dungeon Guide,Dungeon Guide,https://tcgplayer-cdn.tcgplayer.com/product/494233_200w.jpg,74,23123,https://cpt.tcgcsv.com/HJZ5,2023-04-28T04:03:10.867,1,Rare,081,"On Enter: You may banish two cards at random from your memory. If you do, level up your champion. (Your champion levels up into a compatible champion card from your material deck, ignoring materialization costs.)",Ally,Human,Norm,Mage,3,,<em>Shortcuts are not without risks.</em>,599.99,599.99,599.99,,,Foil,1,3,,,
494233,Dungeon Guide,Dungeon Guide,https://tcgplayer-cdn.tcgplayer.com/product/494233_200w.jpg,74,23123,https://cpt.tcgcsv.com/HJZ5,2023-04-28T04:03:10.867,1,Rare,081,"On Enter: You may banish two cards at random from your memory. If you do, level up your champion. (Your champion levels up into a compatible champion card from your material deck, ignoring materialization costs.)",Ally,Human,Norm,Mage,3,,<em>Shortcuts are not without risks.</em>,32.99,36.49,39.99,24.86,,Normal,1,3,,,
494234,Eager Page,Eager Page,https://tcgplayer-cdn.tcgplayer.com/product/494234_200w.jpg,74,23123,https://cpt.tcgcsv.com/JJZ5,2023-04-28T04:03:10.867,1,Common,082,"At the beginning of your recollection phase, if you haven't materialized a card this turn, put a buff counter on Eager Page. (Allies get +1 power and +1 life for each buff counter on them.)",Ally,Human,Norm,Warrior,3,,"<em>What they lack in experience, they make up in enthusiasm.</em>",28.28,29.99,39.95,,,Foil,1,3,,,
494234,Eager Page,Eager Page,https://tcgplayer-cdn.tcgplayer.com/product/494234_200w.jpg,74,23123,https://cpt.tcgcsv.com/JJZ5,2023-04-28T04:03:10.867,1,Common,082,"At the beginning of your recollection phase, if you haven't materialized a card this turn, put a buff counter on Eager Page. (Allies get +1 power and +1 life for each buff counter on them.)",Ally,Human,Norm,Warrior,3,,"<em>What they lack in experience, they make up in enthusiasm.</em>",0.1,0.25,0.5,0.21,,Normal,1,3,,,
494235,Embersong,Embersong,https://tcgplayer-cdn.tcgplayer.com/product/494235_200w.jpg,74,23123,https://cpt.tcgcsv.com/KJZ5,2023-04-28T04:03:10.867,1,Uncommon,129,Deal 2 damage to up to one target ally.<br>[Class Bonus] Target ally you control gets +2 power until end of turn. (Apply this effect only if your champion's class matches this card's class.),Action,Melody;Skill,Fire,Warrior;Tamer,2,Slow,<em>A fiery anthem that sets hearts ablaze.</em>,30.0,31.99,45.0,,,Foil,,,,,
494235,Embersong,Embersong,https://tcgplayer-cdn.tcgplayer.com/product/494235_200w.jpg,74,23123,https://cpt.tcgcsv.com/KJZ5,2023-04-28T04:03:10.867,1,Uncommon,129,Deal 2 damage to up to one target ally.<br>[Class Bonus] Target ally you control gets +2 power until end of turn. (Apply this effect only if your champion's class matches this card's class.),Action,Melody;Skill,Fire,Warrior;Tamer,2,Slow,<em>A fiery anthem that sets hearts ablaze.</em>,0.24,0.59,0.99,,,Normal,,,,,
494236,Embertail Squirrel,Embertail Squirrel,https://tcgplayer-cdn.tcgplayer.com/product/494236_200w.jpg,74,23123,https://cpt.tcgcsv.com/LJZ5,2023-04-28T04:03:10.867,1,Common,130,"[Class Bonus] On Attack: You may discard a fire element card. If you do, Embertail Squirrel gets +2 power until end of turn. (Apply this effect only if your champion's class matches this card's class.)",Ally,Animal;Squirrel,Fire,Tamer,2,,<em>Just don't anger them.</em>,0.1,0.33,0.5,0.35,,Normal,2,1,,,
494236,Embertail Squirrel,Embertail Squirrel,https://tcgplayer-cdn.tcgplayer.com/product/494236_200w.jpg,74,23123,https://cpt.tcgcsv.com/LJZ5,2023-04-28T04:03:10.867,1,Common,130,"[Class Bonus] On Attack: You may discard a fire element card. If you do, Embertail Squirrel gets +2 power until end of turn. (Apply this effect only if your champion's class matches this card's class.)",Ally,Animal;Squirrel,Fire,Tamer,2,,<em>Just don't anger them.</em>,47.0,47.5,47.99,,,Foil,2,1,,,
494237,Empowering Harmony,Empowering Harmony,https://tcgplayer-cdn.tcgplayer.com/product/494237_200w.jpg,74,23123,https://cpt.tcgcsv.com/MJZ5,2023-04-28T04:03:10.867,1,Common,083,"Your champion gets +2 level until end of turn.<br>[Class Bonus] Harmonize — If you've activated a Melody card this turn, draw a card.",Action,Harmony;Skill,Norm,Tamer,2,Slow,<em>Melodies sound ever more beautiful with strong accompaniment.</em>,0.1,0.25,0.5,0.24,,Normal,,,,,
494237,Empowering Harmony,Empowering Harmony,https://tcgplayer-cdn.tcgplayer.com/product/494237_200w.jpg,74,23123,https://cpt.tcgcsv.com/MJZ5,2023-04-28T04:03:10.867,1,Common,083,"Your champion gets +2 level until end of turn.<br>[Class Bonus] Harmonize — If you've activated a Melody card this turn, draw a card.",Action,Harmony;Skill,Norm,Tamer,2,Slow,<em>Melodies sound ever more beautiful with strong accompaniment.</em>,35.0,37.85,38.99,,,Foil,,,,,
494238,Energetic Beastbonder,Energetic Beastbonder,https://tcgplayer-cdn.tcgplayer.com/product/494238_200w.jpg,74,23123,https://cpt.tcgcsv.com/NJZ5,2023-04-28T04:03:10.867,1,Uncommon,131,"Your champion gets +1 level as long as you control an Animal or Beast ally.<br>[Class Bonus] Floating Memory (While paying for a memory cost, you may banish this card from your graveyard to pay for 1 of that cost.)",Ally,Human,Fire,Tamer,4,,,0.45,0.79,1.25,0.81,,Normal,2,2,,,
494238,Energetic Beastbonder,Energetic Beastbonder,https://tcgplayer-cdn.tcgplayer.com/product/494238_200w.jpg,74,23123,https://cpt.tcgcsv.com/NJZ5,2023-04-28T04:03:10.867,1,Uncommon,131,"Your champion gets +1 level as long as you control an Animal or Beast ally.<br>[Class Bonus] Floating Memory (While paying for a memory cost, you may banish this card from your graveyard to pay for 1 of that cost.)",Ally,Human,Fire,Tamer,4,,,39.99,39.99,39.99,,,Foil,2,2,,,
494239,Enraged Boars,Enraged Boars,https://tcgplayer-cdn.tcgplayer.com/product/494239_200w.jpg,74,23123,https://cpt.tcgcsv.com/PJZ5,2023-04-28T04:03:10.867,1,Common,084,Pride 5 (This ally won't obey you unless your champion is level 5 or higher.),Ally,Beast;Boar,Norm,Tamer,5,,<em>Swarming masses of flesh and screams lay waste to both crop and creature alike without even a passing glance. Only far greater strength may subdue their advent.</em>,24.99,26.99,34.95,,,Foil,4,4,,,
494239,Enraged Boars,Enraged Boars,https://tcgplayer-cdn.tcgplayer.com/product/494239_200w.jpg,74,23123,https://cpt.tcgcsv.com/PJZ5,2023-04-28T04:03:10.867,1,Common,084,Pride 5 (This ally won't obey you unless your champion is level 5 or higher.),Ally,Beast;Boar,Norm,Tamer,5,,<em>Swarming masses of flesh and screams lay waste to both crop and creature alike without even a passing glance. Only far greater strength may subdue their advent.</em>,0.1,0.25,0.5,,,Normal,4,4,,,
494240,Ensnaring Fumes,Ensnaring Fumes,https://tcgplayer-cdn.tcgplayer.com/product/494240_200w.jpg,74,23123,https://cpt.tcgcsv.com/QJZ5,2023-04-28T04:03:10.867,1,Rare,210,You may remove three preparation counters from your champion rather than pay this card's reserve cost.<br>Return all allies to their owner's hands.<br>[Class Bonus] Floating Memory,Action,Skill,Wind,Assassin,5,Fast,,96.99,97.47,97.95,96.99,,Foil,,,,,
494240,Ensnaring Fumes,Ensnaring Fumes,https://tcgplayer-cdn.tcgplayer.com/product/494240_200w.jpg,74,23123,https://cpt.tcgcsv.com/QJZ5,2023-04-28T04:03:10.867,1,Rare,210,You may remove three preparation counters from your champion rather than pay this card's reserve cost.<br>Return all allies to their owner's hands.<br>[Class Bonus] Floating Memory,Action,Skill,Wind,Assassin,5,Fast,,18.0,18.98,24.99,8.23,,Normal,,,,,
494241,Erratic Bolt,Erratic Bolt,https://tcgplayer-cdn.tcgplayer.com/product/494241_200w.jpg,74,23123,https://cpt.tcgcsv.com/RJZ5,2023-04-28T04:03:10.867,1,Rare,244,"Deal LV damage to target unit. (LV refers to your champion's level.)<br>[Class Bonus] You may banish two cards at random from your memory. If you do, draw two cards. (Apply this effect only if your champion's class matches this card's class.)",Action,Spell,Arcane,Mage,4,Slow,,119.99,119.99,119.99,,,Foil,,,,,
494241,Erratic Bolt,Erratic Bolt,https://tcgplayer-cdn.tcgplayer.com/product/494241_200w.jpg,74,23123,https://cpt.tcgcsv.com/RJZ5,2023-04-28T04:03:10.867,1,Rare,244,"Deal LV damage to target unit. (LV refers to your champion's level.)<br>[Class Bonus] You may banish two cards at random from your memory. If you do, draw two cards. (Apply this effect only if your champion's class matches this card's class.)",Action,Spell,Arcane,Mage,4,Slow,,2.46,2.56,3.99,2.2,,Normal,,,,,
494242,Erupting Rhapsody,Erupting Rhapsody,https://tcgplayer-cdn.tcgplayer.com/product/494242_200w.jpg,74,23123,https://cpt.tcgcsv.com/SJZ5,2023-04-28T04:03:10.867,1,Rare,132,"Banish any amount of fire element cards from your graveyard. Your champion gets +1 level until end of turn for each card banished this way.<br>Harmonize — If you've activated a Melody card this turn, choose any amount of units and deal LV damage split among them.",Action,Harmony;Skill,Fire,Mage,2,Slow,,99.99,100.0,100.0,,,Foil,,,,,
494242,Erupting Rhapsody,Erupting Rhapsody,https://tcgplayer-cdn.tcgplayer.com/product/494242_200w.jpg,74,23123,https://cpt.tcgcsv.com/SJZ5,2023-04-28T04:03:10.867,1,Rare,132,"Banish any amount of fire element cards from your graveyard. Your champion gets +1 level until end of turn for each card banished this way.<br>Harmonize — If you've activated a Melody card this turn, choose any amount of units and deal LV damage split among them.",Action,Harmony;Skill,Fire,Mage,2,Slow,,2.94,2.99,9.99,,,Normal,,,,,
494243,Esteemed Knight,Esteemed Knight,https://tcgplayer-cdn.tcgplayer.com/product/494243_200w.jpg,74,23123,https://cpt.tcgcsv.com/TJZ5,2023-04-28T04:03:10.867,1,Common,085,"[Class Bonus] Intercept (Whenever your champion is attacked while this ally is awake, you may redirect that attack to this ally. Apply this effect only if your champion's class matches this card's class.)",Ally,Human,Norm,Warrior,3,,<em>A knight whose reputation precedes them. They raise their sword for noble purpose.</em>,0.1,0.25,0.5,0.25,,Normal,2,3,,,
494243,Esteemed Knight,Esteemed Knight,https://tcgplayer-cdn.tcgplayer.com/product/494243_200w.jpg,74,23123,https://cpt.tcgcsv.com/TJZ5,2023-04-28T04:03:10.867,1,Common,085,"[Class Bonus] Intercept (Whenever your champion is attacked while this ally is awake, you may redirect that attack to this ally. Apply this effect only if your champion's class matches this card's class.)",Ally,Human,Norm,Warrior,3,,<em>A knight whose reputation precedes them. They raise their sword for noble purpose.</em>,39.99,44.6,49.21,,,Foil,2,3,,,
494244,"Excalibur, Cleansing Light",Excalibur Cleansing Light,https://tcgplayer-cdn.tcgplayer.com/product/494244_200w.jpg,74,23123,https://cpt.tcgcsv.com/VJZ5,2023-04-28T04:03:10.867,1,Rare,259,Destroy target non-champion object.<br>[Class Bonus] Choose up to two non-norm elements. Players can't materialize or activate cards of those elements until the start of your next turn. (Apply this effect only if your champion's class matches this card's class.),Action,Spell,Luxem,Warrior,2,Fast,,11.79,12.99,15.0,15.0,,Normal,,,,,
494245,"Excalibur, Cursed Sword",Excalibur Cursed Sword,https://tcgplayer-cdn.tcgplayer.com/product/494245_200w.jpg,74,23123,https://cpt.tcgcsv.com/WJZ5,2023-04-28T04:03:10.867,1,Super Rare,034,"[Class Bonus] On Enter: Choose a player. That player gains control of Excalibur. (Apply this effect only if your champion's class matches this card's class.)<br>Whenever you materialize a card, deal 2 damage to your champion.",Weapon;Regalia,Sword,Norm,Mage,,,,0.64,0.71,1.95,0.7,,Normal,1,,0,,3
494245,"Excalibur, Cursed Sword",Excalibur Cursed Sword,https://tcgplayer-cdn.tcgplayer.com/product/494245_200w.jpg,74,23123,https://cpt.tcgcsv.com/WJZ5,2023-04-28T04:03:10.867,1,Super Rare,034,"[Class Bonus] On Enter: Choose a player. That player gains control of Excalibur. (Apply this effect only if your champion's class matches this card's class.)<br>Whenever you materialize a card, deal 2 damage to your champion.",Weapon;Regalia,Sword,Norm,Mage,,,,100.98,100.98,100.98,,,Foil,1,,0,,3
494246,Extortion Scheme,Extortion Scheme,https://tcgplayer-cdn.tcgplayer.com/product/494246_200w.jpg,74,23123,https://cpt.tcgcsv.com/XJZ5,2023-04-28T04:03:10.867,1,Uncommon,211,"Suppress up to one target ally an opponent controls. (To suppress an ally, banish it and return it to the field under its owner's control at the beginning of the next end phase.)<br>[Class Bonus] Put a preparation counter on your champion.",Action,Skill,Wind,Assassin,2,Fast,,0.23,0.44,0.75,0.4,,Normal,,,,,
494246,Extortion Scheme,Extortion Scheme,https://tcgplayer-cdn.tcgplayer.com/product/494246_200w.jpg,74,23123,https://cpt.tcgcsv.com/XJZ5,2023-04-28T04:03:10.867,1,Uncommon,211,"Suppress up to one target ally an opponent controls. (To suppress an ally, banish it and return it to the field under its owner's control at the beginning of the next end phase.)<br>[Class Bonus] Put a preparation counter on your champion.",Action,Skill,Wind,Assassin,2,Fast,,34.99,34.99,35.85,,,Foil,,,,,
494247,Eye of Argus,Eye of Argus,https://tcgplayer-cdn.tcgplayer.com/product/494247_200w.jpg,74,23123,https://cpt.tcgcsv.com/ZJZ5,2023-04-28T04:03:10.867,1,Rare,035,Banish Eye of Argus: Target ally you control gains true sight until end of turn. Draw a card. (Units with true sight can attack units with stealth.),Item;Regalia,Bauble,Norm,Warrior,,,<em>A gift from the many-eyed giant. Heroes prize its penetrating gaze.</em>,0.22,0.67,3.0,0.25,,Normal,,,1,,
494247,Eye of Argus,Eye of Argus,https://tcgplayer-cdn.tcgplayer.com/product/494247_200w.jpg,74,23123,https://cpt.tcgcsv.com/ZJZ5,2023-04-28T04:03:10.867,1,Rare,035,Banish Eye of Argus: Target ally you control gains true sight until end of turn. Draw a card. (Units with true sight can attack units with stealth.),Item;Regalia,Bauble,Norm,Warrior,,,<em>A gift from the many-eyed giant. Heroes prize its penetrating gaze.</em>,20.0,20.5,21.49,,,Foil,,,1,,
494248,Fairy Whispers,Fairy Whispers,https://tcgplayer-cdn.tcgplayer.com/product/494248_200w.jpg,74,23123,https://cpt.tcgcsv.com/-JZ5,2023-04-28T04:03:10.867,1,Uncommon,212,"Glimpse 3. (To glimpse, look at that many cards from the top of your deck. Put those cards back on the top or on the bottom of your deck in any order.)<br>Reveal the top card of your deck. If that card is wind element, put it into your hand.",Action,Spell,Wind,Mage,1,Fast,,69.99,69.99,69.99,,,Foil,,,,,
494248,Fairy Whispers,Fairy Whispers,https://tcgplayer-cdn.tcgplayer.com/product/494248_200w.jpg,74,23123,https://cpt.tcgcsv.com/-JZ5,2023-04-28T04:03:10.867,1,Uncommon,212,"Glimpse 3. (To glimpse, look at that many cards from the top of your deck. Put those cards back on the top or on the bottom of your deck in any order.)<br>Reveal the top card of your deck. If that card is wind element, put it into your hand.",Action,Spell,Wind,Mage,1,Fast,,0.7,1.99,5.0,1.09,,Normal,,,,,
494249,Favorable Winds,Favorable Winds,https://tcgplayer-cdn.tcgplayer.com/product/494249_200w.jpg,74,23123,https://cpt.tcgcsv.com/_JZ5,2023-04-28T04:03:10.867,1,Common,213,"Allies you control get +1 life until end of turn.<br>Floating Memory (While paying for a memory cost, you may banish this card from your graveyard to pay for 1 of that cost.)",Action,Spell,Wind,Mage,1,Fast,<em>A sudden gust to turn the tide.</em>,29.49,29.49,29.49,,,Foil,,,,,
494249,Favorable Winds,Favorable Winds,https://tcgplayer-cdn.tcgplayer.com/product/494249_200w.jpg,74,23123,https://cpt.tcgcsv.com/_JZ5,2023-04-28T04:03:10.867,1,Common,213,"Allies you control get +1 life until end of turn.<br>Floating Memory (While paying for a memory cost, you may banish this card from your graveyard to pay for 1 of that cost.)",Action,Spell,Wind,Mage,1,Fast,<em>A sudden gust to turn the tide.</em>,0.12,0.32,0.74,0.29,,Normal,,,,,
494250,Fervent Beastmaster,Fervent Beastmaster,https://tcgplayer-cdn.tcgplayer.com/product/494250_200w.jpg,74,23123,https://cpt.tcgcsv.com/0KZ5,2023-04-28T04:03:10.867,1,Super Rare,086,"[Class Bonus] Vigor (This unit wakes up at the beginning of your end phase. Apply this effect only if your champion's class matches this card's class.)<br>As long as you control a Beast ally, Fervent Beastmaster gets +1 power and +1 life.",Ally,Human,Norm,Tamer,5,,,167.0,179.99,179.99,,,Foil,3,3,,,
494250,Fervent Beastmaster,Fervent Beastmaster,https://tcgplayer-cdn.tcgplayer.com/product/494250_200w.jpg,74,23123,https://cpt.tcgcsv.com/0KZ5,2023-04-28T04:03:10.867,1,Super Rare,086,"[Class Bonus] Vigor (This unit wakes up at the beginning of your end phase. Apply this effect only if your champion's class matches this card's class.)<br>As long as you control a Beast ally, Fervent Beastmaster gets +1 power and +1 life.",Ally,Human,Norm,Tamer,5,,,2.5,2.69,5.0,2.75,,Normal,3,3,,,
494251,Fiery Momentum,Fiery Momentum,https://tcgplayer-cdn.tcgplayer.com/product/494251_200w.jpg,74,23123,https://cpt.tcgcsv.com/2KZ5,2023-04-28T04:03:10.867,1,Uncommon,133,[Class Bonus] Fiery Momentum gets +1 power for each fire element card in your graveyard. (Apply this effect only if your champion's class matches this card's class.),Attack,Sword,Fire,Warrior,3,,"<em>The greater the fuel, the greater the flame.</em>",21.25,28.99,29.22,31.23,,Foil,2,,,,
494251,Fiery Momentum,Fiery Momentum,https://tcgplayer-cdn.tcgplayer.com/product/494251_200w.jpg,74,23123,https://cpt.tcgcsv.com/2KZ5,2023-04-28T04:03:10.867,1,Uncommon,133,[Class Bonus] Fiery Momentum gets +1 power for each fire element card in your graveyard. (Apply this effect only if your champion's class matches this card's class.),Attack,Sword,Fire,Warrior,3,,"<em>The greater the fuel, the greater the flame.</em>",0.1,0.49,0.5,0.38,,Normal,2,,,,
494252,Fire Resonance Bauble,Fire Resonance Bauble,https://tcgplayer-cdn.tcgplayer.com/product/494252_200w.jpg,74,23123,https://cpt.tcgcsv.com/3KZ5,2023-04-28T04:03:10.867,1,Uncommon,036,Banish Fire Resonance Bauble: Draw a card. Activate this ability only if an opponent controls a fire element champion.,Item;Regalia,Bauble,Norm,Mage,,,"<em>Captured, perhaps, but never tamed. This spirit's owner must always err on the side of caution.</em>",27.95,34.61,34.99,,,Foil,,,0,,
494252,Fire Resonance Bauble,Fire Resonance Bauble,https://tcgplayer-cdn.tcgplayer.com/product/494252_200w.jpg,74,23123,https://cpt.tcgcsv.com/3KZ5,2023-04-28T04:03:10.867,1,Uncommon,036,Banish Fire Resonance Bauble: Draw a card. Activate this ability only if an opponent controls a fire element champion.,Item;Regalia,Bauble,Norm,Mage,,,"<em>Captured, perhaps, but never tamed. This spirit's owner must always err on the side of caution.</em>",0.1,0.25,0.49,0.31,,Normal,,,0,,
494253,Fireball,Fireball,https://tcgplayer-cdn.tcgplayer.com/product/494253_200w.jpg,74,23123,https://cpt.tcgcsv.com/5KZ5,2023-04-28T04:03:10.867,1,Common,134,[Class Bonus] This card costs 2 less to activate. (Apply this effect only if your champion's class matches this card's class.)<br>Deal 1+LV damage to target unit. (LV refers to your champion's level.),Action,Spell,Fire,Mage,4,Fast,,0.1,0.25,0.5,0.2,,Normal,,,,,
494253,Fireball,Fireball,https://tcgplayer-cdn.tcgplayer.com/product/494253_200w.jpg,74,23123,https://cpt.tcgcsv.com/5KZ5,2023-04-28T04:03:10.867,1,Common,134,[Class Bonus] This card costs 2 less to activate. (Apply this effect only if your champion's class matches this card's class.)<br>Deal 1+LV damage to target unit. (LV refers to your champion's level.),Action,Spell,Fire,Mage,4,Fast,,32.0,35.0,39.99,,,Foil,,,,,
494254,Fishing Accident,Fishing Accident,https://tcgplayer-cdn.tcgplayer.com/product/494254_200w.jpg,74,23123,https://cpt.tcgcsv.com/6KZ5,2023-04-28T04:03:10.867,1,Uncommon,168,"Prepare 2 (You may remove two preparation counters from your champion as you activate this card.)<br>Rest target ally. If Fishing Accident was prepared, put that ally on the bottom of its owner's deck instead.",Action,Skill,Water,Assassin,1,Fast,,0.29,0.48,0.5,,,Normal,,,,,
494254,Fishing Accident,Fishing Accident,https://tcgplayer-cdn.tcgplayer.com/product/494254_200w.jpg,74,23123,https://cpt.tcgcsv.com/6KZ5,2023-04-28T04:03:10.867,1,Uncommon,168,"Prepare 2 (You may remove two preparation counters from your champion as you activate this card.)<br>Rest target ally. If Fishing Accident was prepared, put that ally on the bottom of its owner's deck instead.",Action,Skill,Water,Assassin,1,Fast,,29.22,30.0,35.55,,,Foil,,,,,
494255,Flame-Rune Swordsman,Flame Rune Swordsman,https://tcgplayer-cdn.tcgplayer.com/product/494255_200w.jpg,74,23123,https://cpt.tcgcsv.com/7KZ5,2023-04-28T04:03:10.867,1,Common,136,"[Class Bonus] Floating Memory (While paying for a memory cost, you may banish this card from your graveyard to pay for 1 of that cost.)",Ally,Human,Fire,Warrior;Mage,3,,<em>A mage's prowess. A warrior's might.</em>,0.11,0.39,0.95,0.34,,Normal,2,2,,,
494255,Flame-Rune Swordsman,Flame Rune Swordsman,https://tcgplayer-cdn.tcgplayer.com/product/494255_200w.jpg,74,23123,https://cpt.tcgcsv.com/7KZ5,2023-04-28T04:03:10.867,1,Common,136,"[Class Bonus] Floating Memory (While paying for a memory cost, you may banish this card from your graveyard to pay for 1 of that cost.)",Ally,Human,Fire,Warrior;Mage,3,,<em>A mage's prowess. A warrior's might.</em>,150.0,175.0,199.99,,,Foil,2,2,,,
494256,Flame Sweep,Flame Sweep,https://tcgplayer-cdn.tcgplayer.com/product/494256_200w.jpg,74,23123,https://cpt.tcgcsv.com/8KZ5,2023-05-03T17:04:11.893,1,Rare,135,"Cleave (Attack all units a chosen opponent controls. This attack can't be intercepted.)<br>[Class Bonus] [Level 2+] Flame Sweep gets +1 power. (Apply this effect only if your champion's class matches this card's class, and only if your champion is level 2 or higher.)",Attack,Sword,Fire,Warrior,4,,,10.74,11.72,13.99,13.15,,Normal,1,,,,
494257,Flamelash Subduer,Flamelash Subduer,https://tcgplayer-cdn.tcgplayer.com/product/494257_200w.jpg,74,23123,https://cpt.tcgcsv.com/9KZ5,2023-04-28T04:03:10.867,1,Common,137,Your champion gets +1 level as long as you control an Animal or Beast ally.<br>[Class Bonus] REST: Deal 2 damage to target ally you control. That ally gets +2 power until end of turn. (Activate this ability only if your champion's class matches this card's class.),Ally,Human,Fire,Tamer,3,,,139.99,139.99,139.99,,,Foil,1,3,,,
494257,Flamelash Subduer,Flamelash Subduer,https://tcgplayer-cdn.tcgplayer.com/product/494257_200w.jpg,74,23123,https://cpt.tcgcsv.com/9KZ5,2023-04-28T04:03:10.867,1,Common,137,Your champion gets +1 level as long as you control an Animal or Beast ally.<br>[Class Bonus] REST: Deal 2 damage to target ally you control. That ally gets +2 power until end of turn. (Activate this ability only if your champion's class matches this card's class.),Ally,Human,Fire,Tamer,3,,,0.24,0.46,0.75,0.45,,Normal,1,3,,,
494258,Focused Flames,Focused Flames,https://tcgplayer-cdn.tcgplayer.com/product/494258_200w.jpg,74,23123,https://cpt.tcgcsv.com/bKZ5,2023-04-28T04:03:10.867,1,Uncommon,138,[Class Bonus] This card costs 1 less to activate. (Apply this effect only if your champion's class matches this card's class.)<br>Deal 4 damage to target ally.,Action,Spell,Fire,Mage,2,Slow,,89.98,90.0,124.95,,,Foil,,,,,
494258,Focused Flames,Focused Flames,https://tcgplayer-cdn.tcgplayer.com/product/494258_200w.jpg,74,23123,https://cpt.tcgcsv.com/bKZ5,2023-04-28T04:03:10.867,1,Uncommon,138,[Class Bonus] This card costs 1 less to activate. (Apply this effect only if your champion's class matches this card's class.)<br>Deal 4 damage to target ally.,Action,Spell,Fire,Mage,2,Slow,,0.29,0.54,0.99,0.54,,Normal,,,,,
494259,Freeze Stiff,Freeze Stiff,https://tcgplayer-cdn.tcgplayer.com/product/494259_200w.jpg,74,23123,https://cpt.tcgcsv.com/cKZ5,2023-04-28T04:03:10.867,1,Common,169,"Rest up to two target allies. If either of those allies are attacking, negate their attacks and end the combat phase. Class Bonus: Those allies don't wake up during their controller's next wake up phase. (Apply the additional effect only if your champion's class matches this card's class.)",Action,Spell,Water,Mage,3,Fast,,34.0,34.99,99.99,,,Foil,,,,,
494259,Freeze Stiff,Freeze Stiff,https://tcgplayer-cdn.tcgplayer.com/product/494259_200w.jpg,74,23123,https://cpt.tcgcsv.com/cKZ5,2023-04-28T04:03:10.867,1,Common,169,"Rest up to two target allies. If either of those allies are attacking, negate their attacks and end the combat phase. Class Bonus: Those allies don't wake up during their controller's next wake up phase. (Apply the additional effect only if your champion's class matches this card's class.)",Action,Spell,Water,Mage,3,Fast,,0.12,0.28,0.5,0.27,,Normal,,,,,
494260,Freezing Hail,Freezing Hail,https://tcgplayer-cdn.tcgplayer.com/product/494260_200w.jpg,74,23123,https://cpt.tcgcsv.com/dKZ5,2023-04-28T04:03:10.867,1,Common,170,Deal 2 damage to target unit. That unit doesn't wake up during its controller's next wake up phase.,Action,Spell,Water,Mage,2,Fast,"<em>Sharpened shards carrying a piercing chill freeze almost everything to the core.""</em>",0.1,0.38,0.5,0.33,,Normal,,,,,
494260,Freezing Hail,Freezing Hail,https://tcgplayer-cdn.tcgplayer.com/product/494260_200w.jpg,74,23123,https://cpt.tcgcsv.com/dKZ5,2023-04-28T04:03:10.867,1,Common,170,Deal 2 damage to target unit. That unit doesn't wake up during its controller's next wake up phase.,Action,Spell,Water,Mage,2,Fast,"<em>Sharpened shards carrying a piercing chill freeze almost everything to the core.""</em>",34.99,34.99,35.5,,,Foil,,,,,
494261,Frozen Nova,Frozen Nova,https://tcgplayer-cdn.tcgplayer.com/product/494261_200w.jpg,74,23123,https://cpt.tcgcsv.com/fKZ5,2023-04-28T04:03:10.867,1,Rare,171,[Class Bonus] Efficiency (This card costs LV less to activate. LV refers to your champion's level.)<br>Deal 1 damage to all allies and rest them. Those allies don't wake up during their controller's next wake up phase.,Action,Spell,Water,Mage,8,Slow,,0.54,0.75,5.0,0.5,,Normal,,,,,
494261,Frozen Nova,Frozen Nova,https://tcgplayer-cdn.tcgplayer.com/product/494261_200w.jpg,74,23123,https://cpt.tcgcsv.com/fKZ5,2023-04-28T04:03:10.867,1,Rare,171,[Class Bonus] Efficiency (This card costs LV less to activate. LV refers to your champion's level.)<br>Deal 1 damage to all allies and rest them. Those allies don't wake up during their controller's next wake up phase.,Action,Spell,Water,Mage,8,Slow,,35.0,62.5,89.99,,,Foil,,,,,
494262,Gaia's Blessing,Gaias Blessing,https://tcgplayer-cdn.tcgplayer.com/product/494262_200w.jpg,74,23123,https://cpt.tcgcsv.com/gKZ5,2023-04-28T04:03:10.867,1,Ultra Rare,067,[Element Bonus] You may banish four Animal and/or Beast ally cards from your graveyard to activate this card from your material deck without paying its costs. <br>Play with the top card of your deck revealed.<br>You may activate Animal and Beast ally cards from the top of your deck.,Item;Regalia,Bauble,Tera,Tamer,,,,7.99,12.5,40.0,7.25,,Normal,,,1,,
494262,Gaia's Blessing,Gaias Blessing,https://tcgplayer-cdn.tcgplayer.com/product/494262_200w.jpg,74,23123,https://cpt.tcgcsv.com/gKZ5,2023-04-28T04:03:10.867,1,Ultra Rare,067,[Element Bonus] You may banish four Animal and/or Beast ally cards from your graveyard to activate this card from your material deck without paying its costs. <br>Play with the top card of your deck revealed.<br>You may activate Animal and Beast ally cards from the top of your deck.,Item;Regalia,Bauble,Tera,Tamer,,,,599.99,599.99,599.99,,,Foil,,,1,,
494263,Gaia's Songbird,Gaias Songbird,https://tcgplayer-cdn.tcgplayer.com/product/494263_200w.jpg,74,23123,https://cpt.tcgcsv.com/hKZ5,2023-04-28T04:03:10.867,1,Uncommon,270,[Class Bonus] On Enter: Reveal cards from the top of your deck until you reveal a Beast ally card. Put that card into your hand and the rest on the bottom of your deck in a random order. (Apply this effect only if your champion's class matches this card's class.),Ally,Animal;Bird,Tera,Tamer,1,,,0.1,0.49,0.99,0.43,,Normal,1,2,,,
494263,Gaia's Songbird,Gaias Songbird,https://tcgplayer-cdn.tcgplayer.com/product/494263_200w.jpg,74,23123,https://cpt.tcgcsv.com/hKZ5,2023-04-28T04:03:10.867,1,Uncommon,270,[Class Bonus] On Enter: Reveal cards from the top of your deck until you reveal a Beast ally card. Put that card into your hand and the rest on the bottom of your deck in a random order. (Apply this effect only if your champion's class matches this card's class.),Ally,Animal;Bird,Tera,Tamer,1,,,99.99,124.99,149.99,,,Foil,1,2,,,
494264,"Galahad, Court Knight",Galahad Court Knight,https://tcgplayer-cdn.tcgplayer.com/product/494264_200w.jpg,74,23123,https://cpt.tcgcsv.com/jKZ5,2023-04-28T04:03:10.867,1,Super Rare,087,(Unique — You can control only one object with this card's name.)<br>[Class Bonus] Galahad can attack using Sword weapons you control.,Ally;Unique,Human,Norm,Warrior,4,,"<em>My sword only exists for you, Arthur.</em>",299.99,299.99,299.99,,,Foil,1,4,,,
494264,"Galahad, Court Knight",Galahad Court Knight,https://tcgplayer-cdn.tcgplayer.com/product/494264_200w.jpg,74,23123,https://cpt.tcgcsv.com/jKZ5,2023-04-28T04:03:10.867,1,Super Rare,087,(Unique — You can control only one object with this card's name.)<br>[Class Bonus] Galahad can attack using Sword weapons you control.,Ally;Unique,Human,Norm,Warrior,4,,"<em>My sword only exists for you, Arthur.</em>",2.7,2.77,5.0,,,Normal,1,4,,,
494265,"Galatine, Sword of Sunlight",Galatine Sword of Sunlight,https://tcgplayer-cdn.tcgplayer.com/product/494265_200w.jpg,74,23123,https://cpt.tcgcsv.com/kKZ5,2023-04-28T04:03:10.867,1,Super Rare,037,"Whenever you activate a Sword attack card, put a durability counter on Galatine.<br>[Class Bonus] Galatine gets +1 power for every three durability counters on it.",Weapon;Regalia,Sword,Norm,Warrior,,,"<em>Galatine resonates with the will of its wielder, becoming brighter with each strike.</em>",99.99,108.15,109.07,,,Foil,1,,1,,1
494265,"Galatine, Sword of Sunlight",Galatine Sword of Sunlight,https://tcgplayer-cdn.tcgplayer.com/product/494265_200w.jpg,74,23123,https://cpt.tcgcsv.com/kKZ5,2023-04-28T04:03:10.867,1,Super Rare,037,"Whenever you activate a Sword attack card, put a durability counter on Galatine.<br>[Class Bonus] Galatine gets +1 power for every three durability counters on it.",Weapon;Regalia,Sword,Norm,Warrior,,,"<em>Galatine resonates with the will of its wielder, becoming brighter with each strike.</em>",1.17,1.39,5.0,1.39,,Normal,1,,1,,1
494266,Ghosts of Pendragon,Ghosts of Pendragon,https://tcgplayer-cdn.tcgplayer.com/product/494266_200w.jpg,74,23123,https://cpt.tcgcsv.com/lKZ5,2023-04-28T04:03:10.867,1,Super Rare,249,"On Enter: You may return a regalia you control to its owner's material deck. If you do, draw two cards.",Ally,Human;Spirit,Crux,Warrior,2,,"<em>Galatine resonates with the will of its wielder, becoming brighter with each strike.</em><em>The ancestors will not rest until Aesa has found lasting peace.</em>",350.0,374.98,399.95,,,Foil,3,4,,,
494266,Ghosts of Pendragon,Ghosts of Pendragon,https://tcgplayer-cdn.tcgplayer.com/product/494266_200w.jpg,74,23123,https://cpt.tcgcsv.com/lKZ5,2023-04-28T04:03:10.867,1,Super Rare,249,"On Enter: You may return a regalia you control to its owner's material deck. If you do, draw two cards.",Ally,Human;Spirit,Crux,Warrior,2,,"<em>Galatine resonates with the will of its wielder, becoming brighter with each strike.</em><em>The ancestors will not rest until Aesa has found lasting peace.</em>",45.0,52.21,100.0,64.78,,Normal,3,4,,,
494267,Giant Tortoise,Giant Tortoise,https://tcgplayer-cdn.tcgplayer.com/product/494267_200w.jpg,74,23123,https://cpt.tcgcsv.com/mKZ5,2023-04-28T04:03:10.867,1,Uncommon,172,,Ally,Animal;Turtle,Water,Tamer,4,,"<em>Majestic and ancient, these Cambrian tortoises have lived longer than most of the kingdoms that have risen and fallen. They are docile, friendly to all without maligned intention, and often help other creatures in need. Strong of spirit and pure of heart, these creatures inspire only awe.</em>",34.5,37.3,99.97,,,Foil,1,6,,,
494267,Giant Tortoise,Giant Tortoise,https://tcgplayer-cdn.tcgplayer.com/product/494267_200w.jpg,74,23123,https://cpt.tcgcsv.com/mKZ5,2023-04-28T04:03:10.867,1,Uncommon,172,,Ally,Animal;Turtle,Water,Tamer,4,,"<em>Majestic and ancient, these Cambrian tortoises have lived longer than most of the kingdoms that have risen and fallen. They are docile, friendly to all without maligned intention, and often help other creatures in need. Strong of spirit and pure of heart, these creatures inspire only awe.</em>",0.13,0.39,0.85,,,Normal,1,6,,,
494268,"Gildas, Chronicler of Aesa",Gildas Chronicler of Aesa,https://tcgplayer-cdn.tcgplayer.com/product/494268_200w.jpg,74,23123,https://cpt.tcgcsv.com/nKZ5,2023-04-28T04:03:10.867,1,Super Rare,088,(Unique — You can control only one object with this card's name.)<br>Balance — Gildas gets +3 power as long as the amount of cards in your hand and memory are equal.,Ally;Unique,Human,Norm,Cleric,3,,<em>The balance of power is a fickle thing.</em>,199.99,200.0,200.0,,,Foil,1,3,,,
494268,"Gildas, Chronicler of Aesa",Gildas Chronicler of Aesa,https://tcgplayer-cdn.tcgplayer.com/product/494268_200w.jpg,74,23123,https://cpt.tcgcsv.com/nKZ5,2023-04-28T04:03:10.867,1,Super Rare,088,(Unique — You can control only one object with this card's name.)<br>Balance — Gildas gets +3 power as long as the amount of cards in your hand and memory are equal.,Ally;Unique,Human,Norm,Cleric,3,,<em>The balance of power is a fickle thing.</em>,49.99,50.0,50.0,26.35,,Normal,1,3,,,
494269,Give Bath,Give Bath,https://tcgplayer-cdn.tcgplayer.com/product/494269_200w.jpg,74,23123,https://cpt.tcgcsv.com/pKZ5,2023-04-28T04:03:10.867,1,Common,173,"Remove all temporary damage from target ally.<br>[Class Bonus] Floating Memory (While paying for a memory cost, you may banish this card from your graveyard to pay for 1 of that cost.)",Action,Skill,Water,Tamer,2,Fast,<em>“Washy washy! Clean doggy!”<br>— Silvie Heartsong</em>,0.1,0.37,0.7,0.1,,Normal,,,,,
494269,Give Bath,Give Bath,https://tcgplayer-cdn.tcgplayer.com/product/494269_200w.jpg,74,23123,https://cpt.tcgcsv.com/pKZ5,2023-04-28T04:03:10.867,1,Common,173,"Remove all temporary damage from target ally.<br>[Class Bonus] Floating Memory (While paying for a memory cost, you may banish this card from your graveyard to pay for 1 of that cost.)",Action,Skill,Water,Tamer,2,Fast,<em>“Washy washy! Clean doggy!”<br>— Silvie Heartsong</em>,29.99,29.99,29.99,,,Foil,,,,,
494270,Glacial Guidance,Glacial Guidance,https://tcgplayer-cdn.tcgplayer.com/product/494270_200w.jpg,74,23123,https://cpt.tcgcsv.com/qKZ5,2023-04-28T04:03:10.867,1,Common,174,"Rest target ally. If that ally is attacking, end the combat phase.<br>[Class Bonus] Put an enlighten counter on your champion. (You may remove three enlighten counters from your champion to draw a card.)",Action,Spell,Water,Mage,1,Fast,,0.1,0.25,0.5,0.25,,Normal,,,,,
494270,Glacial Guidance,Glacial Guidance,https://tcgplayer-cdn.tcgplayer.com/product/494270_200w.jpg,74,23123,https://cpt.tcgcsv.com/qKZ5,2023-04-28T04:03:10.867,1,Common,174,"Rest target ally. If that ally is attacking, end the combat phase.<br>[Class Bonus] Put an enlighten counter on your champion. (You may remove three enlighten counters from your champion to draw a card.)",Action,Spell,Water,Mage,1,Fast,,20.0,25.0,29.99,,,Foil,,,,,
494271,Gleaming Cut,Gleaming Cut,https://tcgplayer-cdn.tcgplayer.com/product/494271_200w.jpg,74,23123,https://cpt.tcgcsv.com/rKZ5,2023-04-28T04:03:10.867,1,Uncommon,260,"On Attack: Choose and reveal a card in your memory. If the revealed card is luxem element, Gleaming Cut gets +2 power.<br>[Class Bonus] [Element Bonus] Whenever you reveal Gleaming Cut from your memory, you may banish it. If you do, draw two cards.",Attack,Dagger,Luxem,Assassin,2,,,0.1,0.54,0.99,0.38,,Normal,2,,,,
494271,Gleaming Cut,Gleaming Cut,https://tcgplayer-cdn.tcgplayer.com/product/494271_200w.jpg,74,23123,https://cpt.tcgcsv.com/rKZ5,2023-04-28T04:03:10.867,1,Uncommon,260,"On Attack: Choose and reveal a card in your memory. If the revealed card is luxem element, Gleaming Cut gets +2 power.<br>[Class Bonus] [Element Bonus] Whenever you reveal Gleaming Cut from your memory, you may banish it. If you do, draw two cards.",Attack,Dagger,Luxem,Assassin,2,,,79.99,83.97,88.0,,,Foil,2,,,,
494272,Grand Crusader's Ring,Grand Crusaders Ring,https://tcgplayer-cdn.tcgplayer.com/product/494272_200w.jpg,74,23123,https://cpt.tcgcsv.com/sKZ5,2023-04-28T04:03:10.867,1,Ultra Rare,038,Divine Relic (You can only have one card with this keyword in your material deck.)<br>Banish Grand Crusader's Ring: Draw a card.,Item;Regalia,Ring,Norm,Warrior,,,"<em>A relic awarded for heroic deeds, this artifact was the first of many sealed within the Divine Reliquary.</em>",98.68,101.88,200.0,81.72,,Normal,,,0,,
494272,Grand Crusader's Ring,Grand Crusaders Ring,https://tcgplayer-cdn.tcgplayer.com/product/494272_200w.jpg,74,23123,https://cpt.tcgcsv.com/sKZ5,2023-04-28T04:03:10.867,1,Ultra Rare,038,Divine Relic (You can only have one card with this keyword in your material deck.)<br>Banish Grand Crusader's Ring: Draw a card.,Item;Regalia,Ring,Norm,Warrior,,,"<em>A relic awarded for heroic deeds, this artifact was the first of many sealed within the Divine Reliquary.</em>",3100.0,3299.99,4000.0,,,Foil,,,0,,
494273,Gray Wolf,Gray Wolf,https://tcgplayer-cdn.tcgplayer.com/product/494273_200w.jpg,74,23123,https://cpt.tcgcsv.com/tKZ5,2023-04-28T04:03:10.867,1,Common,089,Pride 2 (This ally won't obey you unless your champion is level 2 or higher.),Ally,Beast;Wolf,Norm,Tamer,2,,<em>A common predator that roams the temperate woodlands of Aesa. One would do well to not adventure there alone.</em>,38.99,38.99,38.99,,,Foil,2,2,,,
494273,Gray Wolf,Gray Wolf,https://tcgplayer-cdn.tcgplayer.com/product/494273_200w.jpg,74,23123,https://cpt.tcgcsv.com/tKZ5,2023-04-28T04:03:10.867,1,Common,089,Pride 2 (This ally won't obey you unless your champion is level 2 or higher.),Ally,Beast;Wolf,Norm,Tamer,2,,<em>A common predator that roams the temperate woodlands of Aesa. One would do well to not adventure there alone.</em>,0.1,0.29,0.99,,,Normal,2,2,,,
494274,Harness Mana,Harness Mana,https://tcgplayer-cdn.tcgplayer.com/product/494274_200w.jpg,74,23123,https://cpt.tcgcsv.com/vKZ5,2023-04-28T04:03:10.867,1,Common,090,"Put any amount of cards from your hand into your memory. <br>[Class Bonus] Floating Memory (While paying for a memory cost, you may banish this card from your graveyard to pay for 1 of that cost.)",Action,Skill,Norm,Mage,0,Slow,,18.0,19.75,19.99,,,Foil,,,,,
494274,Harness Mana,Harness Mana,https://tcgplayer-cdn.tcgplayer.com/product/494274_200w.jpg,74,23123,https://cpt.tcgcsv.com/vKZ5,2023-04-28T04:03:10.867,1,Common,090,"Put any amount of cards from your hand into your memory. <br>[Class Bonus] Floating Memory (While paying for a memory cost, you may banish this card from your graveyard to pay for 1 of that cost.)",Action,Skill,Norm,Mage,0,Slow,,0.13,0.36,0.5,0.35,,Normal,,,,,
494275,Hasty Messenger,Hasty Messenger,https://tcgplayer-cdn.tcgplayer.com/product/494275_200w.jpg,74,23123,https://cpt.tcgcsv.com/wKZ5,2023-04-28T04:03:10.867,1,Uncommon,139,"On Attack: You may discard a card. If you do, draw a card.",Ally,Human,Fire,Warrior,2,,<em>“War is upon us. Spread the word!”</em>,79.99,79.99,79.99,,,Foil,1,2,,,
494275,Hasty Messenger,Hasty Messenger,https://tcgplayer-cdn.tcgplayer.com/product/494275_200w.jpg,74,23123,https://cpt.tcgcsv.com/wKZ5,2023-04-28T04:03:10.867,1,Uncommon,139,"On Attack: You may discard a card. If you do, draw a card.",Ally,Human,Fire,Warrior,2,,<em>“War is upon us. Spread the word!”</em>,1.24,2.24,3.97,2.59,,Normal,1,2,,,
494276,Honorable Vanguard,Honorable Vanguard,https://tcgplayer-cdn.tcgplayer.com/product/494276_200w.jpg,74,23123,https://cpt.tcgcsv.com/xKZ5,2023-04-28T04:03:10.867,1,Common,091,"Floating Memory (While paying for a memory cost, you may banish this card from your graveyard to pay for 1 of that cost.)",Ally,Human,Norm,Warrior,2,,<em>“Advance! Keep them away from the gates until reinforcements arrive!”</em>,38.99,43.95,44.99,,,Foil,1,2,,,
494276,Honorable Vanguard,Honorable Vanguard,https://tcgplayer-cdn.tcgplayer.com/product/494276_200w.jpg,74,23123,https://cpt.tcgcsv.com/xKZ5,2023-04-28T04:03:10.867,1,Common,091,"Floating Memory (While paying for a memory cost, you may banish this card from your graveyard to pay for 1 of that cost.)",Ally,Human,Norm,Warrior,2,,<em>“Advance! Keep them away from the gates until reinforcements arrive!”</em>,0.1,0.25,0.49,0.19,,Normal,1,2,,,
494277,Horn of Beastcalling,Horn of Beastcalling,https://tcgplayer-cdn.tcgplayer.com/product/494277_200w.jpg,74,23123,https://cpt.tcgcsv.com/zKZ5,2023-04-28T04:03:10.867,1,Rare,068,Banish Horn of Beastcalling: The next Beast ally card you activate this turn costs 3 less to activate. Class Bonus: Draw a card. (Apply the additional effect only if your champion's class matches this card's class.),Item;Regalia,Instrument,Tera,Tamer,,,<em>Few beasts can resist Gaia's call.</em>,0.49,0.49,2.0,0.42,,Normal,,,1,,
494277,Horn of Beastcalling,Horn of Beastcalling,https://tcgplayer-cdn.tcgplayer.com/product/494277_200w.jpg,74,23123,https://cpt.tcgcsv.com/zKZ5,2023-04-28T04:03:10.867,1,Rare,068,Banish Horn of Beastcalling: The next Beast ally card you activate this turn costs 3 less to activate. Class Bonus: Draw a card. (Apply the additional effect only if your champion's class matches this card's class.),Item;Regalia,Instrument,Tera,Tamer,,,<em>Few beasts can resist Gaia's call.</em>,129.99,129.99,129.99,,,Foil,,,1,,
494278,Hurricane Sweep,Hurricane Sweep,https://tcgplayer-cdn.tcgplayer.com/product/494278_200w.jpg,74,23123,https://cpt.tcgcsv.com/BKZ5,2023-04-28T04:03:10.867,1,Rare,214,[Class Bonus] Efficiency (This card costs LV less to activate. LV refers to your champion's level. Apply this effect only if your champion's class matches this card's class.)<br>Cleave (Attack all units a chosen opponent controls. This attack can't be intercepted.),Attack,Sword,Wind,Warrior,5,,,0.49,1.0,2.0,0.54,,Normal,1,,,,
494278,Hurricane Sweep,Hurricane Sweep,https://tcgplayer-cdn.tcgplayer.com/product/494278_200w.jpg,74,23123,https://cpt.tcgcsv.com/BKZ5,2023-04-28T04:03:10.867,1,Rare,214,[Class Bonus] Efficiency (This card costs LV less to activate. LV refers to your champion's level. Apply this effect only if your champion's class matches this card's class.)<br>Cleave (Attack all units a chosen opponent controls. This attack can't be intercepted.),Attack,Sword,Wind,Warrior,5,,,45.0,50.0,69.99,,,Foil,1,,,,
494279,Hymn of Gaia's Grace,Hymn of Gaias Grace,https://tcgplayer-cdn.tcgplayer.com/product/494279_200w.jpg,74,23123,https://cpt.tcgcsv.com/CKZ5,2023-04-28T04:03:10.867,1,Super Rare,271,"Glimpse 3. Draw a card.<br>You may put an Animal or Beast ally card with reserve cost LV or less from your hand onto the field. If you do, you may change the target of an attack that targets your champion to that ally.",Action,Melody;Skill,Tera,Tamer,3,Fast,,8.7,14.98,49.99,,,Normal,,,,,
494279,Hymn of Gaia's Grace,Hymn of Gaias Grace,https://tcgplayer-cdn.tcgplayer.com/product/494279_200w.jpg,74,23123,https://cpt.tcgcsv.com/CKZ5,2023-04-28T04:03:10.867,1,Super Rare,271,"Glimpse 3. Draw a card.<br>You may put an Animal or Beast ally card with reserve cost LV or less from your hand onto the field. If you do, you may change the target of an attack that targets your champion to that ally.",Action,Melody;Skill,Tera,Tamer,3,Fast,,90.0,145.0,199.99,,,Foil,,,,,
494280,Idle Thoughts,Idle Thoughts,https://tcgplayer-cdn.tcgplayer.com/product/494280_200w.jpg,74,23123,https://cpt.tcgcsv.com/DKZ5,2023-04-28T04:03:10.867,1,Common,092,"Look at the top four cards of your deck and then put them back in any order.<br>Floating Memory (While paying for a memory cost, you may banish this card from your graveyard to pay for 1 of that cost.)",Action,Skill,Norm,Mage,1,Slow,,0.1,0.45,0.99,0.35,,Normal,,,,,
494280,Idle Thoughts,Idle Thoughts,https://tcgplayer-cdn.tcgplayer.com/product/494280_200w.jpg,74,23123,https://cpt.tcgcsv.com/DKZ5,2023-04-28T04:03:10.867,1,Common,092,"Look at the top four cards of your deck and then put them back in any order.<br>Floating Memory (While paying for a memory cost, you may banish this card from your graveyard to pay for 1 of that cost.)",Action,Skill,Norm,Mage,1,Slow,,34.99,35.0,40.0,,,Foil,,,,,
494281,Ignite the Soul,Ignite the Soul,https://tcgplayer-cdn.tcgplayer.com/product/494281_200w.jpg,74,23123,https://cpt.tcgcsv.com/FKZ5,2023-04-28T04:03:10.867,1,Common,140,"Deal 1 damage to target unit.<br>[Class Bonus] Floating Memory (While paying for a memory cost, you may banish this card from your graveyard to pay for 1 of that cost. Apply this effect only if your champion's class matches this card's class.)",Action,Spell,Fire,Mage,1,Fast,,0.25,0.44,0.75,0.44,,Normal,,,,,
494281,Ignite the Soul,Ignite the Soul,https://tcgplayer-cdn.tcgplayer.com/product/494281_200w.jpg,74,23123,https://cpt.tcgcsv.com/FKZ5,2023-04-28T04:03:10.867,1,Common,140,"Deal 1 damage to target unit.<br>[Class Bonus] Floating Memory (While paying for a memory cost, you may banish this card from your graveyard to pay for 1 of that cost. Apply this effect only if your champion's class matches this card's class.)",Action,Spell,Fire,Mage,1,Fast,,89.99,89.99,89.99,,,Foil,,,,,
494282,Ignited Stab,Ignited Stab,https://tcgplayer-cdn.tcgplayer.com/product/494282_200w.jpg,74,23123,https://cpt.tcgcsv.com/GKZ5,2023-04-28T04:03:10.867,1,Common,141,"Prepare 1 (You may remove a preparation counter from your champion as you activate this card.)<br>[Class Bonus] On Attack: If Ignited Stab was prepared, it gets +2 power. (Apply this effect only if your champion's class matches this card's class.)",Attack,Dagger,Fire,Assassin,1,,,35.0,39.99,39.99,,,Foil,2,,,,
494282,Ignited Stab,Ignited Stab,https://tcgplayer-cdn.tcgplayer.com/product/494282_200w.jpg,74,23123,https://cpt.tcgcsv.com/GKZ5,2023-04-28T04:03:10.867,1,Common,141,"Prepare 1 (You may remove a preparation counter from your champion as you activate this card.)<br>[Class Bonus] On Attack: If Ignited Stab was prepared, it gets +2 power. (Apply this effect only if your champion's class matches this card's class.)",Attack,Dagger,Fire,Assassin,1,,,0.15,0.32,0.5,,,Normal,2,,,,
494283,Imbue in Frost,Imbue in Frost,https://tcgplayer-cdn.tcgplayer.com/product/494283_200w.jpg,74,23123,https://cpt.tcgcsv.com/HKZ5,2023-04-28T04:03:10.867,1,Common,175,"Target Sword weapon you control gets +2 power until end of turn. <br>[Class Bonus] Floating Memory (While paying for a memory cost, you may banish this card from your graveyard to pay for 1 of that cost.)",Action,Spell,Water,Warrior,3,Slow,,10.99,18.49,37.95,,,Foil,,,,,
494283,Imbue in Frost,Imbue in Frost,https://tcgplayer-cdn.tcgplayer.com/product/494283_200w.jpg,74,23123,https://cpt.tcgcsv.com/HKZ5,2023-04-28T04:03:10.867,1,Common,175,"Target Sword weapon you control gets +2 power until end of turn. <br>[Class Bonus] Floating Memory (While paying for a memory cost, you may banish this card from your graveyard to pay for 1 of that cost.)",Action,Spell,Water,Warrior,3,Slow,,0.1,0.29,0.68,0.28,,Normal,,,,,
494284,Immolation Trap,Immolation Trap,https://tcgplayer-cdn.tcgplayer.com/product/494284_200w.jpg,74,23123,https://cpt.tcgcsv.com/JKZ5,2023-04-28T04:03:10.867,1,Rare,142,[Class Bonus] This card costs 2 less to activate. (Apply this effect only if your champion's class matches this card's class.)<br>Destroy target damaged ally.,Action,Reaction;Skill,Fire,Assassin,2,Fast,<em>The din of the battlefield can lead to deadly oversight.</em>,229.99,229.99,229.99,,,Foil,,,,,
494284,Immolation Trap,Immolation Trap,https://tcgplayer-cdn.tcgplayer.com/product/494284_200w.jpg,74,23123,https://cpt.tcgcsv.com/JKZ5,2023-04-28T04:03:10.867,1,Rare,142,[Class Bonus] This card costs 2 less to activate. (Apply this effect only if your champion's class matches this card's class.)<br>Destroy target damaged ally.,Action,Reaction;Skill,Fire,Assassin,2,Fast,<em>The din of the battlefield can lead to deadly oversight.</em>,0.9,1.35,5.0,1.5,,Normal,,,,,
494285,Impassioned Tutor,Impassioned Tutor,https://tcgplayer-cdn.tcgplayer.com/product/494285_200w.jpg,74,23123,https://cpt.tcgcsv.com/KKZ5,2023-04-28T04:03:10.867,1,Uncommon,143,On Attack: Your champion gets +1 level until end of turn.,Ally,Human,Fire,Mage,2,,<em>Let me show you how it's done!</em>,39.99,219.99,399.99,,,Foil,1,3,,,
494285,Impassioned Tutor,Impassioned Tutor,https://tcgplayer-cdn.tcgplayer.com/product/494285_200w.jpg,74,23123,https://cpt.tcgcsv.com/KKZ5,2023-04-28T04:03:10.867,1,Uncommon,143,On Attack: Your champion gets +1 level until end of turn.,Ally,Human,Fire,Mage,2,,<em>Let me show you how it's done!</em>,0.12,0.24,0.69,0.24,,Normal,1,3,,,
494286,Increasing Danger,Increasing Danger,https://tcgplayer-cdn.tcgplayer.com/product/494286_200w.jpg,74,23123,https://cpt.tcgcsv.com/LKZ5,2023-04-28T04:03:10.867,1,Uncommon,144,Draw a card. Each player draws a card into their memory.,Action,Spell,Fire,Mage,2,Slow,"<em>First, an ember. Then, a blaze.</em>",1.0,1.63,2.34,1.5,,Normal,,,,,
494286,Increasing Danger,Increasing Danger,https://tcgplayer-cdn.tcgplayer.com/product/494286_200w.jpg,74,23123,https://cpt.tcgcsv.com/LKZ5,2023-04-28T04:03:10.867,1,Uncommon,144,Draw a card. Each player draws a card into their memory.,Action,Spell,Fire,Mage,2,Slow,"<em>First, an ember. Then, a blaze.</em>",54.0,57.0,59.99,,,Foil,,,,,
494287,Inspiring Call,Inspiring Call,https://tcgplayer-cdn.tcgplayer.com/product/494287_200w.jpg,74,23123,https://cpt.tcgcsv.com/MKZ5,2023-04-28T04:03:10.867,1,Common,093,This card costs 2 less to activate if your champion has attacked this turn.<br>Allies you control get +1 power until end of turn. Draw a card into your memory.,Action,Skill,Norm,Warrior,3,Fast,"<em>""Aesans, rally to me! Camelot will not fall!"" <br>— Lorraine Allard</em>",0.12,0.25,0.6,0.24,,Normal,,,,,
494287,Inspiring Call,Inspiring Call,https://tcgplayer-cdn.tcgplayer.com/product/494287_200w.jpg,74,23123,https://cpt.tcgcsv.com/MKZ5,2023-04-28T04:03:10.867,1,Common,093,This card costs 2 less to activate if your champion has attacked this turn.<br>Allies you control get +1 power until end of turn. Draw a card into your memory.,Action,Skill,Norm,Warrior,3,Fast,"<em>""Aesans, rally to me! Camelot will not fall!"" <br>— Lorraine Allard</em>",84.99,89.99,91.9,,,Foil,,,,,
494288,Intangible Geist,Intangible Geist,https://tcgplayer-cdn.tcgplayer.com/product/494288_200w.jpg,74,23123,https://cpt.tcgcsv.com/NKZ5,2023-04-28T04:03:10.867,1,Super Rare,250,On Enter: You may choose any amount of regalia cards from your banishment and put them into your material deck.<br>[Class Bonus] Prevent all attack damage that would be dealt to Intangible Geist.,Ally,Spirit,Crux,Warrior,4,,,1.17,1.33,6.49,1.56,,Normal,3,2,,,
494288,Intangible Geist,Intangible Geist,https://tcgplayer-cdn.tcgplayer.com/product/494288_200w.jpg,74,23123,https://cpt.tcgcsv.com/NKZ5,2023-04-28T04:03:10.867,1,Super Rare,250,On Enter: You may choose any amount of regalia cards from your banishment and put them into your material deck.<br>[Class Bonus] Prevent all attack damage that would be dealt to Intangible Geist.,Ally,Spirit,Crux,Warrior,4,,,129.99,199.99,199.99,,,Foil,3,2,,,
494289,Intrepid Highwayman,Intrepid Highwayman,https://tcgplayer-cdn.tcgplayer.com/product/494289_200w.jpg,74,23123,https://cpt.tcgcsv.com/PKZ5,2023-04-28T04:03:10.867,1,Common,176,"Intercept (When your champion is attacked while this ally is awake, you may redirect that attack to this ally.)<br>As long as Intrepid Highwayman is retaliating, it gets +3 power.<br>[Class Bonus] Floating Memory",Ally,Human,Water,Assassin,3,,,139.99,139.99,139.99,,,Foil,1,2,,,
494289,Intrepid Highwayman,Intrepid Highwayman,https://tcgplayer-cdn.tcgplayer.com/product/494289_200w.jpg,74,23123,https://cpt.tcgcsv.com/PKZ5,2023-04-28T04:03:10.867,1,Common,176,"Intercept (When your champion is attacked while this ally is awake, you may redirect that attack to this ally.)<br>As long as Intrepid Highwayman is retaliating, it gets +3 power.<br>[Class Bonus] Floating Memory",Ally,Human,Water,Assassin,3,,,0.12,0.29,0.99,0.23,,Normal,1,2,,,
494290,Invigorated Slash,Invigorated Slash,https://tcgplayer-cdn.tcgplayer.com/product/494290_200w.jpg,74,23123,https://cpt.tcgcsv.com/QKZ5,2023-04-28T04:03:10.867,1,Common,094,"As long as your champion has leveled up this turn, Invigorated Slash gets +2? power.",Attack,Sword,Norm,Warrior,2,,<em>A surge of power is best used swiftly before it wanes.</em>,10.0,11.18,14.98,,,Foil,2,,,,
494290,Invigorated Slash,Invigorated Slash,https://tcgplayer-cdn.tcgplayer.com/product/494290_200w.jpg,74,23123,https://cpt.tcgcsv.com/QKZ5,2023-04-28T04:03:10.867,1,Common,094,"As long as your champion has leveled up this turn, Invigorated Slash gets +2? power.",Attack,Sword,Norm,Warrior,2,,<em>A surge of power is best used swiftly before it wanes.</em>,0.1,0.25,0.74,,,Normal,2,,,,
494291,Invoke Dominance,Invoke Dominance,https://tcgplayer-cdn.tcgplayer.com/product/494291_200w.jpg,74,23123,https://cpt.tcgcsv.com/RKZ5,2023-04-28T04:03:10.867,1,Rare,272,"Preserve (Put this card into your material deck preserved as it resolves. As you materialize, you may instead return a preserved card to your hand.)<br>Your champion gets +3 level until end of turn. You can't activate non-ally cards this turn.",Action,Spell,Tera,Tamer,1,Fast,,89.99,89.99,89.99,,,Foil,,,,,
494291,Invoke Dominance,Invoke Dominance,https://tcgplayer-cdn.tcgplayer.com/product/494291_200w.jpg,74,23123,https://cpt.tcgcsv.com/RKZ5,2023-04-28T04:03:10.867,1,Rare,272,"Preserve (Put this card into your material deck preserved as it resolves. As you materialize, you may instead return a preserved card to your hand.)<br>Your champion gets +3 level until end of turn. You can't activate non-ally cards this turn.",Action,Spell,Tera,Tamer,1,Fast,,0.25,0.5,3.0,0.98,,Normal,,,,,
494292,Jewel of Enlightenment,Jewel of Enlightenment,https://tcgplayer-cdn.tcgplayer.com/product/494292_200w.jpg,74,23123,https://cpt.tcgcsv.com/SKZ5,2023-04-28T04:03:10.867,1,Uncommon,039,Banish Jewel of Enlightenment: Put an enlighten counter on your champion. (You may remove three enlighten counters from your champion to draw a card.),Item;Regalia,Crystal,Norm,Mage,,,"<em>Recording their thoughts into gems, mages planned keenly for their posterity.</em>",19.98,23.97,34.82,,,Foil,,,0,,
494292,Jewel of Enlightenment,Jewel of Enlightenment,https://tcgplayer-cdn.tcgplayer.com/product/494292_200w.jpg,74,23123,https://cpt.tcgcsv.com/SKZ5,2023-04-28T04:03:10.867,1,Uncommon,039,Banish Jewel of Enlightenment: Put an enlighten counter on your champion. (You may remove three enlighten counters from your champion to draw a card.),Item;Regalia,Crystal,Norm,Mage,,,"<em>Recording their thoughts into gems, mages planned keenly for their posterity.</em>",0.1,0.25,0.5,0.37,,Normal,,,0,,
494293,Juggle Knives,Juggle Knives,https://tcgplayer-cdn.tcgplayer.com/product/494293_200w.jpg,74,23123,https://cpt.tcgcsv.com/TKZ5,2023-04-28T04:03:10.867,1,Common,095,Deal 1 damage to target champion.<br>[Class Bonus] Draw a card. (Apply this effect only if your champion's class matches this card's class.),Action,Skill,Norm,Assassin;Ranger,2,Fast,"<em>With enough skill, the only danger is to your foes.</em>",0.15,0.58,0.99,0.48,,Normal,,,,,
494293,Juggle Knives,Juggle Knives,https://tcgplayer-cdn.tcgplayer.com/product/494293_200w.jpg,74,23123,https://cpt.tcgcsv.com/TKZ5,2023-04-28T04:03:10.867,1,Common,095,Deal 1 damage to target champion.<br>[Class Bonus] Draw a card. (Apply this effect only if your champion's class matches this card's class.),Action,Skill,Norm,Assassin;Ranger,2,Fast,"<em>With enough skill, the only danger is to your foes.</em>",149.99,149.99,149.99,25.0,,Foil,,,,,
494294,Kingdom Informant,Kingdom Informant,https://tcgplayer-cdn.tcgplayer.com/product/494294_200w.jpg,74,23123,https://cpt.tcgcsv.com/VKZ5,2023-04-28T04:03:10.867,1,Common,096,"Stealth (This unit can't be targeted by attacks unless permitted by true sight.)<br>[Class Bonus] Floating Memory (While paying for a memory cost, you may banish this card from your graveyard to pay for 1 of that cost.)",Ally,Human,Norm,Assassin,2,,,0.12,0.32,0.5,0.38,,Normal,1,2,,,
494294,Kingdom Informant,Kingdom Informant,https://tcgplayer-cdn.tcgplayer.com/product/494294_200w.jpg,74,23123,https://cpt.tcgcsv.com/VKZ5,2023-04-28T04:03:10.867,1,Common,096,"Stealth (This unit can't be targeted by attacks unless permitted by true sight.)<br>[Class Bonus] Floating Memory (While paying for a memory cost, you may banish this card from your graveyard to pay for 1 of that cost.)",Ally,Human,Norm,Assassin,2,,,34.99,34.99,34.99,,,Foil,1,2,,,
494295,Lakeside Serpent,Lakeside Serpent,https://tcgplayer-cdn.tcgplayer.com/product/494295_200w.jpg,74,23123,https://cpt.tcgcsv.com/WKZ5,2023-04-28T04:03:10.867,1,Rare,177,Pride 6 (This ally won't obey you unless your champion is level 6 or higher.)<br>[Class Bonus] Lakeside Serpent gets +1 power for each water element card in your graveyard. (Apply this effect only if your champion's class matches this card's class.),Ally,Beast;Serpent,Water,Tamer,5,,,0.4,0.83,5.0,0.53,,Normal,3,5,,,
494295,Lakeside Serpent,Lakeside Serpent,https://tcgplayer-cdn.tcgplayer.com/product/494295_200w.jpg,74,23123,https://cpt.tcgcsv.com/WKZ5,2023-04-28T04:03:10.867,1,Rare,177,Pride 6 (This ally won't obey you unless your champion is level 6 or higher.)<br>[Class Bonus] Lakeside Serpent gets +1 power for each water element card in your graveyard. (Apply this effect only if your champion's class matches this card's class.),Ally,Beast;Serpent,Water,Tamer,5,,,99.99,99.99,99.99,,,Foil,3,5,,,
494296,Library Witch,Library Witch,https://tcgplayer-cdn.tcgplayer.com/product/494296_200w.jpg,74,23123,https://cpt.tcgcsv.com/XKZ5,2023-04-28T04:03:10.867,1,Common,097,"Intercept (Whenever your champion is attacked while this ally is awake, you may redirect that attack to this ally.)<br>On Death: Draw a card.",Ally,Human,Norm,Mage,2,,<em>The librarians of mage academies instill their love for reading in aspiring students.</em>,0.12,0.34,0.99,0.28,,Normal,0,1,,,
494296,Library Witch,Library Witch,https://tcgplayer-cdn.tcgplayer.com/product/494296_200w.jpg,74,23123,https://cpt.tcgcsv.com/XKZ5,2023-04-28T04:03:10.867,1,Common,097,"Intercept (Whenever your champion is attacked while this ally is awake, you may redirect that attack to this ally.)<br>On Death: Draw a card.",Ally,Human,Norm,Mage,2,,<em>The librarians of mage academies instill their love for reading in aspiring students.</em>,59.22,60.0,77.95,,,Foil,0,1,,,
494297,Life Essence Amulet,Life Essence Amulet,https://tcgplayer-cdn.tcgplayer.com/product/494297_200w.jpg,74,23123,https://cpt.tcgcsv.com/ZKZ5,2023-04-28T04:03:10.867,1,Common,040,"Whenever an ally you control dies while it's not your turn, you may banish Life Essence Amulet. If you do, draw a card.",Item;Regalia,Bauble,Norm,Mage,,,"<em>""It is said a great alchemist made this amulet for his lover should she be at death's door.""<br>— Gildas, Chronicler of Aesa</em>",0.12,0.25,0.5,0.24,,Normal,,,0,,
494297,Life Essence Amulet,Life Essence Amulet,https://tcgplayer-cdn.tcgplayer.com/product/494297_200w.jpg,74,23123,https://cpt.tcgcsv.com/ZKZ5,2023-04-28T04:03:10.867,1,Common,040,"Whenever an ally you control dies while it's not your turn, you may banish Life Essence Amulet. If you do, draw a card.",Item;Regalia,Bauble,Norm,Mage,,,"<em>""It is said a great alchemist made this amulet for his lover should she be at death's door.""<br>— Gildas, Chronicler of Aesa</em>",27.99,28.0,35.0,,,Foil,,,0,,
494298,Lightweaver's Assault,Lightweavers Assault,https://tcgplayer-cdn.tcgplayer.com/product/494298_200w.jpg,74,23123,https://cpt.tcgcsv.com/-KZ5,2023-04-28T04:03:10.867,1,Super Rare,261,"Reveal all cards in your memory. Choose any amount of units and deal damage equal to the amount of cards revealed split among them.<br>[Class Bonus] [Element Bonus] Whenever you reveal Lightweaver's Assault from your memory, choose a unit and deal 2 damage to it.",Action,Skill,Luxem,Assassin,4,Fast,,279.99,279.99,279.99,,,Foil,,,,,
494298,Lightweaver's Assault,Lightweavers Assault,https://tcgplayer-cdn.tcgplayer.com/product/494298_200w.jpg,74,23123,https://cpt.tcgcsv.com/-KZ5,2023-04-28T04:03:10.867,1,Super Rare,261,"Reveal all cards in your memory. Choose any amount of units and deal damage equal to the amount of cards revealed split among them.<br>[Class Bonus] [Element Bonus] Whenever you reveal Lightweaver's Assault from your memory, choose a unit and deal 2 damage to it.",Action,Skill,Luxem,Assassin,4,Fast,,28.45,29.36,38.0,14.53,,Normal,,,,,
494299,"Lorraine, Blademaster",Lorraine Blademaster,https://tcgplayer-cdn.tcgplayer.com/product/494299_200w.jpg,74,23123,https://cpt.tcgcsv.com/_KZ5,2023-04-28T04:03:10.867,1,Common,005,"Lorraine Lineage (Lorraine, Blademaster must be leveled from a previous level ""Lorraine"" champion.)<br>On Enter: Until end of turn, Lorraine's attacks get +2 power and gain ""On Kill: Draw a card.""",Champion,Human,Norm,Warrior,,,<em>Let me show you true swordistry.</em>,399.99,399.99,399.99,,,Foil,,24,2,2,
494299,"Lorraine, Blademaster",Lorraine Blademaster,https://tcgplayer-cdn.tcgplayer.com/product/494299_200w.jpg,74,23123,https://cpt.tcgcsv.com/_KZ5,2023-04-28T04:03:10.867,1,Common,005,"Lorraine Lineage (Lorraine, Blademaster must be leveled from a previous level ""Lorraine"" champion.)<br>On Enter: Until end of turn, Lorraine's attacks get +2 power and gain ""On Kill: Draw a card.""",Champion,Human,Norm,Warrior,,,<em>Let me show you true swordistry.</em>,0.11,0.25,0.5,0.29,,Normal,,24,2,2,
494300,"Lorraine, Blademaster (CUR)",Lorraine Blademaster CUR,https://tcgplayer-cdn.tcgplayer.com/product/494300_200w.jpg,74,23123,https://cpt.tcgcsv.com/0LZ5,2023-04-28T04:03:10.867,1,Collector Ultra Rare,005,"Lorraine Lineage<br>On Enter: Until end of turn, Lorraine's attacks get +2 power and gain ""On Kill: Draw a card.""",Champion,Human,Norm,Warrior,,,<em>Let me show you true swordistry.</em>,4499.99,4499.99,4499.99,,,Foil,,24,2,2,
494301,"Lorraine, Spirit Ruler",Lorraine Spirit Ruler,https://tcgplayer-cdn.tcgplayer.com/product/494301_200w.jpg,74,23123,https://cpt.tcgcsv.com/2LZ5,2023-04-28T04:03:10.867,1,Common,006,"Lorraine Lineage (Lorraine, Spirit Ruler must be leveled from a previous level ""Lorraine"" champion.)<br>On Enter: Choose a Sword regalia card with memory cost 1 or less from your banishment and put it onto the field. It enters the field with three additional durability counters on it.",Champion,Human,Crux,Warrior,,,,599.99,599.99,599.99,,,Foil,,28,3,3,
494301,"Lorraine, Spirit Ruler",Lorraine Spirit Ruler,https://tcgplayer-cdn.tcgplayer.com/product/494301_200w.jpg,74,23123,https://cpt.tcgcsv.com/2LZ5,2023-04-28T04:03:10.867,1,Common,006,"Lorraine Lineage (Lorraine, Spirit Ruler must be leveled from a previous level ""Lorraine"" champion.)<br>On Enter: Choose a Sword regalia card with memory cost 1 or less from your banishment and put it onto the field. It enters the field with three additional durability counters on it.",Champion,Human,Crux,Warrior,,,,0.2,0.45,0.75,0.38,,Normal,,28,3,3,
494302,"Lorraine, Spirit Ruler (CUR)",Lorraine Spirit Ruler CUR,https://tcgplayer-cdn.tcgplayer.com/product/494302_200w.jpg,74,23123,https://cpt.tcgcsv.com/3LZ5,2023-04-28T04:03:10.867,1,Collector Ultra Rare,006,Lorraine Lineage<br>On Enter: Choose a Sword regalia card with memory cost 1 or less from your banishment and put it onto the field. It enters the field with three additional durability counters on it.,Champion,Human,Crux,Warrior,,,,4799.99,4799.99,4799.99,,,Foil,,28,3,3,
494303,"Lorraine, Wandering Warrior",Lorraine Wandering Warrior,https://tcgplayer-cdn.tcgplayer.com/product/494303_200w.jpg,74,23123,https://cpt.tcgcsv.com/5LZ5,2023-04-28T04:03:10.867,1,Common,004,On Enter: Materialize a weapon card with memory cost 0 from your material deck.,Champion,Human,Norm,Warrior,,,<em>“This beautiful world we have been tasked to save... It carries such a stench of smoke and ash.”</em>,0.11,0.25,0.5,0.25,,Normal,,20,1,1,
494303,"Lorraine, Wandering Warrior",Lorraine Wandering Warrior,https://tcgplayer-cdn.tcgplayer.com/product/494303_200w.jpg,74,23123,https://cpt.tcgcsv.com/5LZ5,2023-04-28T04:03:10.867,1,Common,004,On Enter: Materialize a weapon card with memory cost 0 from your material deck.,Champion,Human,Norm,Warrior,,,<em>“This beautiful world we have been tasked to save... It carries such a stench of smoke and ash.”</em>,649.99,649.99,649.99,375.0,,Foil,,20,1,1,
494304,"Lorraine, Wandering Warrior (CUR)",Lorraine Wandering Warrior CUR,https://tcgplayer-cdn.tcgplayer.com/product/494304_200w.jpg,74,23123,https://cpt.tcgcsv.com/6LZ5,2023-04-28T04:03:10.867,1,Collector Ultra Rare,004,On Enter: Materialize a weapon card with memory cost 0 from your material deck.,Champion,Human,Norm,Warrior,,,<em>“This beautiful world we have been tasked to save... It carries such a stench of smoke and ash.”</em>,4799.99,4799.99,4799.99,,,Foil,,20,1,1,
494305,"Lunete, Frostbinder Priest",Lunete Frostbinder Priest,https://tcgplayer-cdn.tcgplayer.com/product/494305_200w.jpg,74,23123,https://cpt.tcgcsv.com/7LZ5,2023-04-28T04:03:10.867,1,Rare,178,Allies your opponents control enter the field rested.<br>Balance — Lunete gets +3 life as long as the amount of cards in your hand and memory are equal.,Ally;Unique,Human,Water,Cleric,3,,<em>Kneel. Your ceaseless violence is not welcome here.</em>,4.2,6.65,9.49,5.5,,Normal,1,1,,,
494305,"Lunete, Frostbinder Priest",Lunete Frostbinder Priest,https://tcgplayer-cdn.tcgplayer.com/product/494305_200w.jpg,74,23123,https://cpt.tcgcsv.com/7LZ5,2023-04-28T04:03:10.867,1,Rare,178,Allies your opponents control enter the field rested.<br>Balance — Lunete gets +3 life as long as the amount of cards in your hand and memory are equal.,Ally;Unique,Human,Water,Cleric,3,,<em>Kneel. Your ceaseless violence is not welcome here.</em>,100.0,185.0,269.99,,,Foil,1,1,,,
494306,Luxem Sight,Luxem Sight,https://tcgplayer-cdn.tcgplayer.com/product/494306_200w.jpg,74,23123,https://cpt.tcgcsv.com/8LZ5,2023-04-28T04:03:10.867,1,Uncommon,262,"[Element Bonus] Whenever you reveal this card from your memory, recover 3. (To recover, remove that many damage counters from your champion. Apply this effect only if your champion's element matches this card's element.)<br>Draw a card.",Action,Spell,Luxem,Cleric,0,Fast,,0.29,0.69,1.49,0.67,,Normal,,,,,
494306,Luxem Sight,Luxem Sight,https://tcgplayer-cdn.tcgplayer.com/product/494306_200w.jpg,74,23123,https://cpt.tcgcsv.com/8LZ5,2023-04-28T04:03:10.867,1,Uncommon,262,"[Element Bonus] Whenever you reveal this card from your memory, recover 3. (To recover, remove that many damage counters from your champion. Apply this effect only if your champion's element matches this card's element.)<br>Draw a card.",Action,Spell,Luxem,Cleric,0,Fast,,80.0,80.0,80.0,,,Foil,,,,,
494307,Luxera's Map,Luxeras Map,https://tcgplayer-cdn.tcgplayer.com/product/494307_200w.jpg,74,23123,https://cpt.tcgcsv.com/9LZ5,2023-04-28T04:03:10.867,1,Ultra Rare,066,"[Class Bonus] This card costs 1 less to materialize. <br>Luxera's Map enters the field rested.<br>REST, Banish Luxera's Map: Search your deck for a card and put it into your memory. Then shuffle your deck. Activate this ability only at slow speed.",Item;Regalia,Map,Luxem,Assassin,,,,600.0,650.0,699.99,,,Foil,,,1,,
494307,Luxera's Map,Luxeras Map,https://tcgplayer-cdn.tcgplayer.com/product/494307_200w.jpg,74,23123,https://cpt.tcgcsv.com/9LZ5,2023-04-28T04:03:10.867,1,Ultra Rare,066,"[Class Bonus] This card costs 1 less to materialize. <br>Luxera's Map enters the field rested.<br>REST, Banish Luxera's Map: Search your deck for a card and put it into your memory. Then shuffle your deck. Activate this ability only at slow speed.",Item;Regalia,Map,Luxem,Assassin,,,,4.03,5.29,35.0,4.33,,Normal,,,1,,
494308,Magus Disciple,Magus Disciple,https://tcgplayer-cdn.tcgplayer.com/product/494308_200w.jpg,74,23123,https://cpt.tcgcsv.com/bLZ5,2023-04-28T04:03:10.867,1,Common,098,Your champion gets +1 level.<br>[Class Bonus] On Death: Draw a card. (Apply this effect only if your champion's class matches this card's class.),Ally,Human,Norm,Cleric;Mage,2,,<em>Harness mana and divert it to the archmage!</em>,36.0,39.47,199.99,,,Foil,1,1,,,
494308,Magus Disciple,Magus Disciple,https://tcgplayer-cdn.tcgplayer.com/product/494308_200w.jpg,74,23123,https://cpt.tcgcsv.com/bLZ5,2023-04-28T04:03:10.867,1,Common,098,Your champion gets +1 level.<br>[Class Bonus] On Death: Draw a card. (Apply this effect only if your champion's class matches this card's class.),Ally,Human,Norm,Cleric;Mage,2,,<em>Harness mana and divert it to the archmage!</em>,0.12,0.42,0.75,0.37,,Normal,1,1,,,
494309,Majestic Spirit's Crest,Majestic Spirits Crest,https://tcgplayer-cdn.tcgplayer.com/product/494309_200w.jpg,74,23123,https://cpt.tcgcsv.com/cLZ5,2023-04-28T04:03:10.867,1,Ultra Rare,063,"[Class Bonus] Banish Majestic Spirit's Crest: Your champion gains ""On Attack: Draw a card"" until end of turn.",Item;Regalia,Accessory,Crux,Warrior,,,<em>Those that can survive the demands of the spirits are rewarded immensely.</em>,699.99,850.6,1001.2,,,Foil,,,0,,
494309,Majestic Spirit's Crest,Majestic Spirits Crest,https://tcgplayer-cdn.tcgplayer.com/product/494309_200w.jpg,74,23123,https://cpt.tcgcsv.com/cLZ5,2023-04-28T04:03:10.867,1,Ultra Rare,063,"[Class Bonus] Banish Majestic Spirit's Crest: Your champion gains ""On Attack: Draw a card"" until end of turn.",Item;Regalia,Accessory,Crux,Warrior,,,<em>Those that can survive the demands of the spirits are rewarded immensely.</em>,2.96,4.25,9.96,2.97,,Normal,,,0,,
494310,Mana Limiter,Mana Limiter,https://tcgplayer-cdn.tcgplayer.com/product/494310_200w.jpg,74,23123,https://cpt.tcgcsv.com/dLZ5,2023-04-28T04:03:10.867,1,Uncommon,041,You can't remove enlighten counters from your champion to pay for costs. <br>Banish Mana Limiter: Draw a card. Activate this ability only if your champion has six or more enlighten counters on them.,Item;Regalia,Bauble,Norm,Mage,,,,0.12,0.25,0.75,,,Normal,,,0,,
494310,Mana Limiter,Mana Limiter,https://tcgplayer-cdn.tcgplayer.com/product/494310_200w.jpg,74,23123,https://cpt.tcgcsv.com/dLZ5,2023-04-28T04:03:10.867,1,Uncommon,041,You can't remove enlighten counters from your champion to pay for costs. <br>Banish Mana Limiter: Draw a card. Activate this ability only if your champion has six or more enlighten counters on them.,Item;Regalia,Bauble,Norm,Mage,,,,41.92,42.92,48.99,,,Foil,,,0,,
494311,Map of Hidden Passage,Map of Hidden Passage,https://tcgplayer-cdn.tcgplayer.com/product/494311_200w.jpg,74,23123,https://cpt.tcgcsv.com/fLZ5,2023-04-28T04:03:10.867,1,Super Rare,042,"Map of Hidden Passage enters the field rested.<br>REST, Banish Map of Hidden Passage: Until end of turn, units with stealth can't be intercepted.",Item;Regalia,Map,Norm,Assassin,,,<em>No great general can be considered clever if they do not account for cheaters.</em>,0.74,0.97,2.84,0.9,,Normal,,,0,,
494311,Map of Hidden Passage,Map of Hidden Passage,https://tcgplayer-cdn.tcgplayer.com/product/494311_200w.jpg,74,23123,https://cpt.tcgcsv.com/fLZ5,2023-04-28T04:03:10.867,1,Super Rare,042,"Map of Hidden Passage enters the field rested.<br>REST, Banish Map of Hidden Passage: Until end of turn, units with stealth can't be intercepted.",Item;Regalia,Map,Norm,Assassin,,,<em>No great general can be considered clever if they do not account for cheaters.</em>,35.0,67.5,99.99,,,Foil,,,0,,
494312,Mark the Target,Mark the Target,https://tcgplayer-cdn.tcgplayer.com/product/494312_200w.jpg,74,23123,https://cpt.tcgcsv.com/gLZ5,2023-04-28T04:03:10.867,1,Common,145,Deal 1 damage to target unit.<br>[Class Bonus] Put a preparation counter on your champion. (Apply this effect only if your champion's class matches this card's class.),Action,Skill,Fire,Assassin;Ranger,1,Fast,<em>Try and run.</em>,0.12,0.33,0.5,0.33,,Normal,,,,,
494312,Mark the Target,Mark the Target,https://tcgplayer-cdn.tcgplayer.com/product/494312_200w.jpg,74,23123,https://cpt.tcgcsv.com/gLZ5,2023-04-28T04:03:10.867,1,Common,145,Deal 1 damage to target unit.<br>[Class Bonus] Put a preparation counter on your champion. (Apply this effect only if your champion's class matches this card's class.),Action,Skill,Fire,Assassin;Ranger,1,Fast,<em>Try and run.</em>,34.5,35.0,39.99,,,Foil,,,,,
494313,Meadowbloom Dryad,Meadowbloom Dryad,https://tcgplayer-cdn.tcgplayer.com/product/494313_200w.jpg,74,23123,https://cpt.tcgcsv.com/hLZ5,2023-04-28T04:03:10.867,1,Uncommon,273,"Preserve (When this ally dies, put it into your material deck preserved. As you materialize, you may instead return a preserved card to your hand.)<br>[Class Bonus] Whenever Meadowbloom Dryad or another ally enters the field under your control, put a buff counter on target ally.",Ally,Dryad,Tera,Tamer,2,,,0.98,1.55,2.99,1.88,,Normal,1,3,,,
494313,Meadowbloom Dryad,Meadowbloom Dryad,https://tcgplayer-cdn.tcgplayer.com/product/494313_200w.jpg,74,23123,https://cpt.tcgcsv.com/hLZ5,2023-04-28T04:03:10.867,1,Uncommon,273,"Preserve (When this ally dies, put it into your material deck preserved. As you materialize, you may instead return a preserved card to your hand.)<br>[Class Bonus] Whenever Meadowbloom Dryad or another ally enters the field under your control, put a buff counter on target ally.",Ally,Dryad,Tera,Tamer,2,,,179.99,179.99,199.99,,,Foil,1,3,,,
494314,Melodious Flute,Melodious Flute,https://tcgplayer-cdn.tcgplayer.com/product/494314_200w.jpg,74,23123,https://cpt.tcgcsv.com/jLZ5,2023-04-28T04:03:10.867,1,Uncommon,043,Your champion gets +1 level as long as you control an Animal or Beast ally.<br>[Class Bonus] Banish Melodious Flute: The next Harmony action card you activate this turn is a Melody in addition to its other types.,Item;Regalia,Instrument,Norm,Tamer,,,,35.0,39.61,60.0,,,Foil,,,1,,
494314,Melodious Flute,Melodious Flute,https://tcgplayer-cdn.tcgplayer.com/product/494314_200w.jpg,74,23123,https://cpt.tcgcsv.com/jLZ5,2023-04-28T04:03:10.867,1,Uncommon,043,Your champion gets +1 level as long as you control an Animal or Beast ally.<br>[Class Bonus] Banish Melodious Flute: The next Harmony action card you activate this turn is a Melody in addition to its other types.,Item;Regalia,Instrument,Norm,Tamer,,,,0.1,0.25,0.5,,,Normal,,,1,,
494315,Menagerie Beastbonder,Menagerie Beastbonder,https://tcgplayer-cdn.tcgplayer.com/product/494315_200w.jpg,74,23123,https://cpt.tcgcsv.com/kLZ5,2023-04-28T04:03:10.867,1,Common,215,"Your champion gets +1 level as long as you control an Animal or Beast ally. <br>[Class Bonus] Floating Memory (While paying for a memory cost, you may banish this card from your graveyard to pay for 1 of that cost.)",Ally,Human,Wind,Tamer,3,,,24.99,25.0,43.95,,,Foil,1,3,,,
494315,Menagerie Beastbonder,Menagerie Beastbonder,https://tcgplayer-cdn.tcgplayer.com/product/494315_200w.jpg,74,23123,https://cpt.tcgcsv.com/kLZ5,2023-04-28T04:03:10.867,1,Common,215,"Your champion gets +1 level as long as you control an Animal or Beast ally. <br>[Class Bonus] Floating Memory (While paying for a memory cost, you may banish this card from your graveyard to pay for 1 of that cost.)",Ally,Human,Wind,Tamer,3,,,0.1,0.25,0.5,0.25,,Normal,1,3,,,
494316,"Merlin, Memory Thief",Merlin Memory Thief,https://tcgplayer-cdn.tcgplayer.com/product/494316_200w.jpg,74,23123,https://cpt.tcgcsv.com/lLZ5,2023-04-28T04:03:10.867,1,Common,017,"REST: Choose a card from a graveyard and banish it. If that card has floating memory, put a level counter on Merlin. (Champions get +1 level for each level counter on them.)",Champion,Human,Norm,Mage,,,<em>Just forget. It will be easier for you.</em>,0.15,0.47,0.5,0.31,,Normal,,22,2,2,
494317,Mind Freeze,Mind Freeze,https://tcgplayer-cdn.tcgplayer.com/product/494317_200w.jpg,74,23123,https://cpt.tcgcsv.com/mLZ5,2023-04-28T04:03:10.867,1,Uncommon,179,Banish LV cards at random from target opponent's memory. Return those cards to their memory at the beginning of their next end phase. (LV refers to your champion's level.)<br>[Class Bonus] Floating Memory,Action,Spell,Water,Mage,5,Slow,,59.99,76.48,80.21,,,Foil,,,,,
494317,Mind Freeze,Mind Freeze,https://tcgplayer-cdn.tcgplayer.com/product/494317_200w.jpg,74,23123,https://cpt.tcgcsv.com/mLZ5,2023-04-28T04:03:10.867,1,Uncommon,179,Banish LV cards at random from target opponent's memory. Return those cards to their memory at the beginning of their next end phase. (LV refers to your champion's level.)<br>[Class Bonus] Floating Memory,Action,Spell,Water,Mage,5,Slow,,0.25,0.44,1.35,0.38,,Normal,,,,,
494318,Mist Resonance,Mist Resonance,https://tcgplayer-cdn.tcgplayer.com/product/494318_200w.jpg,74,23123,https://cpt.tcgcsv.com/nLZ5,2023-04-28T04:03:10.867,1,Rare,180,"Allies you control get +1 life until end of turn.<br>[Class Bonus] Harmonize — If you've activated a Melody card this turn, allies you control assign damage with their life stat instead of power stat until end of turn.",Action,Harmony;Skill,Water,Tamer,5,Fast,,79.99,79.99,79.99,,,Foil,,,,,
494318,Mist Resonance,Mist Resonance,https://tcgplayer-cdn.tcgplayer.com/product/494318_200w.jpg,74,23123,https://cpt.tcgcsv.com/nLZ5,2023-04-28T04:03:10.867,1,Rare,180,"Allies you control get +1 life until end of turn.<br>[Class Bonus] Harmonize — If you've activated a Melody card this turn, allies you control assign damage with their life stat instead of power stat until end of turn.",Action,Harmony;Skill,Water,Tamer,5,Fast,,0.48,0.99,1.8,0.5,,Normal,,,,,
494319,Mistbound Cutthroat,Mistbound Cutthroat,https://tcgplayer-cdn.tcgplayer.com/product/494319_200w.jpg,74,23123,https://cpt.tcgcsv.com/pLZ5,2023-04-28T04:03:10.867,1,Super Rare,181,"[Level 3+] Whenever another ally card enters your graveyard from your deck, return Mistbound Cutthroat from your graveyard to the field rested.",Ally,Selkie,Water,Assassin,4,,<em>Beware the selkies of the deep.</em>,46.03,49.09,89.99,,,Foil,3,1,,,
494319,Mistbound Cutthroat,Mistbound Cutthroat,https://tcgplayer-cdn.tcgplayer.com/product/494319_200w.jpg,74,23123,https://cpt.tcgcsv.com/pLZ5,2023-04-28T04:03:10.867,1,Super Rare,181,"[Level 3+] Whenever another ally card enters your graveyard from your deck, return Mistbound Cutthroat from your graveyard to the field rested.",Ally,Selkie,Water,Assassin,4,,<em>Beware the selkies of the deep.</em>,3.98,3.99,10.0,2.54,,Normal,3,1,,,
494320,Mistbound Watcher,Mistbound Watcher,https://tcgplayer-cdn.tcgplayer.com/product/494320_200w.jpg,74,23123,https://cpt.tcgcsv.com/qLZ5,2023-04-28T04:03:10.867,1,Common,182,"[Class Bonus] At the beginning of your end phase, put an enlighten counter on your champion. (You may remove three enlighten counters from your champion to draw a card. Apply this effect only if your champion's class matches this card's class.)",Ally,Spirit,Water,Mage,2,,<em>Enlightenment in pensive calm.</em>,0.15,0.39,0.5,0.4,,Normal,0,3,,,
494320,Mistbound Watcher,Mistbound Watcher,https://tcgplayer-cdn.tcgplayer.com/product/494320_200w.jpg,74,23123,https://cpt.tcgcsv.com/qLZ5,2023-04-28T04:03:10.867,1,Common,182,"[Class Bonus] At the beginning of your end phase, put an enlighten counter on your champion. (You may remove three enlighten counters from your champion to draw a card. Apply this effect only if your champion's class matches this card's class.)",Ally,Spirit,Water,Mage,2,,<em>Enlightenment in pensive calm.</em>,10.7,11.78,12.85,,,Foil,0,3,,,
494321,"Mordred, Flawless Blade",Mordred Flawless Blade,https://tcgplayer-cdn.tcgplayer.com/product/494321_200w.jpg,74,23123,https://cpt.tcgcsv.com/rLZ5,2023-04-28T04:03:10.867,1,Common,018,"Attack cards in your graveyard have floating memory. (While paying for a memory cost, you may banish a card with floating memory from your graveyard to pay for 1 of that cost.)",Champion,Human,Norm,Warrior,,,"<em>Do try to keep up, won't you?</em>",0.1,0.25,0.5,0.25,,Normal,,24,2,2,
494322,"Nia, Mistveiled Scout",Nia Mistveiled Scout,https://tcgplayer-cdn.tcgplayer.com/product/494322_200w.jpg,74,23123,https://cpt.tcgcsv.com/sLZ5,2023-04-28T04:03:10.867,1,Rare,183,"[Class Bonus] Stealth (This unit can't be targeted by attacks unless permitted by true sight.)<br>On Enter: Look at target opponent's memory, then choose any card name. <br>Cards with the chosen name cost 1 more to play.",Ally;Unique,Human,Water,Assassin,3,,,5.8,7.4,8.99,3.32,,Normal,1,3,,,
494322,"Nia, Mistveiled Scout",Nia Mistveiled Scout,https://tcgplayer-cdn.tcgplayer.com/product/494322_200w.jpg,74,23123,https://cpt.tcgcsv.com/sLZ5,2023-04-28T04:03:10.867,1,Rare,183,"[Class Bonus] Stealth (This unit can't be targeted by attacks unless permitted by true sight.)<br>On Enter: Look at target opponent's memory, then choose any card name. <br>Cards with the chosen name cost 1 more to play.",Ally;Unique,Human,Water,Assassin,3,,,289.21,289.6,289.99,,,Foil,1,3,,,
494323,"Nimue, Cursed Touch",Nimue Cursed Touch,https://tcgplayer-cdn.tcgplayer.com/product/494323_200w.jpg,74,23123,https://cpt.tcgcsv.com/tLZ5,2023-04-28T04:03:10.867,1,Super Rare,099,"[Class Bonus] Whenever you activate an action card that targets an ally, destroy that ally.",Ally;Unique,Human,Norm,Mage,3,,"<em>Excalibur holds a fickle temperament and hasn't stirred for decades. There was a mage who sought to remedy it, but I can't remember her name...</em>",160.0,174.98,174.99,,,Foil,1,3,,,
494323,"Nimue, Cursed Touch",Nimue Cursed Touch,https://tcgplayer-cdn.tcgplayer.com/product/494323_200w.jpg,74,23123,https://cpt.tcgcsv.com/tLZ5,2023-04-28T04:03:10.867,1,Super Rare,099,"[Class Bonus] Whenever you activate an action card that targets an ally, destroy that ally.",Ally;Unique,Human,Norm,Mage,3,,"<em>Excalibur holds a fickle temperament and hasn't stirred for decades. There was a mage who sought to remedy it, but I can't remember her name...</em>",3.05,4.37,19.99,2.07,,Normal,1,3,,,
494324,Opening Cut,Opening Cut,https://tcgplayer-cdn.tcgplayer.com/product/494324_200w.jpg,74,23123,https://cpt.tcgcsv.com/vLZ5,2023-04-28T04:03:10.867,1,Common,100,"[Class Bonus] As long as you have exactly one card in your memory, Opening Cut gets +2 power?. (Apply this effect only if your champion's class matches this card's class.)",Attack,Sword,Norm,Assassin,1,,"<em>Fair fights only exist within honorable duels. In true battle, the quickest to act is usually the victor.</em>",7.5,7.76,14.99,,,Foil,1,,,,
494324,Opening Cut,Opening Cut,https://tcgplayer-cdn.tcgplayer.com/product/494324_200w.jpg,74,23123,https://cpt.tcgcsv.com/vLZ5,2023-04-28T04:03:10.867,1,Common,100,"[Class Bonus] As long as you have exactly one card in your memory, Opening Cut gets +2 power?. (Apply this effect only if your champion's class matches this card's class.)",Attack,Sword,Norm,Assassin,1,,"<em>Fair fights only exist within honorable duels. In true battle, the quickest to act is usually the victor.</em>",0.1,0.25,0.5,,,Normal,1,,,,
494325,Orb of Glitter,Orb of Glitter,https://tcgplayer-cdn.tcgplayer.com/product/494325_200w.jpg,74,23123,https://cpt.tcgcsv.com/wLZ5,2023-04-28T04:03:10.867,1,Super Rare,044,"At the beginning of your recollection phase, glimpse 1.<br>Banish Orb of Glitter: Draw a card.",Item;Regalia,Bauble,Norm,Mage,,,"<em>These orbs adorn many studies of fortune-tellers. In the hands of a diviner, it is truly a tool of great power.</em>",139.99,139.99,139.99,,,Foil,,,1,,
494325,Orb of Glitter,Orb of Glitter,https://tcgplayer-cdn.tcgplayer.com/product/494325_200w.jpg,74,23123,https://cpt.tcgcsv.com/wLZ5,2023-04-28T04:03:10.867,1,Super Rare,044,"At the beginning of your recollection phase, glimpse 1.<br>Banish Orb of Glitter: Draw a card.",Item;Regalia,Bauble,Norm,Mage,,,"<em>These orbs adorn many studies of fortune-tellers. In the hands of a diviner, it is truly a tool of great power.</em>",0.53,1.01,3.0,1.1,,Normal,,,1,,
494326,Orb of Regret,Orb of Regret,https://tcgplayer-cdn.tcgplayer.com/product/494326_200w.jpg,74,23123,https://cpt.tcgcsv.com/xLZ5,2023-04-28T04:03:10.867,1,Super Rare,045,"Banish Orb of Regret: Shuffle up to three cards from your hand into your deck, then draw that many cards.",Item;Regalia,Bauble,Norm,Cleric,,,"<em>No being is truly bound to their fate, at least not when the will of the divine can be swayed.</em>",199.99,200.49,200.99,,,Foil,,,0,,
494326,Orb of Regret,Orb of Regret,https://tcgplayer-cdn.tcgplayer.com/product/494326_200w.jpg,74,23123,https://cpt.tcgcsv.com/xLZ5,2023-04-28T04:03:10.867,1,Super Rare,045,"Banish Orb of Regret: Shuffle up to three cards from your hand into your deck, then draw that many cards.",Item;Regalia,Bauble,Norm,Cleric,,,"<em>No being is truly bound to their fate, at least not when the will of the divine can be swayed.</em>",3.95,4.99,15.0,4.98,,Normal,,,0,,
494327,Ornamental Greatsword,Ornamental Greatsword,https://tcgplayer-cdn.tcgplayer.com/product/494327_200w.jpg,74,23123,https://cpt.tcgcsv.com/zLZ5,2023-04-28T04:03:10.867,1,Common,046,[Class Bonus] On Enter: Target ally you control gets +1 power until end of turn. (Apply this effect only if your champion's class matches this card's class.),Weapon;Regalia,Sword,Norm,Warrior;Guardian,,,"<em>An ornate and pristine sword used ceremoniously with great effect, though dull of edge.</em>",0.1,0.25,0.5,0.25,,Normal,1,,0,,1
494327,Ornamental Greatsword,Ornamental Greatsword,https://tcgplayer-cdn.tcgplayer.com/product/494327_200w.jpg,74,23123,https://cpt.tcgcsv.com/zLZ5,2023-04-28T04:03:10.867,1,Common,046,[Class Bonus] On Enter: Target ally you control gets +1 power until end of turn. (Apply this effect only if your champion's class matches this card's class.),Weapon;Regalia,Sword,Norm,Warrior;Guardian,,,"<em>An ornate and pristine sword used ceremoniously with great effect, though dull of edge.</em>",20.0,27.99,28.98,,,Foil,1,,0,,1
494328,Owl Familiar,Owl Familiar,https://tcgplayer-cdn.tcgplayer.com/product/494328_200w.jpg,74,23123,https://cpt.tcgcsv.com/BLZ5,2023-04-28T04:03:10.867,1,Common,101,"[Class Bonus] On Enter: Glimpse 2. (To glimpse, look at that many cards from the top of your deck. Put those cards back on the top or on the bottom of your deck in any order. Apply this effect only if your champion's class matches this card's class.)",Ally,Animal;Bird,Norm,Mage;Tamer,1,,,13.99,18.0,19.22,,,Foil,1,1,,,
494328,Owl Familiar,Owl Familiar,https://tcgplayer-cdn.tcgplayer.com/product/494328_200w.jpg,74,23123,https://cpt.tcgcsv.com/BLZ5,2023-04-28T04:03:10.867,1,Common,101,"[Class Bonus] On Enter: Glimpse 2. (To glimpse, look at that many cards from the top of your deck. Put those cards back on the top or on the bottom of your deck in any order. Apply this effect only if your champion's class matches this card's class.)",Ally,Animal;Bird,Norm,Mage;Tamer,1,,,0.1,0.25,0.5,0.28,,Normal,1,1,,,
494329,Patient Rogue,Patient Rogue,https://tcgplayer-cdn.tcgplayer.com/product/494329_200w.jpg,74,23123,https://cpt.tcgcsv.com/CLZ5,2023-04-28T04:03:10.867,1,Uncommon,146,"[Class Bonus] Patient Rogue has stealth as long as it's awake. (This unit can't be targeted by attacks unless permitted by true sight.)<br>At the beginning of your recollection phase, Patient Rogue gets +3 power until end of turn.",Ally,Human,Fire,Assassin,2,,,0.1,0.25,0.5,0.15,,Normal,0,2,,,
494330,Peer into Mana,Peer into Mana,https://tcgplayer-cdn.tcgplayer.com/product/494330_200w.jpg,74,23123,https://cpt.tcgcsv.com/DLZ5,2023-04-28T04:03:10.867,1,Common,102,Put 2+LV enlighten counters on your champion. (LV refers to your champion's level. You may remove three enlighten counters from your champion to draw a card.),Action,Skill,Norm,Mage,4,Slow,<em>Few have such innate talent to probe pure mana. Fewer still can exquisitely mold it.</em>,20.96,20.97,27.99,,,Foil,,,,,
494330,Peer into Mana,Peer into Mana,https://tcgplayer-cdn.tcgplayer.com/product/494330_200w.jpg,74,23123,https://cpt.tcgcsv.com/DLZ5,2023-04-28T04:03:10.867,1,Common,102,Put 2+LV enlighten counters on your champion. (LV refers to your champion's level. You may remove three enlighten counters from your champion to draw a card.),Action,Skill,Norm,Mage,4,Slow,<em>Few have such innate talent to probe pure mana. Fewer still can exquisitely mold it.</em>,0.2,0.44,0.7,0.46,,Normal,,,,,
494331,Phalanx Captain,Phalanx Captain,https://tcgplayer-cdn.tcgplayer.com/product/494331_200w.jpg,74,23123,https://cpt.tcgcsv.com/FLZ5,2023-04-28T04:03:10.867,1,Rare,216,[Class Bonus] This card costs 1 less to activate for each Human ally you control. (Apply this effect only if your champion's class matches this card's class.)<br>Other Human allies you control get +1 power as long as they're attacking.,Ally,Human,Wind,Warrior,5,,,1.36,1.38,2.86,,,Normal,1,4,,,
494331,Phalanx Captain,Phalanx Captain,https://tcgplayer-cdn.tcgplayer.com/product/494331_200w.jpg,74,23123,https://cpt.tcgcsv.com/FLZ5,2023-04-28T04:03:10.867,1,Rare,216,[Class Bonus] This card costs 1 less to activate for each Human ally you control. (Apply this effect only if your champion's class matches this card's class.)<br>Other Human allies you control get +1 power as long as they're attacking.,Ally,Human,Wind,Warrior,5,,,169.99,169.99,169.99,,,Foil,1,4,,,
494332,Piper's Lullaby,Pipers Lullaby,https://tcgplayer-cdn.tcgplayer.com/product/494332_200w.jpg,74,23123,https://cpt.tcgcsv.com/GLZ5,2023-04-28T04:03:10.867,1,Uncommon,184,"If you control an Animal or Beast ally, your champion gets +1 level until end of turn.<br>[Class Bonus] Rest up to one target ally. (Apply this effect only if your champion's class matches this card's class.)",Action,Melody;Skill,Water,Tamer,1,Slow,<em>Music that soothes beast and man alike.</em>,38.99,38.99,38.99,,,Foil,,,,,
494332,Piper's Lullaby,Pipers Lullaby,https://tcgplayer-cdn.tcgplayer.com/product/494332_200w.jpg,74,23123,https://cpt.tcgcsv.com/GLZ5,2023-04-28T04:03:10.867,1,Uncommon,184,"If you control an Animal or Beast ally, your champion gets +1 level until end of turn.<br>[Class Bonus] Rest up to one target ally. (Apply this effect only if your champion's class matches this card's class.)",Action,Melody;Skill,Water,Tamer,1,Slow,<em>Music that soothes beast and man alike.</em>,0.15,0.51,1.0,0.64,,Normal,,,,,
494333,Planted Explosive,Planted Explosive,https://tcgplayer-cdn.tcgplayer.com/product/494333_200w.jpg,74,23123,https://cpt.tcgcsv.com/HLZ5,2023-04-28T04:03:10.867,1,Common,147,"Prepare 1 (You may remove a preparation counter from your champion as you activate this card.)<br>Deal 2 damage to target unit. If Planted Explosive was prepared, deal 4 damage to that unit instead.",Action,Skill,Fire,Assassin,2,Fast,<em>Watch your step; it could be your last.</em>,0.2,0.25,0.5,,,Normal,,,,,
494333,Planted Explosive,Planted Explosive,https://tcgplayer-cdn.tcgplayer.com/product/494333_200w.jpg,74,23123,https://cpt.tcgcsv.com/HLZ5,2023-04-28T04:03:10.867,1,Common,147,"Prepare 1 (You may remove a preparation counter from your champion as you activate this card.)<br>Deal 2 damage to target unit. If Planted Explosive was prepared, deal 4 damage to that unit instead.",Action,Skill,Fire,Assassin,2,Fast,<em>Watch your step; it could be your last.</em>,34.99,34.99,34.99,,,Foil,,,,,
494334,Poised Strike,Poised Strike,https://tcgplayer-cdn.tcgplayer.com/product/494334_200w.jpg,74,23123,https://cpt.tcgcsv.com/JLZ5,2023-04-28T04:03:10.867,1,Common,217,"Prepare 1 (You may remove a preparation counter from your champion as you activate this card.)<br>[Class Bonus] On Hit: If Poised Strike was prepared, wake up your champion. (Apply this effect only if your champion's class matches this card's class.)",Attack,Dagger,Wind,Assassin,2,,,18.97,18.97,18.97,,,Foil,3,,,,
494334,Poised Strike,Poised Strike,https://tcgplayer-cdn.tcgplayer.com/product/494334_200w.jpg,74,23123,https://cpt.tcgcsv.com/JLZ5,2023-04-28T04:03:10.867,1,Common,217,"Prepare 1 (You may remove a preparation counter from your champion as you activate this card.)<br>[Class Bonus] On Hit: If Poised Strike was prepared, wake up your champion. (Apply this effect only if your champion's class matches this card's class.)",Attack,Dagger,Wind,Assassin,2,,,0.15,0.3,0.74,0.2,,Normal,3,,,,
494335,Poisoned Coating Oil,Poisoned Coating Oil,https://tcgplayer-cdn.tcgplayer.com/product/494335_200w.jpg,74,23123,https://cpt.tcgcsv.com/KLZ5,2023-04-28T04:03:10.867,1,Rare,047,Banish Poisoned Coating Oil: Target ally you control with stealth gets +2 power until end of turn.,Item;Regalia,Accessory,Norm,Assassin,,,<em>Skills are not always the most lethal weapon in an assassin's toolbox.</em>,0.24,0.75,2.0,0.44,,Normal,,,0,,
494335,Poisoned Coating Oil,Poisoned Coating Oil,https://tcgplayer-cdn.tcgplayer.com/product/494335_200w.jpg,74,23123,https://cpt.tcgcsv.com/KLZ5,2023-04-28T04:03:10.867,1,Rare,047,Banish Poisoned Coating Oil: Target ally you control with stealth gets +2 power until end of turn.,Item;Regalia,Accessory,Norm,Assassin,,,<em>Skills are not always the most lethal weapon in an assassin's toolbox.</em>,69.99,69.99,69.99,,,Foil,,,0,,
494336,Poisoned Dagger,Poisoned Dagger,https://tcgplayer-cdn.tcgplayer.com/product/494336_200w.jpg,74,23123,https://cpt.tcgcsv.com/LLZ5,2023-04-28T04:03:10.867,1,Uncommon,048,"Poisoned Dagger enters the field rested.<br>REST, Banish Poisoned Dagger: Deal 1 damage to target unit. Class Bonus: Until end of turn, if that unit were to take damage, it takes that much damage plus 1 instead.",Item;Regalia,Dagger,Norm,Assassin,,,<em>A little poison goes a long way.</em>,0.2,0.23,0.5,0.2,,Normal,,,0,,
494336,Poisoned Dagger,Poisoned Dagger,https://tcgplayer-cdn.tcgplayer.com/product/494336_200w.jpg,74,23123,https://cpt.tcgcsv.com/LLZ5,2023-04-28T04:03:10.867,1,Uncommon,048,"Poisoned Dagger enters the field rested.<br>REST, Banish Poisoned Dagger: Deal 1 damage to target unit. Class Bonus: Until end of turn, if that unit were to take damage, it takes that much damage plus 1 instead.",Item;Regalia,Dagger,Norm,Assassin,,,<em>A little poison goes a long way.</em>,20.0,40.0,59.99,,,Foil,,,0,,
494337,Port Smuggler,Port Smuggler,https://tcgplayer-cdn.tcgplayer.com/product/494337_200w.jpg,74,23123,https://cpt.tcgcsv.com/MLZ5,2023-04-28T04:03:10.867,1,Common,103,[Class Bonus] Port Smuggler's attacks can't be intercepted. (Apply this effect only if your champion's class matches this card's class.),Ally,Human,Norm,Assassin,2,,<em>Anything is possible with some coin and a glib tongue.</em>,27.98,34.99,41.98,,,Foil,1,2,,,
494337,Port Smuggler,Port Smuggler,https://tcgplayer-cdn.tcgplayer.com/product/494337_200w.jpg,74,23123,https://cpt.tcgcsv.com/MLZ5,2023-04-28T04:03:10.867,1,Common,103,[Class Bonus] Port Smuggler's attacks can't be intercepted. (Apply this effect only if your champion's class matches this card's class.),Ally,Human,Norm,Assassin,2,,<em>Anything is possible with some coin and a glib tongue.</em>,0.2,0.25,0.5,0.2,,Normal,1,2,,,
494338,Power Overwhelming,Power Overwhelming,https://tcgplayer-cdn.tcgplayer.com/product/494338_200w.jpg,74,23123,https://cpt.tcgcsv.com/NLZ5,2023-04-28T04:03:10.867,1,Super Rare,245,Remove any amount of enlighten counters from your champion. Your champion gets +1 level for each counter removed this way until end of turn.,Action,Spell,Arcane,Mage,0,Fast,<em>Power without semblance of subtlety. One would do well to discard notions of escaping unscathed when battling a full-fledged arcanist.</em>,1.96,1.98,5.0,,,Normal,,,,,
494338,Power Overwhelming,Power Overwhelming,https://tcgplayer-cdn.tcgplayer.com/product/494338_200w.jpg,74,23123,https://cpt.tcgcsv.com/NLZ5,2023-04-28T04:03:10.867,1,Super Rare,245,Remove any amount of enlighten counters from your champion. Your champion gets +1 level for each counter removed this way until end of turn.,Action,Spell,Arcane,Mage,0,Fast,<em>Power without semblance of subtlety. One would do well to discard notions of escaping unscathed when battling a full-fledged arcanist.</em>,99.94,99.95,99.95,,,Foil,,,,,
494339,Prodigious Burstmage,Prodigious Burstmage,https://tcgplayer-cdn.tcgplayer.com/product/494339_200w.jpg,74,23123,https://cpt.tcgcsv.com/PLZ5,2023-04-28T04:03:10.867,1,Common,148,"[Class Bonus] On Death: Draw a card, then discard a card. (Apply this effect only if your champion's class matches this card's class.)",Ally,Human,Fire,Mage,5,,"<em>A mage who sought out the truth of this world, and through her efforts, arrived at one word. Explosion.</em>",15.98,23.47,30.95,,,Foil,3,2,,,
494339,Prodigious Burstmage,Prodigious Burstmage,https://tcgplayer-cdn.tcgplayer.com/product/494339_200w.jpg,74,23123,https://cpt.tcgcsv.com/PLZ5,2023-04-28T04:03:10.867,1,Common,148,"[Class Bonus] On Death: Draw a card, then discard a card. (Apply this effect only if your champion's class matches this card's class.)",Ally,Human,Fire,Mage,5,,"<em>A mage who sought out the truth of this world, and through her efforts, arrived at one word. Explosion.</em>",0.2,0.32,0.5,,,Normal,3,2,,,
494340,Purge in Flames,Purge in Flames,https://tcgplayer-cdn.tcgplayer.com/product/494340_200w.jpg,74,23123,https://cpt.tcgcsv.com/QLZ5,2023-04-28T04:03:10.867,1,Uncommon,149,Efficiency (This card costs LV less to activate. LV refers to your champion's level.)<br>Deal 2 damage to all units except for your champion. Class Bonus: Deal 3 damage to those units instead. (Apply the additional effect only if your champion's class matches this card's class.),Action,Spell,Fire,Mage,8,Slow,,0.15,0.49,0.51,,,Normal,,,,,
494340,Purge in Flames,Purge in Flames,https://tcgplayer-cdn.tcgplayer.com/product/494340_200w.jpg,74,23123,https://cpt.tcgcsv.com/QLZ5,2023-04-28T04:03:10.867,1,Uncommon,149,Efficiency (This card costs LV less to activate. LV refers to your champion's level.)<br>Deal 2 damage to all units except for your champion. Class Bonus: Deal 3 damage to those units instead. (Apply the additional effect only if your champion's class matches this card's class.),Action,Spell,Fire,Mage,8,Slow,,35.0,37.5,39.99,,,Foil,,,,,
494341,"Rai, Archmage",Rai Archmage,https://tcgplayer-cdn.tcgplayer.com/product/494341_200w.jpg,74,23123,https://cpt.tcgcsv.com/RLZ5,2023-04-28T04:03:10.867,1,Common,008,"Rai Lineage (Rai, Archmage must be leveled from a previous level ""Rai"" champion.)<br>Inherited Effect: Whenever you activate your first Mage action card each turn, put an enlighten counter on your champion. (Your champion has this ability as long as this card is part of its lineage.)",Champion,Human,Norm,Mage,,,,0.15,0.25,0.5,0.24,,Normal,,22,2,2,
494342,"Rai, Archmage (CUR)",Rai Archmage CUR,https://tcgplayer-cdn.tcgplayer.com/product/494342_200w.jpg,74,23123,https://cpt.tcgcsv.com/SLZ5,2023-04-28T04:03:10.867,1,Collector Ultra Rare,008,"Rai Lineage<br>Inherited Effect: Whenever you activate your first Mage action card each turn, put an enlighten counter on your champion.",Champion,Human,Norm,Mage,,,,2299.99,2299.99,2299.99,,,Foil,,22,2,2,
494343,"Rai, Mana Weaver",Rai Mana Weaver,https://tcgplayer-cdn.tcgplayer.com/product/494343_200w.jpg,74,23123,https://cpt.tcgcsv.com/TLZ5,2023-04-28T04:03:10.867,1,Common,009,"Rai Lineage (Rai, Mana Weaver must be leveled from a previous level ""Rai"" champion.)<br>REST, Remove four enlighten counters from Rai: Copy target Mage Spell card activation. You may choose new targets for the copy.",Champion,Human,Arcane,Mage,,,,199.99,239.99,249.95,,,Foil,,25,3,3,
494343,"Rai, Mana Weaver",Rai Mana Weaver,https://tcgplayer-cdn.tcgplayer.com/product/494343_200w.jpg,74,23123,https://cpt.tcgcsv.com/TLZ5,2023-04-28T04:03:10.867,1,Common,009,"Rai Lineage (Rai, Mana Weaver must be leveled from a previous level ""Rai"" champion.)<br>REST, Remove four enlighten counters from Rai: Copy target Mage Spell card activation. You may choose new targets for the copy.",Champion,Human,Arcane,Mage,,,,0.25,0.37,0.5,0.34,,Normal,,25,3,3,
494344,"Rai, Mana Weaver (CUR)",Rai Mana Weaver CUR,https://tcgplayer-cdn.tcgplayer.com/product/494344_200w.jpg,74,23123,https://cpt.tcgcsv.com/VLZ5,2023-04-28T04:03:10.867,1,Collector Ultra Rare,009,"Rai Lineage<br>REST, Remove four enlighten counters from Rai: Copy target Mage Spell card activation. You may choose new targets for the copy.",Champion,Human,Arcane,Mage,,,,,,,,,,,25,3,3,
494345,"Rai, Spellcrafter",Rai Spellcrafter,https://tcgplayer-cdn.tcgplayer.com/product/494345_200w.jpg,74,23123,https://cpt.tcgcsv.com/WLZ5,2023-04-28T04:03:10.867,1,Common,007,On Enter: Put two enlighten counters on Rai. (You may remove three enlighten counters from your champion to draw a card.),Champion,Human,Norm,Mage,,,<em>Mana runs richly through this world's leylines. I will make use of its abundance.</em>,0.15,0.25,0.5,0.24,,Normal,,19,1,1,
494345,"Rai, Spellcrafter",Rai Spellcrafter,https://tcgplayer-cdn.tcgplayer.com/product/494345_200w.jpg,74,23123,https://cpt.tcgcsv.com/WLZ5,2023-04-28T04:03:10.867,1,Common,007,On Enter: Put two enlighten counters on Rai. (You may remove three enlighten counters from your champion to draw a card.),Champion,Human,Norm,Mage,,,<em>Mana runs richly through this world's leylines. I will make use of its abundance.</em>,299.99,349.99,399.99,,,Foil,,19,1,1,
494346,"Rai, Spellcrafter (CUR)",Rai Spellcrafter CUR,https://tcgplayer-cdn.tcgplayer.com/product/494346_200w.jpg,74,23123,https://cpt.tcgcsv.com/XLZ5,2023-04-28T04:03:10.867,1,Collector Ultra Rare,007,On Enter: Put two enlighten counters on Rai.,Champion,Human,Norm,Mage,,,<em>Mana runs richly through this world's leylines. I will make use of its abundance.</em>,2399.99,2399.99,2399.99,,,Foil,,19,1,1,
494347,Rallied Advance,Rallied Advance,https://tcgplayer-cdn.tcgplayer.com/product/494347_200w.jpg,74,23123,https://cpt.tcgcsv.com/ZLZ5,2023-04-28T04:03:10.867,1,Common,218,[Class Bonus] On Attack: Wake up target ally you control. (Apply this effect only if your champion's class matches this card's class.),Attack,Sword,Wind,Warrior;Guardian,2,,<em>The mighty shoulder the biggest burdens so others may advance.</em>,0.2,0.3,0.5,0.38,,Normal,1,,,,
494347,Rallied Advance,Rallied Advance,https://tcgplayer-cdn.tcgplayer.com/product/494347_200w.jpg,74,23123,https://cpt.tcgcsv.com/ZLZ5,2023-04-28T04:03:10.867,1,Common,218,[Class Bonus] On Attack: Wake up target ally you control. (Apply this effect only if your champion's class matches this card's class.),Attack,Sword,Wind,Warrior;Guardian,2,,<em>The mighty shoulder the biggest burdens so others may advance.</em>,24.99,25.0,25.0,,,Foil,1,,,,
494348,Ravaging Tempest,Ravaging Tempest,https://tcgplayer-cdn.tcgplayer.com/product/494348_200w.jpg,74,23123,https://cpt.tcgcsv.com/-LZ5,2023-04-28T04:03:10.867,1,Super Rare,219,"Efficiency (This card costs LV less to activate. LV refers to your champion's level.)<br>Banish all allies. For each ally banished this way, its controller draws a card.",Action,Spell,Wind,Mage,8,Fast,,179.99,179.99,179.99,,,Foil,,,,,
494348,Ravaging Tempest,Ravaging Tempest,https://tcgplayer-cdn.tcgplayer.com/product/494348_200w.jpg,74,23123,https://cpt.tcgcsv.com/-LZ5,2023-04-28T04:03:10.867,1,Super Rare,219,"Efficiency (This card costs LV less to activate. LV refers to your champion's level.)<br>Banish all allies. For each ally banished this way, its controller draws a card.",Action,Spell,Wind,Mage,8,Fast,,1.47,1.87,5.0,1.49,,Normal,,,,,
494349,Rebellious Bull,Rebellious Bull,https://tcgplayer-cdn.tcgplayer.com/product/494349_200w.jpg,74,23123,https://cpt.tcgcsv.com/_LZ5,2023-04-28T04:03:10.867,1,Common,104,Rebellious Bull enters the field rested.<br>Pride 3 (This ally won't obey you unless your champion is level 3 or higher.),Ally,Beast;Bull,Norm,Tamer,5,,"<em>Though strong and resilient, these prideful beasts are difficult to make submit.</em>",0.1,0.25,0.5,0.24,,Normal,3,4,,,
494349,Rebellious Bull,Rebellious Bull,https://tcgplayer-cdn.tcgplayer.com/product/494349_200w.jpg,74,23123,https://cpt.tcgcsv.com/_LZ5,2023-04-28T04:03:10.867,1,Common,104,Rebellious Bull enters the field rested.<br>Pride 3 (This ally won't obey you unless your champion is level 3 or higher.),Ally,Beast;Bull,Norm,Tamer,5,,"<em>Though strong and resilient, these prideful beasts are difficult to make submit.</em>",20.0,26.25,29.99,,,Foil,3,4,,,
494350,Reckless Conversion,Reckless Conversion,https://tcgplayer-cdn.tcgplayer.com/product/494350_200w.jpg,74,23123,https://cpt.tcgcsv.com/0MZ5,2023-04-28T04:03:10.867,1,Super Rare,246,Draw two cards into your memory then banish four cards at random from it.<br>[Class Bonus] Return all cards from your memory to your hand. (Apply this effect only if your champion's class matches this card's class.),Action,Spell,Arcane,Mage,0,Slow,,200.0,250.0,299.99,,,Foil,,,,,
494350,Reckless Conversion,Reckless Conversion,https://tcgplayer-cdn.tcgplayer.com/product/494350_200w.jpg,74,23123,https://cpt.tcgcsv.com/0MZ5,2023-04-28T04:03:10.867,1,Super Rare,246,Draw two cards into your memory then banish four cards at random from it.<br>[Class Bonus] Return all cards from your memory to your hand. (Apply this effect only if your champion's class matches this card's class.),Action,Spell,Arcane,Mage,0,Slow,,1.45,1.97,5.0,1.89,,Normal,,,,,
494351,Reckless Researcher,Reckless Researcher,https://tcgplayer-cdn.tcgplayer.com/product/494351_200w.jpg,74,23123,https://cpt.tcgcsv.com/2MZ5,2023-04-28T04:03:10.867,1,Uncommon,150,"[Class Bonus] On Enter: You may banish a fire element card from your graveyard. If you do, choose a unit and deal 2 damage to it. (Apply this effect only if your champion's class matches this card's class.)",Ally,Human,Fire,Mage,3,,<em>Oh no! not again!</em>,0.15,0.25,0.5,0.2,,Normal,1,1,,,
494351,Reckless Researcher,Reckless Researcher,https://tcgplayer-cdn.tcgplayer.com/product/494351_200w.jpg,74,23123,https://cpt.tcgcsv.com/2MZ5,2023-04-28T04:03:10.867,1,Uncommon,150,"[Class Bonus] On Enter: You may banish a fire element card from your graveyard. If you do, choose a unit and deal 2 damage to it. (Apply this effect only if your champion's class matches this card's class.)",Ally,Human,Fire,Mage,3,,<em>Oh no! not again!</em>,34.99,34.99,40.0,,,Foil,1,1,,,
494352,Reckless Slash,Reckless Slash,https://tcgplayer-cdn.tcgplayer.com/product/494352_200w.jpg,74,23123,https://cpt.tcgcsv.com/3MZ5,2023-04-28T04:03:10.867,1,Common,105,,Attack,Sword,Norm,Warrior,2,,<em>Sometimes the simplest tactic is the most effective.</em>,0.2,0.25,0.5,0.24,,Normal,3,,,,
494352,Reckless Slash,Reckless Slash,https://tcgplayer-cdn.tcgplayer.com/product/494352_200w.jpg,74,23123,https://cpt.tcgcsv.com/3MZ5,2023-04-28T04:03:10.867,1,Common,105,,Attack,Sword,Norm,Warrior,2,,<em>Sometimes the simplest tactic is the most effective.</em>,34.99,37.42,39.85,,,Foil,3,,,,
494353,Reclaim,Reclaim,https://tcgplayer-cdn.tcgplayer.com/product/494353_200w.jpg,74,23123,https://cpt.tcgcsv.com/5MZ5,2023-04-28T04:03:10.867,1,Uncommon,220,"Return target ally you control to its owner's hand.<br>Floating Memory (While paying for a memory cost, you may banish this card from your graveyard to pay for 1 of that cost.)",Action,Spell,Wind,Mage,2,Fast,<em>A summoning circle at the ready for a quick escape.</em>,59.99,59.99,59.99,,,Foil,,,,,
494353,Reclaim,Reclaim,https://tcgplayer-cdn.tcgplayer.com/product/494353_200w.jpg,74,23123,https://cpt.tcgcsv.com/5MZ5,2023-04-28T04:03:10.867,1,Uncommon,220,"Return target ally you control to its owner's hand.<br>Floating Memory (While paying for a memory cost, you may banish this card from your graveyard to pay for 1 of that cost.)",Action,Spell,Wind,Mage,2,Fast,<em>A summoning circle at the ready for a quick escape.</em>,0.35,0.49,0.49,0.48,,Normal,,,,,
494354,Refurbish,Refurbish,https://tcgplayer-cdn.tcgplayer.com/product/494354_200w.jpg,74,23123,https://cpt.tcgcsv.com/6MZ5,2023-04-28T04:03:10.867,1,Common,106,Put two durability counters on target Sword weapon you control.,Action,Craft;Sword,Norm,Warrior,4,Slow,"<em>When whetted and oiled, even scrapped blades can once again become razor-sharp.</em>",0.2,0.35,0.74,,,Normal,,,,,
494354,Refurbish,Refurbish,https://tcgplayer-cdn.tcgplayer.com/product/494354_200w.jpg,74,23123,https://cpt.tcgcsv.com/6MZ5,2023-04-28T04:03:10.867,1,Common,106,Put two durability counters on target Sword weapon you control.,Action,Craft;Sword,Norm,Warrior,4,Slow,"<em>When whetted and oiled, even scrapped blades can once again become razor-sharp.</em>",35.0,39.11,40.0,,,Foil,,,,,
494355,Rending Flames,Rending Flames,https://tcgplayer-cdn.tcgplayer.com/product/494355_200w.jpg,74,23123,https://cpt.tcgcsv.com/7MZ5,2023-04-28T04:03:10.867,1,Rare,151,"[Class Bonus] On Attack: You may banish three fire element cards from your graveyard. If you do, Rending Flames gains ""Whenever this attack would deal damage, it deals double that damage instead.""",Attack,Sword,Fire,Warrior;Assassin,3,,<em>Maximum force at the most critical moment.</em>,99.99,99.99,99.99,,,Foil,3,,,,
494355,Rending Flames,Rending Flames,https://tcgplayer-cdn.tcgplayer.com/product/494355_200w.jpg,74,23123,https://cpt.tcgcsv.com/7MZ5,2023-04-28T04:03:10.867,1,Rare,151,"[Class Bonus] On Attack: You may banish three fire element cards from your graveyard. If you do, Rending Flames gains ""Whenever this attack would deal damage, it deals double that damage instead.""",Attack,Sword,Fire,Warrior;Assassin,3,,<em>Maximum force at the most critical moment.</em>,9.98,9.99,9.99,3.56,,Normal,3,,,,
494356,Restorative Slash,Restorative Slash,https://tcgplayer-cdn.tcgplayer.com/product/494356_200w.jpg,74,23123,https://cpt.tcgcsv.com/8MZ5,2023-04-28T04:03:10.867,1,Common,185,"On Attack: Recover 3. (To recover, remove that many damage counters from your champion.)",Attack,Sword,Water,Warrior,4,,<em>A strike as revitalizing as it is devastating.<br></em>,0.1,0.45,0.75,,,Normal,3,,,,
494356,Restorative Slash,Restorative Slash,https://tcgplayer-cdn.tcgplayer.com/product/494356_200w.jpg,74,23123,https://cpt.tcgcsv.com/8MZ5,2023-04-28T04:03:10.867,1,Common,185,"On Attack: Recover 3. (To recover, remove that many damage counters from your champion.)",Attack,Sword,Water,Warrior,4,,<em>A strike as revitalizing as it is devastating.<br></em>,32.0,37.47,39.95,,,Foil,3,,,,
494357,Revitalizing Cleanse,Revitalizing Cleanse,https://tcgplayer-cdn.tcgplayer.com/product/494357_200w.jpg,74,23123,https://cpt.tcgcsv.com/9MZ5,2023-04-28T04:03:10.867,1,Common,186,"Reveal all cards in your memory. Recover X where X is the amount of water element cards revealed this way. Draw a card. (To recover, remove that many damage counters from your champion.)",Action,Spell,Water,Cleric,5,Fast,<em>A healing prayer for the pure of soul.</em>,47.0,47.5,47.99,,,Foil,,,,,
494357,Revitalizing Cleanse,Revitalizing Cleanse,https://tcgplayer-cdn.tcgplayer.com/product/494357_200w.jpg,74,23123,https://cpt.tcgcsv.com/9MZ5,2023-04-28T04:03:10.867,1,Common,186,"Reveal all cards in your memory. Recover X where X is the amount of water element cards revealed this way. Draw a card. (To recover, remove that many damage counters from your champion.)",Action,Spell,Water,Cleric,5,Fast,<em>A healing prayer for the pure of soul.</em>,0.15,0.45,0.99,0.34,,Normal,,,,,
494358,Safeguard Amulet,Safeguard Amulet,https://tcgplayer-cdn.tcgplayer.com/product/494358_200w.jpg,74,23123,https://cpt.tcgcsv.com/bMZ5,2023-04-28T04:03:10.867,1,Uncommon,049,"Banish Safeguard Amulet: Whenever your champion would take non-attack damage this turn, prevent 4 of that damage.",Item;Regalia,Accessory,Norm,Cleric,,,<em>Hopefully enough to block a fatal spell.</em>,0.35,0.54,0.54,0.53,,Normal,,,0,,
494358,Safeguard Amulet,Safeguard Amulet,https://tcgplayer-cdn.tcgplayer.com/product/494358_200w.jpg,74,23123,https://cpt.tcgcsv.com/bMZ5,2023-04-28T04:03:10.867,1,Uncommon,049,"Banish Safeguard Amulet: Whenever your champion would take non-attack damage this turn, prevent 4 of that damage.",Item;Regalia,Accessory,Norm,Cleric,,,<em>Hopefully enough to block a fatal spell.</em>,59.99,59.99,59.99,15.0,,Foil,,,0,,
494359,Savage Slash,Savage Slash,https://tcgplayer-cdn.tcgplayer.com/product/494359_200w.jpg,74,23123,https://cpt.tcgcsv.com/cMZ5,2023-04-28T04:03:10.867,1,Common,107,"[Class Bonus] Floating Memory (While paying for a memory cost, you may banish this card from your graveyard to pay for 1 of that cost. Apply this effect only if your champion's class matches this card's class.)",Attack,Sword,Norm,Warrior,2,,<em>Her first strike was ferocious.</em>,38.0,44.99,44.99,,,Foil,2,,,,
494359,Savage Slash,Savage Slash,https://tcgplayer-cdn.tcgplayer.com/product/494359_200w.jpg,74,23123,https://cpt.tcgcsv.com/cMZ5,2023-04-28T04:03:10.867,1,Common,107,"[Class Bonus] Floating Memory (While paying for a memory cost, you may banish this card from your graveyard to pay for 1 of that cost. Apply this effect only if your champion's class matches this card's class.)",Attack,Sword,Norm,Warrior,2,,<em>Her first strike was ferocious.</em>,0.22,0.25,0.5,,,Normal,2,,,,
494360,Scattering Gusts,Scattering Gusts,https://tcgplayer-cdn.tcgplayer.com/product/494360_200w.jpg,74,23123,https://cpt.tcgcsv.com/dMZ5,2023-04-28T04:03:10.867,1,Rare,221,"Suppress up to two target allies. (To suppress an ally, banish it and return it to the field under its owner's control at the beginning of the next end phase.)<br>[Class Bonus] Put an enlighten counter on your champion.",Action,Spell,Wind,Cleric;Mage,4,Fast,,69.99,74.99,79.99,,,Foil,,,,,
494360,Scattering Gusts,Scattering Gusts,https://tcgplayer-cdn.tcgplayer.com/product/494360_200w.jpg,74,23123,https://cpt.tcgcsv.com/dMZ5,2023-04-28T04:03:10.867,1,Rare,221,"Suppress up to two target allies. (To suppress an ally, banish it and return it to the field under its owner's control at the beginning of the next end phase.)<br>[Class Bonus] Put an enlighten counter on your champion.",Action,Spell,Wind,Cleric;Mage,4,Fast,,0.25,0.5,1.0,0.61,,Normal,,,,,
494361,Scry the Skies,Scry the Skies,https://tcgplayer-cdn.tcgplayer.com/product/494361_200w.jpg,74,23123,https://cpt.tcgcsv.com/fMZ5,2023-04-28T04:03:10.867,1,Common,108,"Glimpse LV. Draw a card into your memory. (To glimpse, look at that many cards from the top of your deck. Put those cards back on the top or on the bottom of your deck in any order.)",Action,Skill,Norm,Mage,1,Slow,<em>The skies hold secrets only privy to the few versed in its signs.</em>,0.15,0.28,0.5,0.25,,Normal,,,,,
494361,Scry the Skies,Scry the Skies,https://tcgplayer-cdn.tcgplayer.com/product/494361_200w.jpg,74,23123,https://cpt.tcgcsv.com/fMZ5,2023-04-28T04:03:10.867,1,Common,108,"Glimpse LV. Draw a card into your memory. (To glimpse, look at that many cards from the top of your deck. Put those cards back on the top or on the bottom of your deck in any order.)",Action,Skill,Norm,Mage,1,Slow,<em>The skies hold secrets only privy to the few versed in its signs.</em>,25.0,28.99,29.01,,,Foil,,,,,
494362,Seafaring Mercenary,Seafaring Mercenary,https://tcgplayer-cdn.tcgplayer.com/product/494362_200w.jpg,74,23123,https://cpt.tcgcsv.com/gMZ5,2023-04-28T04:03:10.867,1,Common,187,"[Class Bonus] Floating Memory (While paying for a memory cost, you may banish this card from your graveyard to pay for 1 of that cost. Apply this effect only if your champion's class matches this card's class.)",Ally,Human,Water,Warrior,3,,<em>A fighter that strikes with the waves.</em>,28.0,30.3,32.98,,,Foil,1,4,,,
494362,Seafaring Mercenary,Seafaring Mercenary,https://tcgplayer-cdn.tcgplayer.com/product/494362_200w.jpg,74,23123,https://cpt.tcgcsv.com/gMZ5,2023-04-28T04:03:10.867,1,Common,187,"[Class Bonus] Floating Memory (While paying for a memory cost, you may banish this card from your graveyard to pay for 1 of that cost. Apply this effect only if your champion's class matches this card's class.)",Ally,Human,Water,Warrior,3,,<em>A fighter that strikes with the waves.</em>,0.15,0.45,0.75,,,Normal,1,4,,,
494363,Sealed Blade,Sealed Blade,https://tcgplayer-cdn.tcgplayer.com/product/494363_200w.jpg,74,23123,https://cpt.tcgcsv.com/hMZ5,2023-04-28T04:03:10.867,1,Common,050,Pay only using floating memory for this card's memory cost.<br>[Class Bonus] Sealed Blade gets +1 power.,Weapon;Regalia,Sword,Norm,Warrior,,,<em>An ephemeral sword that can be wielded only when bound.</em>,0.2,0.25,0.5,0.2,,Normal,2,,3,,3
494363,Sealed Blade,Sealed Blade,https://tcgplayer-cdn.tcgplayer.com/product/494363_200w.jpg,74,23123,https://cpt.tcgcsv.com/hMZ5,2023-04-28T04:03:10.867,1,Common,050,Pay only using floating memory for this card's memory cost.<br>[Class Bonus] Sealed Blade gets +1 power.,Weapon;Regalia,Sword,Norm,Warrior,,,<em>An ephemeral sword that can be wielded only when bound.</em>,35.0,39.99,39.99,,,Foil,2,,3,,3
494364,Second Wind,Second Wind,https://tcgplayer-cdn.tcgplayer.com/product/494364_200w.jpg,74,23123,https://cpt.tcgcsv.com/jMZ5,2023-04-28T04:03:10.867,1,Uncommon,222,Wake up target ally. Class Bonus: That ally gets +1 power until end of turn. (Apply the additional effect only if your champion's class matches this card's class.),Action,Spell,Wind,Warrior,3,Fast,"<em>With invigorating winds riding at the tail, an army's assault can press forward.</em>",134.94,134.95,134.95,,,Foil,,,,,
494364,Second Wind,Second Wind,https://tcgplayer-cdn.tcgplayer.com/product/494364_200w.jpg,74,23123,https://cpt.tcgcsv.com/jMZ5,2023-04-28T04:03:10.867,1,Uncommon,222,Wake up target ally. Class Bonus: That ally gets +1 power until end of turn. (Apply the additional effect only if your champion's class matches this card's class.),Action,Spell,Wind,Warrior,3,Fast,"<em>With invigorating winds riding at the tail, an army's assault can press forward.</em>",0.8,1.1,1.37,1.04,,Normal,,,,,
494365,Seer's Sword,Seers Sword,https://tcgplayer-cdn.tcgplayer.com/product/494365_200w.jpg,74,23123,https://cpt.tcgcsv.com/kMZ5,2023-04-28T04:03:10.867,1,Uncommon,051,"[Class Bonus] On Attack: Glimpse 2. (To glimpse, look at that many cards from the top of your deck. Put those cards back on the top or on the bottom of your deck in any order.)",Weapon;Regalia,Sword,Norm,Warrior,,,<em>Even a simple enchantment grants great advantage.</em>,0.2,0.25,0.5,,,Normal,1,,1,,3
494365,Seer's Sword,Seers Sword,https://tcgplayer-cdn.tcgplayer.com/product/494365_200w.jpg,74,23123,https://cpt.tcgcsv.com/kMZ5,2023-04-28T04:03:10.867,1,Uncommon,051,"[Class Bonus] On Attack: Glimpse 2. (To glimpse, look at that many cards from the top of your deck. Put those cards back on the top or on the bottom of your deck in any order.)",Weapon;Regalia,Sword,Norm,Warrior,,,<em>Even a simple enchantment grants great advantage.</em>,35.0,39.11,58.95,,,Foil,1,,1,,3
494366,Set the Traps,Set the Traps,https://tcgplayer-cdn.tcgplayer.com/product/494366_200w.jpg,74,23123,https://cpt.tcgcsv.com/lMZ5,2023-04-28T04:03:10.867,1,Common,188,Target player puts the top two cards of their deck into their graveyard.<br>[Class Bonus] Put a preparation counter on your champion. (Apply this effect only if your champion's class matches this card's class.),Action,Skill,Water,Assassin,2,Slow,,35.0,36.5,37.99,,,Foil,,,,,
494366,Set the Traps,Set the Traps,https://tcgplayer-cdn.tcgplayer.com/product/494366_200w.jpg,74,23123,https://cpt.tcgcsv.com/lMZ5,2023-04-28T04:03:10.867,1,Common,188,Target player puts the top two cards of their deck into their graveyard.<br>[Class Bonus] Put a preparation counter on your champion. (Apply this effect only if your champion's class matches this card's class.),Action,Skill,Water,Assassin,2,Slow,,0.1,0.44,0.99,,,Normal,,,,,
494367,Sharpening Stone,Sharpening Stone,https://tcgplayer-cdn.tcgplayer.com/product/494367_200w.jpg,74,23123,https://cpt.tcgcsv.com/mMZ5,2023-04-28T04:03:10.867,1,Common,052,Banish Sharpening Stone: Up to one target Dagger or Sword weapon you control gets +1 power until end of turn. Draw a card.,Item;Regalia,Accessory,Norm,Warrior,,,<em>Only neglect begets a dulled edge.</em>,0.15,0.25,0.5,0.24,,Normal,,,1,,
494367,Sharpening Stone,Sharpening Stone,https://tcgplayer-cdn.tcgplayer.com/product/494367_200w.jpg,74,23123,https://cpt.tcgcsv.com/mMZ5,2023-04-28T04:03:10.867,1,Common,052,Banish Sharpening Stone: Up to one target Dagger or Sword weapon you control gets +1 power until end of turn. Draw a card.,Item;Regalia,Accessory,Norm,Warrior,,,<em>Only neglect begets a dulled edge.</em>,12.0,28.99,29.22,,,Foil,,,1,,
494368,Shout at Your Pets,Shout at Your Pets,https://tcgplayer-cdn.tcgplayer.com/product/494368_200w.jpg,74,23123,https://cpt.tcgcsv.com/nMZ5,2023-04-28T04:03:10.867,1,Uncommon,152,"If you control an Animal or Beast ally, your champion gets +1 level until end of turn.<br>[Class Bonus] You may discard a card. If you do, draw a card. (Apply this effect only if your champion's class matches this card's class.)",Action,Skill,Fire,Tamer,1,Fast,,49.99,49.99,49.99,,,Foil,,,,,
494368,Shout at Your Pets,Shout at Your Pets,https://tcgplayer-cdn.tcgplayer.com/product/494368_200w.jpg,74,23123,https://cpt.tcgcsv.com/nMZ5,2023-04-28T04:03:10.867,1,Uncommon,152,"If you control an Animal or Beast ally, your champion gets +1 level until end of turn.<br>[Class Bonus] You may discard a card. If you do, draw a card. (Apply this effect only if your champion's class matches this card's class.)",Action,Skill,Fire,Tamer,1,Fast,,0.2,0.31,0.5,0.3,,Normal,,,,,
494369,Shroud in Mist,Shroud in Mist,https://tcgplayer-cdn.tcgplayer.com/product/494369_200w.jpg,74,23123,https://cpt.tcgcsv.com/pMZ5,2023-04-28T04:03:10.867,1,Rare,189,[Class Bonus] This card costs 2 less to activate. (Apply this effect only if your champion's class matches this card's class.)<br>Units you control gain stealth until end of turn. (Units with stealth can't be targeted by attacks unless permitted by true sight.),Action,Spell,Water,Assassin,5,Fast,,0.98,0.99,2.0,0.87,,Normal,,,,,
494370,"Silvie, Earth's Tune",Silvie Earths Tune,https://tcgplayer-cdn.tcgplayer.com/product/494370_200w.jpg,74,23123,https://cpt.tcgcsv.com/qMZ5,2023-04-28T04:03:10.867,1,Common,012,"Silvie Lineage (Silvie, Earth's Tune must be leveled from a previous level ""Silvie"" champion.)<br>On Enter: Reveal cards from the top of your deck until you reveal a tera element Animal or Beast ally card. Put that card into your hand and the rest on the bottom of your deck in a random order.",Champion,Human,Tera,Tamer,,,,0.2,0.49,0.72,0.31,,Normal,,25,3,3,
494370,"Silvie, Earth's Tune",Silvie Earths Tune,https://tcgplayer-cdn.tcgplayer.com/product/494370_200w.jpg,74,23123,https://cpt.tcgcsv.com/qMZ5,2023-04-28T04:03:10.867,1,Common,012,"Silvie Lineage (Silvie, Earth's Tune must be leveled from a previous level ""Silvie"" champion.)<br>On Enter: Reveal cards from the top of your deck until you reveal a tera element Animal or Beast ally card. Put that card into your hand and the rest on the bottom of your deck in a random order.",Champion,Human,Tera,Tamer,,,,399.99,399.99,399.99,,,Foil,,25,3,3,
494371,"Silvie, Earth's Tune (CUR)",Silvie Earths Tune CUR,https://tcgplayer-cdn.tcgplayer.com/product/494371_200w.jpg,74,23123,https://cpt.tcgcsv.com/rMZ5,2023-04-28T04:03:10.867,1,Collector Ultra Rare,012,Silvie Lineage<br>On Enter: Reveal cards from the top of your deck until you reveal a tera element Animal or Beast ally card. Put that card into your hand and the rest on the bottom of your deck in a random order.,Champion,Human,Tera,Tamer,,,,3000.0,3000.0,3000.0,,,Foil,,25,3,3,
494372,"Silvie, Wilds Whisperer",Silvie Wilds Whisperer,https://tcgplayer-cdn.tcgplayer.com/product/494372_200w.jpg,74,23123,https://cpt.tcgcsv.com/sMZ5,2023-04-28T04:03:10.867,1,Common,010,On Enter: The next Animal or Beast ally card you activate this turn enters the field with an additional buff counter on it. (Allies get +1 power and +1 life for each buff counter on them.),Champion,Human,Norm,Tamer,,,"<em>Hey, look! Aren't my new friends cute?</em>",0.15,0.25,0.5,0.24,,Normal,,19,1,1,
494372,"Silvie, Wilds Whisperer",Silvie Wilds Whisperer,https://tcgplayer-cdn.tcgplayer.com/product/494372_200w.jpg,74,23123,https://cpt.tcgcsv.com/sMZ5,2023-04-28T04:03:10.867,1,Common,010,On Enter: The next Animal or Beast ally card you activate this turn enters the field with an additional buff counter on it. (Allies get +1 power and +1 life for each buff counter on them.),Champion,Human,Norm,Tamer,,,"<em>Hey, look! Aren't my new friends cute?</em>",349.97,349.98,349.98,,,Foil,,19,1,1,
494373,"Silvie, Wilds Whisperer (CUR)",Silvie Wilds Whisperer CUR,https://tcgplayer-cdn.tcgplayer.com/product/494373_200w.jpg,74,23123,https://cpt.tcgcsv.com/tMZ5,2023-04-28T04:03:10.867,1,Collector Ultra Rare,010,On Enter: The next Animal or Beast ally card you activate this turn enters the field with an additional buff counter on it.,Champion,Human,Norm,Tamer,,,"<em>Hey, look! Aren't my new friends cute?</em>",3000.0,3000.0,3000.0,,,Foil,,19,1,1,
494374,"Silvie, With the Pack",Silvie With the Pack,https://tcgplayer-cdn.tcgplayer.com/product/494374_200w.jpg,74,23123,https://cpt.tcgcsv.com/vMZ5,2023-04-28T04:03:10.867,1,Common,011,"Silvie Lineage (Silvie, With the Pack must be leveled from a previous level ""Silvie"" champion.)<br>On Enter: If you control an Animal ally, draw a card. If you control a Beast ally, draw a card.",Champion,Human,Norm,Tamer,,,<em>Let's see if we can find your family!</em>,0.15,0.25,0.5,,,Normal,,22,2,2,
494374,"Silvie, With the Pack",Silvie With the Pack,https://tcgplayer-cdn.tcgplayer.com/product/494374_200w.jpg,74,23123,https://cpt.tcgcsv.com/vMZ5,2023-04-28T04:03:10.867,1,Common,011,"Silvie Lineage (Silvie, With the Pack must be leveled from a previous level ""Silvie"" champion.)<br>On Enter: If you control an Animal ally, draw a card. If you control a Beast ally, draw a card.",Champion,Human,Norm,Tamer,,,<em>Let's see if we can find your family!</em>,399.99,399.99,399.99,,,Foil,,22,2,2,
494375,"Silvie, With the Pack (CUR)",Silvie With the Pack CUR,https://tcgplayer-cdn.tcgplayer.com/product/494375_200w.jpg,74,23123,https://cpt.tcgcsv.com/wMZ5,2023-04-28T04:03:10.867,1,Collector Ultra Rare,011,"Silvie Lineage<br>On Enter: If you control an Animal ally, draw a card. If you control a Beast ally, draw a card.",Champion,Human,Norm,Tamer,,,<em>Let's see if we can find your family!</em>,3000.0,3000.0,3000.0,,,Foil,,22,2,2,
494376,Sink into Oblivion,Sink into Oblivion,https://tcgplayer-cdn.tcgplayer.com/product/494376_200w.jpg,74,23123,https://cpt.tcgcsv.com/xMZ5,2023-04-28T04:03:10.867,1,Uncommon,190,Target player puts the top three cards of their deck into their graveyard.,Action,Spell,Water,Mage,3,Slow,"<em>In that deep and quiet comfort, do not lose sight of the surface.</em>",0.25,0.42,0.5,0.37,,Normal,,,,,
494376,Sink into Oblivion,Sink into Oblivion,https://tcgplayer-cdn.tcgplayer.com/product/494376_200w.jpg,74,23123,https://cpt.tcgcsv.com/xMZ5,2023-04-28T04:03:10.867,1,Uncommon,190,Target player puts the top three cards of their deck into their graveyard.,Action,Spell,Water,Mage,3,Slow,"<em>In that deep and quiet comfort, do not lose sight of the surface.</em>",34.99,35.0,35.0,,,Foil,,,,,
494377,Smack with Flute,Smack with Flute,https://tcgplayer-cdn.tcgplayer.com/product/494377_200w.jpg,74,23123,https://cpt.tcgcsv.com/zMZ5,2023-04-28T04:03:10.867,1,Common,109,"On Attack: Your champion gets +1 level until end of turn. <br>[Class Bonus] Floating Memory (While paying for a memory cost, you may banish this card from your graveyard to pay for 1 of that cost.)",Attack,Flute,Norm,Tamer,2,,,32.0,37.0,39.85,,,Foil,1,,,,
494377,Smack with Flute,Smack with Flute,https://tcgplayer-cdn.tcgplayer.com/product/494377_200w.jpg,74,23123,https://cpt.tcgcsv.com/zMZ5,2023-04-28T04:03:10.867,1,Common,109,"On Attack: Your champion gets +1 level until end of turn. <br>[Class Bonus] Floating Memory (While paying for a memory cost, you may banish this card from your graveyard to pay for 1 of that cost.)",Attack,Flute,Norm,Tamer,2,,,0.2,0.25,0.7,,,Normal,1,,,,
494378,Smoke Bombs,Smoke Bombs,https://tcgplayer-cdn.tcgplayer.com/product/494378_200w.jpg,74,23123,https://cpt.tcgcsv.com/BMZ5,2023-04-28T04:03:10.867,1,Common,053,Banish Smoke Bombs: Target ally gains stealth until end of turn. Draw a card. (Units with stealth can't be targeted by attacks unless permitted by true sight.),Item;Regalia,Bauble,Norm,Assassin,,,"<em>""Where'd they go? They were right there!""<br>— Very Attentive Guard</em>",39.98,39.99,39.99,,,Foil,,,1,,
494378,Smoke Bombs,Smoke Bombs,https://tcgplayer-cdn.tcgplayer.com/product/494378_200w.jpg,74,23123,https://cpt.tcgcsv.com/BMZ5,2023-04-28T04:03:10.867,1,Common,053,Banish Smoke Bombs: Target ally gains stealth until end of turn. Draw a card. (Units with stealth can't be targeted by attacks unless permitted by true sight.),Item;Regalia,Bauble,Norm,Assassin,,,"<em>""Where'd they go? They were right there!""<br>— Very Attentive Guard</em>",0.19,0.31,0.5,0.31,,Normal,,,1,,
494379,Snow Fairy,Snow Fairy,https://tcgplayer-cdn.tcgplayer.com/product/494379_200w.jpg,74,23123,https://cpt.tcgcsv.com/CMZ5,2023-04-28T04:03:10.867,1,Rare,191,Stealth (This unit can't be targeted by attacks unless permitted by true sight.)<br>On Enter: Rest target ally you don't control. That ally doesn't wake up during its controller's wake up phase as long as you control Snow Fairy.,Ally,Fairy,Water,Mage,3,,,7.49,9.89,9.9,8.29,,Normal,1,2,,,
494379,Snow Fairy,Snow Fairy,https://tcgplayer-cdn.tcgplayer.com/product/494379_200w.jpg,74,23123,https://cpt.tcgcsv.com/CMZ5,2023-04-28T04:03:10.867,1,Rare,191,Stealth (This unit can't be targeted by attacks unless permitted by true sight.)<br>On Enter: Rest target ally you don't control. That ally doesn't wake up during its controller's wake up phase as long as you control Snow Fairy.,Ally,Fairy,Water,Mage,3,,,64.69,147.34,229.99,,,Foil,1,2,,,
494380,Song of Nurturing,Song of Nurturing,https://tcgplayer-cdn.tcgplayer.com/product/494380_200w.jpg,74,23123,https://cpt.tcgcsv.com/DMZ5,2023-04-28T04:03:10.867,1,Common,110,Allies you control get +2 life until end of turn. Class Bonus: Those allies also get +1 power until end of turn. (Apply the additional effect only if your champion's class matches this card's class.),Action,Melody;Skill,Norm,Tamer,2,Fast,<em>Mana-imbued music invigorates those who hear it.</em>,33.99,34.95,36.7,,,Foil,,,,,
494380,Song of Nurturing,Song of Nurturing,https://tcgplayer-cdn.tcgplayer.com/product/494380_200w.jpg,74,23123,https://cpt.tcgcsv.com/DMZ5,2023-04-28T04:03:10.867,1,Common,110,Allies you control get +2 life until end of turn. Class Bonus: Those allies also get +1 power until end of turn. (Apply the additional effect only if your champion's class matches this card's class.),Action,Melody;Skill,Norm,Tamer,2,Fast,<em>Mana-imbued music invigorates those who hear it.</em>,0.15,0.37,0.6,0.4,,Normal,,,,,
494381,Song of Return,Song of Return,https://tcgplayer-cdn.tcgplayer.com/product/494381_200w.jpg,74,23123,https://cpt.tcgcsv.com/FMZ5,2023-04-28T04:03:10.867,1,Common,223,[Class Bonus] This card costs 1 less to activate. (Apply this effect only if your champion's class matches this card's class.)<br>Return up to two target allies you control to their owner's hands.,Action,Melody;Skill,Wind,Tamer,3,Fast,,0.15,0.29,0.5,0.31,,Normal,,,,,
494381,Song of Return,Song of Return,https://tcgplayer-cdn.tcgplayer.com/product/494381_200w.jpg,74,23123,https://cpt.tcgcsv.com/FMZ5,2023-04-28T04:03:10.867,1,Common,223,[Class Bonus] This card costs 1 less to activate. (Apply this effect only if your champion's class matches this card's class.)<br>Return up to two target allies you control to their owner's hands.,Action,Melody;Skill,Wind,Tamer,3,Fast,,23.0,26.95,29.99,,,Foil,,,,,
494382,Spark Alight,Spark Alight,https://tcgplayer-cdn.tcgplayer.com/product/494382_200w.jpg,74,23123,https://cpt.tcgcsv.com/GMZ5,2023-04-28T04:03:10.867,1,Common,153,Deal 2 unpreventable damage to target unit. Class Bonus: Deal 3 unpreventable damage to that unit instead. (Apply the additional effect only if your champion's class matches this card's class.),Action,Spell,Fire,Mage,2,Fast,"<em>""Just worry about the things you can't burn.""<br>— Varuck Mage</em>",35.99,38.5,39.99,,,Foil,,,,,
494382,Spark Alight,Spark Alight,https://tcgplayer-cdn.tcgplayer.com/product/494382_200w.jpg,74,23123,https://cpt.tcgcsv.com/GMZ5,2023-04-28T04:03:10.867,1,Common,153,Deal 2 unpreventable damage to target unit. Class Bonus: Deal 3 unpreventable damage to that unit instead. (Apply the additional effect only if your champion's class matches this card's class.),Action,Spell,Fire,Mage,2,Fast,"<em>""Just worry about the things you can't burn.""<br>— Varuck Mage</em>",0.25,0.29,0.5,0.27,,Normal,,,,,
494383,Spellshield: Arcane,Spellshield Arcane,https://tcgplayer-cdn.tcgplayer.com/product/494383_200w.jpg,74,23123,https://cpt.tcgcsv.com/HMZ5,2023-04-28T04:03:10.867,1,Rare,247,"[Class Bonus] This card costs 1 less to activate.<br>The next time damage would be dealt to your champion this turn, prevent that damage. Put an amount of enlighten counters on your champion equal to the amount of damage prevented this way.",Action,Reaction;Spell,Arcane,Mage,3,Fast,,0.45,1.99,3.0,0.49,,Normal,,,,,
494383,Spellshield: Arcane,Spellshield Arcane,https://tcgplayer-cdn.tcgplayer.com/product/494383_200w.jpg,74,23123,https://cpt.tcgcsv.com/HMZ5,2023-04-28T04:03:10.867,1,Rare,247,"[Class Bonus] This card costs 1 less to activate.<br>The next time damage would be dealt to your champion this turn, prevent that damage. Put an amount of enlighten counters on your champion equal to the amount of damage prevented this way.",Action,Reaction;Spell,Arcane,Mage,3,Fast,,129.99,129.99,129.99,,,Foil,,,,,
494384,Spirit Blade: Ascension,Spirit Blade Ascension,https://tcgplayer-cdn.tcgplayer.com/product/494384_200w.jpg,74,23123,https://cpt.tcgcsv.com/JMZ5,2023-04-28T04:03:10.867,1,Rare,251,"As an additional cost to activate this card, return a Sword regalia you own to your material deck.<br>Choose a Sword regalia card from your material deck or banishment and put it onto the field.",Action,Spell,Crux,Warrior,1,Fast,"<em>With the spirits' aid, even a worn sword may be transfigured into a divine relic.</em>",95.0,99.95,99.95,,,Foil,,,,,
494384,Spirit Blade: Ascension,Spirit Blade Ascension,https://tcgplayer-cdn.tcgplayer.com/product/494384_200w.jpg,74,23123,https://cpt.tcgcsv.com/JMZ5,2023-04-28T04:03:10.867,1,Rare,251,"As an additional cost to activate this card, return a Sword regalia you own to your material deck.<br>Choose a Sword regalia card from your material deck or banishment and put it onto the field.",Action,Spell,Crux,Warrior,1,Fast,"<em>With the spirits' aid, even a worn sword may be transfigured into a divine relic.</em>",0.8,1.1,1.75,1.48,,Normal,,,,,
494385,Spirit Blade: Dispersion,Spirit Blade Dispersion,https://tcgplayer-cdn.tcgplayer.com/product/494385_200w.jpg,74,23123,https://cpt.tcgcsv.com/KMZ5,2023-04-28T04:03:10.867,1,Super Rare,252,"Remove all durability counters from any amount of Sword weapons you control, then banish them. Choose any amount of units and deal damage equal to the amount of durability counters removed this way split among them.",Action,Spell,Crux,Warrior,0,Fast,"<em>When spirits take, they pay in kind.</em>",1.29,1.51,3.0,1.36,,Normal,,,,,
494385,Spirit Blade: Dispersion,Spirit Blade Dispersion,https://tcgplayer-cdn.tcgplayer.com/product/494385_200w.jpg,74,23123,https://cpt.tcgcsv.com/KMZ5,2023-04-28T04:03:10.867,1,Super Rare,252,"Remove all durability counters from any amount of Sword weapons you control, then banish them. Choose any amount of units and deal damage equal to the amount of durability counters removed this way split among them.",Action,Spell,Crux,Warrior,0,Fast,"<em>When spirits take, they pay in kind.</em>",299.99,299.99,299.99,35.0,,Foil,,,,,
494386,Spirit Blade: Ensoul,Spirit Blade Ensoul,https://tcgplayer-cdn.tcgplayer.com/product/494386_200w.jpg,74,23123,https://cpt.tcgcsv.com/LMZ5,2023-04-28T04:03:10.867,1,Super Rare,253,"Choose any amount of Sword weapon cards with memory cost 1 or less from your banishment and/or material deck and put them onto the field. Until end of turn, Sword weapons you control can attack as though they were allies. At the beginning of your next end phase, sacrifice all Sword weapons you control.",Action,Spell,Crux,Warrior,6,Slow,,5.0,13.0,29.99,5.68,,Normal,,,,,
494386,Spirit Blade: Ensoul,Spirit Blade Ensoul,https://tcgplayer-cdn.tcgplayer.com/product/494386_200w.jpg,74,23123,https://cpt.tcgcsv.com/LMZ5,2023-04-28T04:03:10.867,1,Super Rare,253,"Choose any amount of Sword weapon cards with memory cost 1 or less from your banishment and/or material deck and put them onto the field. Until end of turn, Sword weapons you control can attack as though they were allies. At the beginning of your next end phase, sacrifice all Sword weapons you control.",Action,Spell,Crux,Warrior,6,Slow,,399.99,399.99,399.99,,,Foil,,,,,
494387,Spirit Blade: Ghost Strike,Spirit Blade Ghost Strike,https://tcgplayer-cdn.tcgplayer.com/product/494387_200w.jpg,74,23123,https://cpt.tcgcsv.com/MMZ5,2023-04-28T04:03:10.867,1,Uncommon,254,"On Attack: You may banish a card from your material deck. If you do, your champion's attacks get +1 power until end of turn.",Attack,Sword,Crux,Warrior,0,,<em>An attack empowered with haunting vengeance.</em>,34.99,35.0,35.0,,,Foil,1,,,,
494387,Spirit Blade: Ghost Strike,Spirit Blade Ghost Strike,https://tcgplayer-cdn.tcgplayer.com/product/494387_200w.jpg,74,23123,https://cpt.tcgcsv.com/MMZ5,2023-04-28T04:03:10.867,1,Uncommon,254,"On Attack: You may banish a card from your material deck. If you do, your champion's attacks get +1 power until end of turn.",Attack,Sword,Crux,Warrior,0,,<em>An attack empowered with haunting vengeance.</em>,0.1,0.25,0.5,,,Normal,1,,,,
494388,Spirit Blade: Infusion,Spirit Blade Infusion,https://tcgplayer-cdn.tcgplayer.com/product/494388_200w.jpg,74,23123,https://cpt.tcgcsv.com/NMZ5,2023-04-28T04:03:10.867,1,Rare,255,"This card costs 2 less to activate if your champion has dealt attack damage this turn.<br>Until end of turn, target Sword weapon gets +3 power and ""On Champion Hit: Draw a card.""",Action,Spell,Crux,Warrior,2,Fast,<em>A blade empowered with spiritual might.</em>,0.24,0.47,1.49,0.25,,Normal,,,,,
494388,Spirit Blade: Infusion,Spirit Blade Infusion,https://tcgplayer-cdn.tcgplayer.com/product/494388_200w.jpg,74,23123,https://cpt.tcgcsv.com/NMZ5,2023-04-28T04:03:10.867,1,Rare,255,"This card costs 2 less to activate if your champion has dealt attack damage this turn.<br>Until end of turn, target Sword weapon gets +3 power and ""On Champion Hit: Draw a card.""",Action,Spell,Crux,Warrior,2,Fast,<em>A blade empowered with spiritual might.</em>,99.99,99.99,99.99,,,Foil,,,,,
494389,Spirit of Fire,Spirit of Fire,https://tcgplayer-cdn.tcgplayer.com/product/494389_200w.jpg,74,23123,https://cpt.tcgcsv.com/PMZ5,2023-04-28T04:03:10.867,1,Common,001,On Enter: Draw seven cards.,Champion,Spirit,Fire,,,,"<em>Smoldering flames burn bright from within the soul, sparking a hunger for insight and destruction. <br></em>",0.2,0.35,0.99,0.25,,Normal,,15,0,0,
494390,Spirit of Water,Spirit of Water,https://tcgplayer-cdn.tcgplayer.com/product/494390_200w.jpg,74,23123,https://cpt.tcgcsv.com/QMZ5,2023-04-28T04:03:10.867,1,Common,002,On Enter: Draw seven cards.,Champion,Spirit,Water,,,,"<em>Convalescing waves cascade through the soul, revitalizing the body and mind from the depths.</em>",0.34,0.46,0.5,0.41,,Normal,,15,0,0,
494391,Spirit of Wind,Spirit of Wind,https://tcgplayer-cdn.tcgplayer.com/product/494391_200w.jpg,74,23123,https://cpt.tcgcsv.com/RMZ5,2023-04-28T04:03:10.867,1,Common,003,On Enter: Draw seven cards.,Champion,Spirit,Wind,,,,"<em>Turbulent zephyrs swirl around the soul, inspiring fleet-footed dreams and expedited efficiency.</em>",0.2,0.3,0.99,0.23,,Normal,,15,0,0,
494392,Spirit's Blessing,Spirits Blessing,https://tcgplayer-cdn.tcgplayer.com/product/494392_200w.jpg,74,23123,https://cpt.tcgcsv.com/SMZ5,2023-04-28T04:03:10.867,1,Rare,256,"As an additional cost to activate this card, return a regalia you control to its owner's material deck.<br>Wake up your champion. Draw a card.",Action,Spell,Crux,Mage,1,Fast,<em>Spirits bestow their favor upon those who offer tribute in earnest.</em>,0.5,0.8,1.99,0.63,,Normal,,,,,
494392,Spirit's Blessing,Spirits Blessing,https://tcgplayer-cdn.tcgplayer.com/product/494392_200w.jpg,74,23123,https://cpt.tcgcsv.com/SMZ5,2023-04-28T04:03:10.867,1,Rare,256,"As an additional cost to activate this card, return a regalia you control to its owner's material deck.<br>Wake up your champion. Draw a card.",Action,Spell,Crux,Mage,1,Fast,<em>Spirits bestow their favor upon those who offer tribute in earnest.</em>,95.0,99.99,100.0,,,Foil,,,,,
494393,Spontaneous Combustion,Spontaneous Combustion,https://tcgplayer-cdn.tcgplayer.com/product/494393_200w.jpg,74,23123,https://cpt.tcgcsv.com/TMZ5,2023-04-28T04:03:10.867,1,Uncommon,154,Deal 4 damage to target ally attacking your champion.,Action,Reaction;Spell,Fire,Mage,3,Fast,"<em>The closer they are, the easier they are to ignite.</em>",35.0,38.03,39.85,,,Foil,,,,,
494393,Spontaneous Combustion,Spontaneous Combustion,https://tcgplayer-cdn.tcgplayer.com/product/494393_200w.jpg,74,23123,https://cpt.tcgcsv.com/TMZ5,2023-04-28T04:03:10.867,1,Uncommon,154,Deal 4 damage to target ally attacking your champion.,Action,Reaction;Spell,Fire,Mage,3,Fast,"<em>The closer they are, the easier they are to ignite.</em>",0.15,0.23,0.65,0.15,,Normal,,,,,
494394,Spurn to Ash,Spurn to Ash,https://tcgplayer-cdn.tcgplayer.com/product/494394_200w.jpg,74,23123,https://cpt.tcgcsv.com/VMZ5,2023-04-28T04:03:10.867,1,Uncommon,155,Destroy target regalia with memory cost 1 or less.,Action,Spell,Fire,Mage,3,Slow,<em>Immolation is far more simple than creation.</em>,37.0,38.99,40.0,,,Foil,,,,,
494394,Spurn to Ash,Spurn to Ash,https://tcgplayer-cdn.tcgplayer.com/product/494394_200w.jpg,74,23123,https://cpt.tcgcsv.com/VMZ5,2023-04-28T04:03:10.867,1,Uncommon,155,Destroy target regalia with memory cost 1 or less.,Action,Spell,Fire,Mage,3,Slow,<em>Immolation is far more simple than creation.</em>,0.29,0.58,0.75,0.54,,Normal,,,,,
494395,Stillwater Patrol,Stillwater Patrol,https://tcgplayer-cdn.tcgplayer.com/product/494395_200w.jpg,74,23123,https://cpt.tcgcsv.com/WMZ5,2023-04-28T04:03:10.867,1,Common,192,"True Sight (This ally can attack units with stealth.)<br>As long as Stillwater Patrol is attacking a unit with stealth, Stillwater Patrol gets +1 power.",Ally,Human,Water,Ranger,4,,"<em>Specially trained to be ever-vigilant, little bypasses their detection.</em>",0.15,0.4,0.5,0.49,,Normal,2,3,,,
494395,Stillwater Patrol,Stillwater Patrol,https://tcgplayer-cdn.tcgplayer.com/product/494395_200w.jpg,74,23123,https://cpt.tcgcsv.com/WMZ5,2023-04-28T04:03:10.867,1,Common,192,"True Sight (This ally can attack units with stealth.)<br>As long as Stillwater Patrol is attacking a unit with stealth, Stillwater Patrol gets +1 power.",Ally,Human,Water,Ranger,4,,"<em>Specially trained to be ever-vigilant, little bypasses their detection.</em>",49.99,49.99,49.99,,,Foil,2,3,,,
494396,Storm Tyrant's Eye,Storm Tyrants Eye,https://tcgplayer-cdn.tcgplayer.com/product/494396_200w.jpg,74,23123,https://cpt.tcgcsv.com/XMZ5,2023-04-28T04:03:10.867,1,Rare,061,Banish Storm Tyrant's Eye: Reveal cards from the top of your deck until you reveal an arcane element card. Deal unpreventable damage to your champion equal to the amount of cards revealed this way. Put one of those cards into your hand and the rest on the bottom of your deck in a random order.,Item;Regalia,Artifact,Arcane,Mage,,,,0.47,0.62,1.0,0.48,,Normal,,,0,,
494397,Strapping Conscript,Strapping Conscript,https://tcgplayer-cdn.tcgplayer.com/product/494397_200w.jpg,74,23123,https://cpt.tcgcsv.com/ZMZ5,2023-04-28T04:03:10.867,1,Uncommon,156,"[Class Bonus] [Level 2+] Strapping Conscript gets +1 power and +1 life. (Apply this effect only if your champion's class matches this card's class, and only if your champion is level 2 or higher.)",Ally,Human,Fire,Warrior,2,,<em>House Pendragon recruits only the hardiest of pages to train as knights.</em>,0.22,0.47,1.0,0.47,,Normal,2,1,,,
494397,Strapping Conscript,Strapping Conscript,https://tcgplayer-cdn.tcgplayer.com/product/494397_200w.jpg,74,23123,https://cpt.tcgcsv.com/ZMZ5,2023-04-28T04:03:10.867,1,Uncommon,156,"[Class Bonus] [Level 2+] Strapping Conscript gets +1 power and +1 life. (Apply this effect only if your champion's class matches this card's class, and only if your champion is level 2 or higher.)",Ally,Human,Fire,Warrior,2,,<em>House Pendragon recruits only the hardiest of pages to train as knights.</em>,14.99,14.99,31.99,,,Foil,2,1,,,
494398,Strategic Planning,Strategic Planning,https://tcgplayer-cdn.tcgplayer.com/product/494398_200w.jpg,74,23123,https://cpt.tcgcsv.com/-MZ5,2023-04-28T04:03:10.867,1,Common,111,"Glimpse 2. Put a preparation counter on your champion. (To glimpse, look at that many cards from the top of your deck. Put those cards back on the top or on the bottom of your deck in any order.)",Action,Skill,Norm,Assassin,2,Slow,<em>No such thing as too much preperation.</em>,20.96,25.0,26.85,,,Foil,,,,,
494398,Strategic Planning,Strategic Planning,https://tcgplayer-cdn.tcgplayer.com/product/494398_200w.jpg,74,23123,https://cpt.tcgcsv.com/-MZ5,2023-04-28T04:03:10.867,1,Common,111,"Glimpse 2. Put a preparation counter on your champion. (To glimpse, look at that many cards from the top of your deck. Put those cards back on the top or on the bottom of your deck in any order.)",Action,Skill,Norm,Assassin,2,Slow,<em>No such thing as too much preperation.</em>,0.15,0.45,0.57,0.41,,Normal,,,,,
494399,Strike from the Mist,Strike from the Mist,https://tcgplayer-cdn.tcgplayer.com/product/494399_200w.jpg,74,23123,https://cpt.tcgcsv.com/_MZ5,2023-04-28T04:03:10.867,1,Uncommon,193,"Prepare 2 (You may remove two preparation counters from your champion as you activate this card.)<br>[Class Bonus] As long as Strike from the Mist was prepared, it can't be intercepted.",Attack,Dagger,Water,Assassin,2,,,0.2,0.47,1.4,,,Normal,2,,,,
494399,Strike from the Mist,Strike from the Mist,https://tcgplayer-cdn.tcgplayer.com/product/494399_200w.jpg,74,23123,https://cpt.tcgcsv.com/_MZ5,2023-04-28T04:03:10.867,1,Uncommon,193,"Prepare 2 (You may remove two preparation counters from your champion as you activate this card.)<br>[Class Bonus] As long as Strike from the Mist was prepared, it can't be intercepted.",Attack,Dagger,Water,Assassin,2,,,31.99,33.99,34.85,,,Foil,2,,,,
494400,Sudden Snow,Sudden Snow,https://tcgplayer-cdn.tcgplayer.com/product/494400_200w.jpg,74,23123,https://cpt.tcgcsv.com/0NZ5,2023-04-28T04:03:10.867,1,Uncommon,194,"You may banish a card with floating memory from your graveyard. If you do, draw a card.<br>Until end of turn, allies enter the field rested.",Action,Spell,Water,Mage,2,Fast,<em>It is not unusual to have sudden and severe changes in weather with magic and mages abound.</em>,24.84,24.85,24.85,,,Foil,,,,,
494400,Sudden Snow,Sudden Snow,https://tcgplayer-cdn.tcgplayer.com/product/494400_200w.jpg,74,23123,https://cpt.tcgcsv.com/0NZ5,2023-04-28T04:03:10.867,1,Uncommon,194,"You may banish a card with floating memory from your graveyard. If you do, draw a card.<br>Until end of turn, allies enter the field rested.",Action,Spell,Water,Mage,2,Fast,<em>It is not unusual to have sudden and severe changes in weather with magic and mages abound.</em>,0.4,0.85,0.99,,,Normal,,,,,
494401,Sudden Steel,Sudden Steel,https://tcgplayer-cdn.tcgplayer.com/product/494401_200w.jpg,74,23123,https://cpt.tcgcsv.com/2NZ5,2023-04-28T04:03:10.867,1,Common,112,[Class Bonus] Efficiency (This card costs LV less to activate. LV refers to your champion's level. Apply this effect only if your champion's class matches this card's class.),Attack,Sword,Norm,Warrior,6,,<em>Her last strike was deadly.</em>,0.15,0.45,0.74,0.39,,Normal,5,,,,
494401,Sudden Steel,Sudden Steel,https://tcgplayer-cdn.tcgplayer.com/product/494401_200w.jpg,74,23123,https://cpt.tcgcsv.com/2NZ5,2023-04-28T04:03:10.867,1,Common,112,[Class Bonus] Efficiency (This card costs LV less to activate. LV refers to your champion's level. Apply this effect only if your champion's class matches this card's class.),Attack,Sword,Norm,Warrior,6,,<em>Her last strike was deadly.</em>,37.99,37.99,37.99,10.0,,Foil,5,,,,
494402,Summon Gale,Summon Gale,https://tcgplayer-cdn.tcgplayer.com/product/494402_200w.jpg,74,23123,https://cpt.tcgcsv.com/3NZ5,2023-04-28T04:03:10.867,1,Common,224,[Class Bonus] Efficiency (This card costs LV less to activate. LV refers to your champion's level. Apply this effect only if your champion's class matches this card's class.)<br>Return target ally to its owner's hand.,Action,Spell,Wind,Mage,3,Fast,,0.1,0.28,0.74,0.21,,Normal,,,,,
494402,Summon Gale,Summon Gale,https://tcgplayer-cdn.tcgplayer.com/product/494402_200w.jpg,74,23123,https://cpt.tcgcsv.com/3NZ5,2023-04-28T04:03:10.867,1,Common,224,[Class Bonus] Efficiency (This card costs LV less to activate. LV refers to your champion's level. Apply this effect only if your champion's class matches this card's class.)<br>Return target ally to its owner's hand.,Action,Spell,Wind,Mage,3,Fast,,37.99,39.95,39.99,,,Foil,,,,,
494403,Surveillance Stone,Surveillance Stone,https://tcgplayer-cdn.tcgplayer.com/product/494403_200w.jpg,74,23123,https://cpt.tcgcsv.com/5NZ5,2023-04-28T04:03:10.867,1,Uncommon,054,"Whenever an opponent declares an attack with a unit for the third time each turn, you may banish Surveillance Stone. If you do, draw a card.",Item;Regalia,Crystal,Norm,Mage,,,"<em>A simple tool that offers peace of mind and, with it, a good night's sleep.</em>",15.72,20.47,49.99,,,Foil,,,0,,
494403,Surveillance Stone,Surveillance Stone,https://tcgplayer-cdn.tcgplayer.com/product/494403_200w.jpg,74,23123,https://cpt.tcgcsv.com/5NZ5,2023-04-28T04:03:10.867,1,Uncommon,054,"Whenever an opponent declares an attack with a unit for the third time each turn, you may banish Surveillance Stone. If you do, draw a card.",Item;Regalia,Crystal,Norm,Mage,,,"<em>A simple tool that offers peace of mind and, with it, a good night's sleep.</em>",0.2,0.25,1.0,0.22,,Normal,,,0,,
494404,Swift Recruit,Swift Recruit,https://tcgplayer-cdn.tcgplayer.com/product/494404_200w.jpg,74,23123,https://cpt.tcgcsv.com/6NZ5,2023-04-28T04:03:10.867,1,Common,225,"Intercept (Whenever your champion is attacked while this ally is awake, you may redirect that attack to this ally.)<br>Floating Memory (While paying for a memory cost, you may banish this card from your graveyard to pay for 1 of that cost.)",Ally,Human,Wind,Warrior,2,,,0.12,0.25,0.5,,,Normal,1,2,,,
494404,Swift Recruit,Swift Recruit,https://tcgplayer-cdn.tcgplayer.com/product/494404_200w.jpg,74,23123,https://cpt.tcgcsv.com/6NZ5,2023-04-28T04:03:10.867,1,Common,225,"Intercept (Whenever your champion is attacked while this ally is awake, you may redirect that attack to this ally.)<br>Floating Memory (While paying for a memory cost, you may banish this card from your graveyard to pay for 1 of that cost.)",Ally,Human,Wind,Warrior,2,,,32.0,36.5,38.97,,,Foil,1,2,,,
494405,Sword of Adversity,Sword of Adversity,https://tcgplayer-cdn.tcgplayer.com/product/494405_200w.jpg,74,23123,https://cpt.tcgcsv.com/7NZ5,2023-04-28T04:03:10.867,1,Rare,055,[Class Bonus] Sword of Adversity gets +1 power as long as you control no allies. (Apply this effect only if your champion's class matches this card's class.),Weapon;Regalia,Sword,Norm,Warrior,,,"<em>When pushed to the edge, this sword grows even sharper.</em>",99.99,109.99,119.99,,,Foil,1,,0,,1
494405,Sword of Adversity,Sword of Adversity,https://tcgplayer-cdn.tcgplayer.com/product/494405_200w.jpg,74,23123,https://cpt.tcgcsv.com/7NZ5,2023-04-28T04:03:10.867,1,Rare,055,[Class Bonus] Sword of Adversity gets +1 power as long as you control no allies. (Apply this effect only if your champion's class matches this card's class.),Weapon;Regalia,Sword,Norm,Warrior,,,"<em>When pushed to the edge, this sword grows even sharper.</em>",0.3,0.35,0.99,0.32,,Normal,1,,0,,1
494406,Sword of Avarice,Sword of Avarice,https://tcgplayer-cdn.tcgplayer.com/product/494406_200w.jpg,74,23123,https://cpt.tcgcsv.com/8NZ5,2023-04-28T04:03:10.867,1,Rare,064,On Enter: Draw a card. Class Bonus: Draw two cards instead. (Apply the additional effect only if your champion's class matches this card's class.),Weapon;Regalia,Sword,Crux,Warrior,,,<em>An enspirited sword bound by greed and desire.</em>,0.5,0.99,1.08,0.53,,Normal,1,,2,,1
494407,Sword of Seeking,Sword of Seeking,https://tcgplayer-cdn.tcgplayer.com/product/494407_200w.jpg,74,23123,https://cpt.tcgcsv.com/9NZ5,2023-04-28T04:03:10.867,1,Uncommon,056,[Class Bonus] True Sight (Attacks using this weapon can target units with stealth. Apply this effect only if your champion's class matches this card's class.),Weapon;Regalia,Sword,Norm,Warrior,,,"<em>Before this blade, nothing remains hidden.</em>",59.84,59.85,59.85,,,Foil,1,,0,,2
494407,Sword of Seeking,Sword of Seeking,https://tcgplayer-cdn.tcgplayer.com/product/494407_200w.jpg,74,23123,https://cpt.tcgcsv.com/9NZ5,2023-04-28T04:03:10.867,1,Uncommon,056,[Class Bonus] True Sight (Attacks using this weapon can target units with stealth. Apply this effect only if your champion's class matches this card's class.),Weapon;Regalia,Sword,Norm,Warrior,,,"<em>Before this blade, nothing remains hidden.</em>",0.2,0.25,0.5,0.21,,Normal,1,,0,,2
494408,Tactful Sergeant,Tactful Sergeant,https://tcgplayer-cdn.tcgplayer.com/product/494408_200w.jpg,74,23123,https://cpt.tcgcsv.com/bNZ5,2023-04-28T04:03:10.867,1,Rare,226,"On Enter: If your champion has attacked this turn, draw a card into your memory.",Ally,Human,Wind,Warrior,4,,<em>Those who have seen many battlefields and lived gain a keen eye for the most opportune moments to strike.</em>,2.0,2.49,7.99,2.48,,Normal,1,4,,,
494408,Tactful Sergeant,Tactful Sergeant,https://tcgplayer-cdn.tcgplayer.com/product/494408_200w.jpg,74,23123,https://cpt.tcgcsv.com/bNZ5,2023-04-28T04:03:10.867,1,Rare,226,"On Enter: If your champion has attacked this turn, draw a card into your memory.",Ally,Human,Wind,Warrior,4,,<em>Those who have seen many battlefields and lived gain a keen eye for the most opportune moments to strike.</em>,37.0,73.5,109.99,,,Foil,1,4,,,
494409,Tempered Steel,Tempered Steel,https://tcgplayer-cdn.tcgplayer.com/product/494409_200w.jpg,74,23123,https://cpt.tcgcsv.com/cNZ5,2023-04-28T04:03:10.867,1,Uncommon,157,"Put a durability counter on target weapon you control.<br>Floating Memory (While paying for a memory cost, you may banish this card from your graveyard to pay for 1 of that cost.)",Action,Craft;Skill,Fire,Warrior;Guardian,1,Slow,,65.0,65.0,65.0,72.85,,Foil,,,,,
494409,Tempered Steel,Tempered Steel,https://tcgplayer-cdn.tcgplayer.com/product/494409_200w.jpg,74,23123,https://cpt.tcgcsv.com/cNZ5,2023-04-28T04:03:10.867,1,Uncommon,157,"Put a durability counter on target weapon you control.<br>Floating Memory (While paying for a memory cost, you may banish this card from your graveyard to pay for 1 of that cost.)",Action,Craft;Skill,Fire,Warrior;Guardian,1,Slow,,1.25,2.24,3.0,0.86,,Normal,,,,,
494410,Tempest Silverback,Tempest Silverback,https://tcgplayer-cdn.tcgplayer.com/product/494410_200w.jpg,74,23123,https://cpt.tcgcsv.com/dNZ5,2023-04-28T04:03:10.867,1,Uncommon,227,Pride 5 (This ally won't obey you unless your champion is level 5 or higher.)<br>[Class Bonus] Tempest Silverback gets +2 power and +2 life. (Apply this effect only if your champion's class matches this card's class.),Ally,Ape;Beast,Wind,Tamer,4,,,99.2,99.59,99.98,,,Foil,4,4,,,
494410,Tempest Silverback,Tempest Silverback,https://tcgplayer-cdn.tcgplayer.com/product/494410_200w.jpg,74,23123,https://cpt.tcgcsv.com/dNZ5,2023-04-28T04:03:10.867,1,Uncommon,227,Pride 5 (This ally won't obey you unless your champion is level 5 or higher.)<br>[Class Bonus] Tempest Silverback gets +2 power and +2 life. (Apply this effect only if your champion's class matches this card's class.),Ally,Ape;Beast,Wind,Tamer,4,,,0.2,0.35,0.5,0.31,,Normal,4,4,,,
494411,Tera Sight,Tera Sight,https://tcgplayer-cdn.tcgplayer.com/product/494411_200w.jpg,74,23123,https://cpt.tcgcsv.com/fNZ5,2023-04-28T04:03:10.867,1,Uncommon,274,"Preserve (Put this card into your material deck preserved as it resolves. As you materialize, you may instead return a preserved card to your hand.)<br>Draw a card.",Action,Spell,Tera,Mage,0,Fast,<em>See the heartbeat of life.</em>,0.2,0.41,0.5,0.3,,Normal,,,,,
494411,Tera Sight,Tera Sight,https://tcgplayer-cdn.tcgplayer.com/product/494411_200w.jpg,74,23123,https://cpt.tcgcsv.com/fNZ5,2023-04-28T04:03:10.867,1,Uncommon,274,"Preserve (Put this card into your material deck preserved as it resolves. As you materialize, you may instead return a preserved card to your hand.)<br>Draw a card.",Action,Spell,Tera,Mage,0,Fast,<em>See the heartbeat of life.</em>,35.0,39.99,89.99,,,Foil,,,,,
494412,Thousand Refractions,Thousand Refractions,https://tcgplayer-cdn.tcgplayer.com/product/494412_200w.jpg,74,23123,https://cpt.tcgcsv.com/gNZ5,2023-04-28T04:03:10.867,1,Super Rare,263,"Prepare 1 (You may remove a preparation counter from your champion as you activate this card.)<br>[Class Bonus] On Hit: If Thousand Refractions was prepared, wake up your champion and return Thousand Refractions to your hand.",Attack,Dagger,Luxem,Assassin,0,,,40.0,120.0,199.99,,,Foil,1,,,,
494412,Thousand Refractions,Thousand Refractions,https://tcgplayer-cdn.tcgplayer.com/product/494412_200w.jpg,74,23123,https://cpt.tcgcsv.com/gNZ5,2023-04-28T04:03:10.867,1,Super Rare,263,"Prepare 1 (You may remove a preparation counter from your champion as you activate this card.)<br>[Class Bonus] On Hit: If Thousand Refractions was prepared, wake up your champion and return Thousand Refractions to your hand.",Attack,Dagger,Luxem,Assassin,0,,,1.77,1.87,14.99,,,Normal,1,,,,
494413,Tidal Sweep,Tidal Sweep,https://tcgplayer-cdn.tcgplayer.com/product/494413_200w.jpg,74,23123,https://cpt.tcgcsv.com/hNZ5,2023-04-28T04:03:10.867,1,Rare,195,"Cleave (Attack all units a chosen opponent controls. This attack can't be intercepted.)<br>[Class Bonus] Floating Memory (While paying for a memory cost, you may banish this card from your graveyard to pay for 1 of that cost.)",Attack,Sword,Water,Warrior,6,,,0.98,0.99,5.0,1.09,,Normal,1,,,,
494413,Tidal Sweep,Tidal Sweep,https://tcgplayer-cdn.tcgplayer.com/product/494413_200w.jpg,74,23123,https://cpt.tcgcsv.com/hNZ5,2023-04-28T04:03:10.867,1,Rare,195,"Cleave (Attack all units a chosen opponent controls. This attack can't be intercepted.)<br>[Class Bonus] Floating Memory (While paying for a memory cost, you may banish this card from your graveyard to pay for 1 of that cost.)",Attack,Sword,Water,Warrior,6,,,35.0,52.5,69.99,,,Foil,1,,,,
494414,Tide Diviner,Tide Diviner,https://tcgplayer-cdn.tcgplayer.com/product/494414_200w.jpg,74,23123,https://cpt.tcgcsv.com/jNZ5,2023-04-28T04:03:10.867,1,Rare,196,On Enter: Look at the top 1+LV cards of your deck. Put one of those cards into your hand and the rest into your graveyard. (LV refers to your champion's level.),Ally,Human,Water,Mage,4,,<em>Reading the ebb and flow of the moon's sway grants insight into the currents of fate.</em>,199.99,294.99,389.99,,,Foil,1,1,,,
494414,Tide Diviner,Tide Diviner,https://tcgplayer-cdn.tcgplayer.com/product/494414_200w.jpg,74,23123,https://cpt.tcgcsv.com/jNZ5,2023-04-28T04:03:10.867,1,Rare,196,On Enter: Look at the top 1+LV cards of your deck. Put one of those cards into your hand and the rest into your graveyard. (LV refers to your champion's level.),Ally,Human,Water,Mage,4,,<em>Reading the ebb and flow of the moon's sway grants insight into the currents of fate.</em>,3.94,3.99,14.99,3.97,,Normal,1,1,,,
494415,Tome of Knowledge,Tome of Knowledge,https://tcgplayer-cdn.tcgplayer.com/product/494415_200w.jpg,74,23123,https://cpt.tcgcsv.com/kNZ5,2023-04-28T04:03:10.867,1,Uncommon,057,[Class Bonus] Your champion gets +1 level. (Apply this effect only if your champion's class matches this card's class.)<br>Banish Tome of Knowledge: Draw a card.,Item;Regalia,Book,Norm,Mage,,,,0.12,0.2,0.5,0.2,,Normal,,,1,,
494415,Tome of Knowledge,Tome of Knowledge,https://tcgplayer-cdn.tcgplayer.com/product/494415_200w.jpg,74,23123,https://cpt.tcgcsv.com/kNZ5,2023-04-28T04:03:10.867,1,Uncommon,057,[Class Bonus] Your champion gets +1 level. (Apply this effect only if your champion's class matches this card's class.)<br>Banish Tome of Knowledge: Draw a card.,Item;Regalia,Book,Norm,Mage,,,,25.0,28.52,30.0,,,Foil,,,1,,
494416,Tome of Sacred Lightning,Tome of Sacred Lightning,https://tcgplayer-cdn.tcgplayer.com/product/494416_200w.jpg,74,23123,https://cpt.tcgcsv.com/lNZ5,2023-04-28T04:03:10.867,1,Ultra Rare,062,"[Element Bonus] You may banish a Book regalia you control to activate this card from your material deck. If you do, Tome of Sacred Lightning enters the field with all abilities of the banished card.<br>[Class Bonus] REST: Banish a card at random from your memory. If a card was banished this way, draw a card.",Item;Regalia,Book,Arcane,Mage,,,,499.94,499.95,499.95,,,Foil,,,0,,
494416,Tome of Sacred Lightning,Tome of Sacred Lightning,https://tcgplayer-cdn.tcgplayer.com/product/494416_200w.jpg,74,23123,https://cpt.tcgcsv.com/lNZ5,2023-04-28T04:03:10.867,1,Ultra Rare,062,"[Element Bonus] You may banish a Book regalia you control to activate this card from your material deck. If you do, Tome of Sacred Lightning enters the field with all abilities of the banished card.<br>[Class Bonus] REST: Banish a card at random from your memory. If a card was banished this way, draw a card.",Item;Regalia,Book,Arcane,Mage,,,,3.99,5.29,10.0,3.43,,Normal,,,0,,
494417,Trained Hawk,Trained Hawk,https://tcgplayer-cdn.tcgplayer.com/product/494417_200w.jpg,74,23123,https://cpt.tcgcsv.com/mNZ5,2023-04-28T04:03:10.867,1,Common,228,True Sight (This ally can attack units with stealth.)<br>Vigor (This ally wakes up at the beginning of your end phase.),Ally,Animal;Bird,Wind,Tamer,3,,"<em>With eyes honed to spot the subtlest of movements, these animals are indispensible as hunting partners.</em>",0.1,0.27,0.74,0.49,,Normal,2,2,,,
494417,Trained Hawk,Trained Hawk,https://tcgplayer-cdn.tcgplayer.com/product/494417_200w.jpg,74,23123,https://cpt.tcgcsv.com/mNZ5,2023-04-28T04:03:10.867,1,Common,228,True Sight (This ally can attack units with stealth.)<br>Vigor (This ally wakes up at the beginning of your end phase.),Ally,Animal;Bird,Wind,Tamer,3,,"<em>With eyes honed to spot the subtlest of movements, these animals are indispensible as hunting partners.</em>",35.0,37.0,38.99,,,Foil,2,2,,,
494418,Training Session,Training Session,https://tcgplayer-cdn.tcgplayer.com/product/494418_200w.jpg,74,23123,https://cpt.tcgcsv.com/nNZ5,2023-04-28T04:03:10.867,1,Common,113,Put a buff counter on target ally you control. (Allies get +1 power and +1 life for each buff counter on them.),Action,Skill,Norm,Warrior;Tamer,2,Slow,"<em>With enough practice, even a shabby recruit can turn into a capable fighter.</em>",29.99,36.47,42.95,,,Foil,,,,,
494418,Training Session,Training Session,https://tcgplayer-cdn.tcgplayer.com/product/494418_200w.jpg,74,23123,https://cpt.tcgcsv.com/nNZ5,2023-04-28T04:03:10.867,1,Common,113,Put a buff counter on target ally you control. (Allies get +1 power and +1 life for each buff counter on them.),Action,Skill,Norm,Warrior;Tamer,2,Slow,"<em>With enough practice, even a shabby recruit can turn into a capable fighter.</em>",0.2,0.45,0.74,0.2,,Normal,,,,,
494419,"Triskit, Guidance Angel",Triskit Guidance Angel,https://tcgplayer-cdn.tcgplayer.com/product/494419_200w.jpg,74,23123,https://cpt.tcgcsv.com/pNZ5,2023-04-28T04:03:10.867,1,Super Rare,264,"(Unique — You can control only one object with this card's name.)<br>Fire, water and wind elements are enabled for you.<br>On Enter: You may banish your champion. If you do, Triskit becomes a unique champion with base level 3.",Ally;Unique,Angel,Luxem,Warrior,5,,,22.97,22.98,22.98,7.27,,Normal,2,12,,,
494419,"Triskit, Guidance Angel",Triskit Guidance Angel,https://tcgplayer-cdn.tcgplayer.com/product/494419_200w.jpg,74,23123,https://cpt.tcgcsv.com/pNZ5,2023-04-28T04:03:10.867,1,Super Rare,264,"(Unique — You can control only one object with this card's name.)<br>Fire, water and wind elements are enabled for you.<br>On Enter: You may banish your champion. If you do, Triskit becomes a unique champion with base level 3.",Ally;Unique,Angel,Luxem,Warrior,5,,,249.01,250.0,499.99,100.0,,Foil,2,12,,,
494420,"Tristan, Grim Stalker",Tristan Grim Stalker,https://tcgplayer-cdn.tcgplayer.com/product/494420_200w.jpg,74,23123,https://cpt.tcgcsv.com/qNZ5,2023-04-28T04:03:10.867,1,Common,019,"On Ally Hit: You may remove three preparation counters from Tristan. If you do, destroy the hit ally.<br>At the beginning of your end phase, if Tristan is awake, put a preparation counter on Tristan.",Champion,Human,Norm,Assassin,,,<em>Life is cheap. Just tell me how many.</em>,0.1,0.3,0.5,0.1,,Normal,,22,2,2,
494421,Trusty Steed,Trusty Steed,https://tcgplayer-cdn.tcgplayer.com/product/494421_200w.jpg,74,23123,https://cpt.tcgcsv.com/rNZ5,2023-04-28T04:03:10.867,1,Common,114,On Enter: Another target ally you control gets +2 power until end of turn.,Ally,Animal;Horse,Norm,Tamer,4,,"<em>Bonded and trained, these majestic creatures offer warriors powerful advantages in battle.</em>",20.0,23.99,24.0,,,Foil,1,3,,,
494421,Trusty Steed,Trusty Steed,https://tcgplayer-cdn.tcgplayer.com/product/494421_200w.jpg,74,23123,https://cpt.tcgcsv.com/rNZ5,2023-04-28T04:03:10.867,1,Common,114,On Enter: Another target ally you control gets +2 power until end of turn.,Ally,Animal;Horse,Norm,Tamer,4,,"<em>Bonded and trained, these majestic creatures offer warriors powerful advantages in battle.</em>",0.2,0.25,0.5,0.2,,Normal,1,3,,,
494422,Uncover the Plot,Uncover the Plot,https://tcgplayer-cdn.tcgplayer.com/product/494422_200w.jpg,74,23123,https://cpt.tcgcsv.com/sNZ5,2023-04-28T04:03:10.867,1,Rare,265,Target player reveals all cards in their memory. Draw a card.<br>[Class Bonus] Put two preparation counters on your champion. (Apply this effect only if your champion's class matches this card's class.),Action,Skill,Luxem,Assassin,2,Slow,,2.99,4.12,4.69,4.08,,Normal,,,,,
494422,Uncover the Plot,Uncover the Plot,https://tcgplayer-cdn.tcgplayer.com/product/494422_200w.jpg,74,23123,https://cpt.tcgcsv.com/sNZ5,2023-04-28T04:03:10.867,1,Rare,265,Target player reveals all cards in their memory. Draw a card.<br>[Class Bonus] Put two preparation counters on your champion. (Apply this effect only if your champion's class matches this card's class.),Action,Skill,Luxem,Assassin,2,Slow,,99.0,99.5,99.99,,,Foil,,,,,
494423,"Varuck, Smoldering Spire",Varuck Smoldering Spire,https://tcgplayer-cdn.tcgplayer.com/product/494423_200w.jpg,74,23123,https://cpt.tcgcsv.com/tNZ5,2023-04-28T04:03:10.867,1,Super Rare,158,"Upkeep — Whenever you materialize a card, sacrifice Varuck.<br>Damage dealt by fire element sources you control can't be prevented.",Domain;Unique,Castle,Fire,Mage,3,,"<em>Once decrepit, now ablaze with new blood.</em>",329.99,329.99,329.99,,,Foil,,,,,
494423,"Varuck, Smoldering Spire",Varuck Smoldering Spire,https://tcgplayer-cdn.tcgplayer.com/product/494423_200w.jpg,74,23123,https://cpt.tcgcsv.com/tNZ5,2023-04-28T04:03:10.867,1,Super Rare,158,"Upkeep — Whenever you materialize a card, sacrifice Varuck.<br>Damage dealt by fire element sources you control can't be prevented.",Domain;Unique,Castle,Fire,Mage,3,,"<em>Once decrepit, now ablaze with new blood.</em>",5.99,5.99,17.54,4.74,,Normal,,,,,
494424,Veiling Breeze,Veiling Breeze,https://tcgplayer-cdn.tcgplayer.com/product/494424_200w.jpg,74,23123,https://cpt.tcgcsv.com/vNZ5,2023-04-28T04:03:10.867,1,Common,229,"Reveal any amount of wind element cards from your memory. Until end of turn, whenever damage would be dealt to your champion, prevent an amount of that damage equal to the amount of cards revealed this way.",Action,Reaction;Spell,Wind,Assassin,1,Fast,,0.37,0.5,0.99,0.43,,Normal,,,,,
494424,Veiling Breeze,Veiling Breeze,https://tcgplayer-cdn.tcgplayer.com/product/494424_200w.jpg,74,23123,https://cpt.tcgcsv.com/vNZ5,2023-04-28T04:03:10.867,1,Common,229,"Reveal any amount of wind element cards from your memory. Until end of turn, whenever damage would be dealt to your champion, prevent an amount of that damage equal to the amount of cards revealed this way.",Action,Reaction;Spell,Wind,Assassin,1,Fast,,47.99,47.99,47.99,34.75,,Foil,,,,,
494425,"Vertus, Gaia's Roar",Vertus Gaias Roar,https://tcgplayer-cdn.tcgplayer.com/product/494425_200w.jpg,74,23123,https://cpt.tcgcsv.com/wNZ5,2023-04-28T04:03:10.867,1,Rare,275,Pride 10 (This ally won't obey you unless your champion is level 10 or higher.)<br>[Class Bonus] On Enter: Allies you control get +1 power for each Animal and/or Beast ally card in your graveyard until end of turn.,Ally;Unique,Beast;Lion,Tera,Tamer,4,,<em>All cower quickly before his might.<br></em>,99.99,99.99,99.99,,,Foil,8,6,,,
494425,"Vertus, Gaia's Roar",Vertus Gaias Roar,https://tcgplayer-cdn.tcgplayer.com/product/494425_200w.jpg,74,23123,https://cpt.tcgcsv.com/wNZ5,2023-04-28T04:03:10.867,1,Rare,275,Pride 10 (This ally won't obey you unless your champion is level 10 or higher.)<br>[Class Bonus] On Enter: Allies you control get +1 power for each Animal and/or Beast ally card in your graveyard until end of turn.,Ally;Unique,Beast;Lion,Tera,Tamer,4,,<em>All cower quickly before his might.<br></em>,0.87,1.0,5.0,0.93,,Normal,8,6,,,
494426,Veteran Soldier,Veteran Soldier,https://tcgplayer-cdn.tcgplayer.com/product/494426_200w.jpg,74,23123,https://cpt.tcgcsv.com/xNZ5,2023-04-28T04:03:10.867,1,Common,115,"Floating Memory (While paying for a memory cost, you may banish this card from your graveyard to pay for 1 of that cost.)",Ally,Human,Norm,Warrior,5,,<em>The recent strife and turmoil within Aesa has hardened even the greenest of recruits.</em>,0.2,0.25,0.74,0.25,,Normal,2,3,,,
494426,Veteran Soldier,Veteran Soldier,https://tcgplayer-cdn.tcgplayer.com/product/494426_200w.jpg,74,23123,https://cpt.tcgcsv.com/xNZ5,2023-04-28T04:03:10.867,1,Common,115,"Floating Memory (While paying for a memory cost, you may banish this card from your graveyard to pay for 1 of that cost.)",Ally,Human,Norm,Warrior,5,,<em>The recent strife and turmoil within Aesa has hardened even the greenest of recruits.</em>,38.99,38.99,38.99,,,Foil,2,3,,,
494427,Warrior's Longsword,Warriors Longsword,https://tcgplayer-cdn.tcgplayer.com/product/494427_200w.jpg,74,23123,https://cpt.tcgcsv.com/zNZ5,2023-04-28T04:03:10.867,1,Uncommon,058,[Class Bonus] Warrior's Longsword gets +1 power. (Apply this effect only if your champion's class matches this card's class.),Weapon;Regalia,Sword,Norm,Warrior,,,<em>A dependable sword made of sturdy steel with an edge honed enough to pierce most defenses. A warrior's true companion.</em>,29.98,30.0,49.99,,,Foil,1,,1,,2
494427,Warrior's Longsword,Warriors Longsword,https://tcgplayer-cdn.tcgplayer.com/product/494427_200w.jpg,74,23123,https://cpt.tcgcsv.com/zNZ5,2023-04-28T04:03:10.867,1,Uncommon,058,[Class Bonus] Warrior's Longsword gets +1 power. (Apply this effect only if your champion's class matches this card's class.),Weapon;Regalia,Sword,Norm,Warrior,,,<em>A dependable sword made of sturdy steel with an edge honed enough to pierce most defenses. A warrior's true companion.</em>,0.1,0.28,0.5,0.21,,Normal,1,,1,,2
494428,Water Barrier,Water Barrier,https://tcgplayer-cdn.tcgplayer.com/product/494428_200w.jpg,74,23123,https://cpt.tcgcsv.com/BNZ5,2023-04-28T04:03:10.867,1,Uncommon,197,"The next time damage would be dealt to your champion this turn, prevent all but 1 of that damage.<br>[Class Bonus] Floating Memory (While paying for a memory cost, you may banish this card from your graveyard to pay for 1 of that cost.)",Action,Reaction;Spell,Water,Cleric;Mage,3,Fast,,50.0,57.5,64.99,,,Foil,,,,,
494428,Water Barrier,Water Barrier,https://tcgplayer-cdn.tcgplayer.com/product/494428_200w.jpg,74,23123,https://cpt.tcgcsv.com/BNZ5,2023-04-28T04:03:10.867,1,Uncommon,197,"The next time damage would be dealt to your champion this turn, prevent all but 1 of that damage.<br>[Class Bonus] Floating Memory (While paying for a memory cost, you may banish this card from your graveyard to pay for 1 of that cost.)",Action,Reaction;Spell,Water,Cleric;Mage,3,Fast,,0.2,0.89,1.05,,,Normal,,,,,
494429,Water Resonance Bauble,Water Resonance Bauble,https://tcgplayer-cdn.tcgplayer.com/product/494429_200w.jpg,74,23123,https://cpt.tcgcsv.com/CNZ5,2023-04-28T04:03:10.867,1,Uncommon,059,Banish Water Resonance Bauble: Draw a card. Activate this ability only if an opponent controls a water element champion.,Item;Regalia,Bauble,Norm,Mage,,,"<em>Torrents crash and turn along the edges of this orb, waiting for their inevitable release.</em>",0.25,0.49,0.5,0.31,,Normal,,,0,,
494429,Water Resonance Bauble,Water Resonance Bauble,https://tcgplayer-cdn.tcgplayer.com/product/494429_200w.jpg,74,23123,https://cpt.tcgcsv.com/CNZ5,2023-04-28T04:03:10.867,1,Uncommon,059,Banish Water Resonance Bauble: Draw a card. Activate this ability only if an opponent controls a water element champion.,Item;Regalia,Bauble,Norm,Mage,,,"<em>Torrents crash and turn along the edges of this orb, waiting for their inevitable release.</em>",59.98,59.99,100.0,,,Foil,,,0,,
494430,Weaponsmith,Weaponsmith,https://tcgplayer-cdn.tcgplayer.com/product/494430_200w.jpg,74,23123,https://cpt.tcgcsv.com/DNZ5,2023-04-28T04:03:10.867,1,Common,116,"[Class Bonus] At the beginning of your recollection phase, put a durability counter on target weapon you control. (Apply this effect only if your champion's class matches this card's class.)",Ally,Human,Norm,Warrior,2,,<em>The forges burn bright as war dawns on Cambria.</em>,35.0,36.5,37.99,38.49,,Foil,1,3,,,
494430,Weaponsmith,Weaponsmith,https://tcgplayer-cdn.tcgplayer.com/product/494430_200w.jpg,74,23123,https://cpt.tcgcsv.com/DNZ5,2023-04-28T04:03:10.867,1,Common,116,"[Class Bonus] At the beginning of your recollection phase, put a durability counter on target weapon you control. (Apply this effect only if your champion's class matches this card's class.)",Ally,Human,Norm,Warrior,2,,<em>The forges burn bright as war dawns on Cambria.</em>,0.22,0.25,0.5,0.23,,Normal,1,3,,,
494431,Wilderness Harpist,Wilderness Harpist,https://tcgplayer-cdn.tcgplayer.com/product/494431_200w.jpg,74,23123,https://cpt.tcgcsv.com/FNZ5,2023-04-28T04:03:10.867,1,Common,230,"[Class Bonus] Stealth (This unit can't be targeted by attacks unless permitted by true sight.)<br>Whenever you activate a Harmony or Melody card, your champion gets +1 level until end of turn.",Ally,Human,Wind,Tamer,2,,,0.15,0.32,0.99,0.32,,Normal,0,2,,,
494431,Wilderness Harpist,Wilderness Harpist,https://tcgplayer-cdn.tcgplayer.com/product/494431_200w.jpg,74,23123,https://cpt.tcgcsv.com/FNZ5,2023-04-28T04:03:10.867,1,Common,230,"[Class Bonus] Stealth (This unit can't be targeted by attacks unless permitted by true sight.)<br>Whenever you activate a Harmony or Melody card, your champion gets +1 level until end of turn.",Ally,Human,Wind,Tamer,2,,,84.99,87.49,89.99,,,Foil,0,2,,,
494432,Wind Cutter,Wind Cutter,https://tcgplayer-cdn.tcgplayer.com/product/494432_200w.jpg,74,23123,https://cpt.tcgcsv.com/GNZ5,2023-04-28T04:03:10.867,1,Common,231,"[Class Bonus] Wind Cutter gets +1 power. (Apply this effect only if your champion's class matches this card's class.)<br>On Hit: Reveal a card at random from your memory. If that card is wind element, put Wind Cutter into your memory.",Attack,Sword,Wind,Warrior;Ranger,2,,,59.99,69.99,79.99,,,Foil,1,,,,
494432,Wind Cutter,Wind Cutter,https://tcgplayer-cdn.tcgplayer.com/product/494432_200w.jpg,74,23123,https://cpt.tcgcsv.com/GNZ5,2023-04-28T04:03:10.867,1,Common,231,"[Class Bonus] Wind Cutter gets +1 power. (Apply this effect only if your champion's class matches this card's class.)<br>On Hit: Reveal a card at random from your memory. If that card is wind element, put Wind Cutter into your memory.",Attack,Sword,Wind,Warrior;Ranger,2,,,0.11,0.39,0.75,0.38,,Normal,1,,,,
494433,Wind Resonance Bauble,Wind Resonance Bauble,https://tcgplayer-cdn.tcgplayer.com/product/494433_200w.jpg,74,23123,https://cpt.tcgcsv.com/HNZ5,2023-04-28T04:03:10.867,1,Uncommon,060,Banish Wind Resonance Bauble: Draw a card. Activate this ability only if an opponent controls a wind element champion.,Item;Regalia,Bauble,Norm,Mage,,,<em>A spirit of wind sleeps within this bauble. Perhaps it will grant blessings once it wakes.</em>,0.25,0.32,0.5,0.34,,Normal,,,0,,
494433,Wind Resonance Bauble,Wind Resonance Bauble,https://tcgplayer-cdn.tcgplayer.com/product/494433_200w.jpg,74,23123,https://cpt.tcgcsv.com/HNZ5,2023-04-28T04:03:10.867,1,Uncommon,060,Banish Wind Resonance Bauble: Draw a card. Activate this ability only if an opponent controls a wind element champion.,Item;Regalia,Bauble,Norm,Mage,,,<em>A spirit of wind sleeps within this bauble. Perhaps it will grant blessings once it wakes.</em>,34.17,34.95,49.99,,,Foil,,,0,,
494434,Windrider Mage,Windrider Mage,https://tcgplayer-cdn.tcgplayer.com/product/494434_200w.jpg,74,23123,https://cpt.tcgcsv.com/JNZ5,2023-04-28T04:03:10.867,1,Uncommon,232,"Stealth (This unit can't be targeted by attacks unless permitted by true sight.)<br>[Class Bonus] At the beginning of your recollection phase, you may return Windrider Mage to your hand. If you do, put an enlighten counter on your champion.",Ally,Human,Wind,Mage,2,,,32.99,37.85,39.99,,,Foil,1,1,,,
494434,Windrider Mage,Windrider Mage,https://tcgplayer-cdn.tcgplayer.com/product/494434_200w.jpg,74,23123,https://cpt.tcgcsv.com/JNZ5,2023-04-28T04:03:10.867,1,Uncommon,232,"Stealth (This unit can't be targeted by attacks unless permitted by true sight.)<br>[Class Bonus] At the beginning of your recollection phase, you may return Windrider Mage to your hand. If you do, put an enlighten counter on your champion.",Ally,Human,Wind,Mage,2,,,0.2,0.25,0.49,,,Normal,1,1,,,
494435,Windrider Vanguard,Windrider Vanguard,https://tcgplayer-cdn.tcgplayer.com/product/494435_200w.jpg,74,23123,https://cpt.tcgcsv.com/KNZ5,2023-04-28T04:03:10.867,1,Common,233,[Class Bonus] Vigor (This unit wakes up at the beginning of your end phase. Apply this effect only if your champion's class matches this card's class.),Ally,Human,Wind,Warrior;Guardian,3,,<em>The stalwart vanguard of Camelot's airborne forces are chosen for their affinity for wind.</em>,0.2,0.39,0.75,0.38,,Normal,2,3,,,
494435,Windrider Vanguard,Windrider Vanguard,https://tcgplayer-cdn.tcgplayer.com/product/494435_200w.jpg,74,23123,https://cpt.tcgcsv.com/KNZ5,2023-04-28T04:03:10.867,1,Common,233,[Class Bonus] Vigor (This unit wakes up at the beginning of your end phase. Apply this effect only if your champion's class matches this card's class.),Ally,Human,Wind,Warrior;Guardian,3,,<em>The stalwart vanguard of Camelot's airborne forces are chosen for their affinity for wind.</em>,29.99,29.99,29.99,19.99,,Foil,2,3,,,
494436,Windstream Mutt,Windstream Mutt,https://tcgplayer-cdn.tcgplayer.com/product/494436_200w.jpg,74,23123,https://cpt.tcgcsv.com/LNZ5,2023-04-28T04:03:10.867,1,Common,234,"[Class Bonus] On Enter: Reveal a card at random from your memory. If that card is wind element, choose another ally you control and put a buff counter on it. (Allies get +1 power and +1 life for each buff counter on them. Apply this effect only if your champion's class matches this card's class.)",Ally,Animal;Dog,Wind,Tamer,3,,,0.1,0.32,1.0,,,Normal,2,2,,,
494436,Windstream Mutt,Windstream Mutt,https://tcgplayer-cdn.tcgplayer.com/product/494436_200w.jpg,74,23123,https://cpt.tcgcsv.com/LNZ5,2023-04-28T04:03:10.867,1,Common,234,"[Class Bonus] On Enter: Reveal a card at random from your memory. If that card is wind element, choose another ally you control and put a buff counter on it. (Allies get +1 power and +1 life for each buff counter on them. Apply this effect only if your champion's class matches this card's class.)",Ally,Animal;Dog,Wind,Tamer,3,,,39.99,39.99,39.99,35.0,,Foil,2,2,,,
494437,Woodland Squirrels,Woodland Squirrels,https://tcgplayer-cdn.tcgplayer.com/product/494437_200w.jpg,74,23123,https://cpt.tcgcsv.com/MNZ5,2023-04-28T04:03:10.867,1,Uncommon,117,,Ally,Animal;Squirrel,Norm,Tamer,0,,"<em>Playful, curious, and above all, adorable. Even a simple encounter makes travellers light of heart.</em>",59.99,59.99,59.99,,,Foil,1,1,,,
494437,Woodland Squirrels,Woodland Squirrels,https://tcgplayer-cdn.tcgplayer.com/product/494437_200w.jpg,74,23123,https://cpt.tcgcsv.com/MNZ5,2023-04-28T04:03:10.867,1,Uncommon,117,,Ally,Animal;Squirrel,Norm,Tamer,0,,"<em>Playful, curious, and above all, adorable. Even a simple encounter makes travellers light of heart.</em>",0.34,0.67,1.99,1.99,,Normal,1,1,,,
494438,"Zander, Always Watching",Zander Always Watching,https://tcgplayer-cdn.tcgplayer.com/product/494438_200w.jpg,74,23123,https://cpt.tcgcsv.com/NNZ5,2023-04-28T04:03:10.867,1,Common,014,"Zander Lineage (Zander, Always Watching must be leveled from a previous level ""Zander"" champion.)<br>Inherited Effect: As long as Zander is attacking a rested unit, Zander's attacks get +1 power. (Your champion has this ability as long as this card is part of its lineage.)",Champion,Human,Norm,Assassin,,,,0.12,0.25,1.8,0.37,,Normal,,22,2,2,
494438,"Zander, Always Watching",Zander Always Watching,https://tcgplayer-cdn.tcgplayer.com/product/494438_200w.jpg,74,23123,https://cpt.tcgcsv.com/NNZ5,2023-04-28T04:03:10.867,1,Common,014,"Zander Lineage (Zander, Always Watching must be leveled from a previous level ""Zander"" champion.)<br>Inherited Effect: As long as Zander is attacking a rested unit, Zander's attacks get +1 power. (Your champion has this ability as long as this card is part of its lineage.)",Champion,Human,Norm,Assassin,,,,189.99,194.5,199.0,,,Foil,,22,2,2,
494439,"Zander, Always Watching (CUR)",Zander Always Watching CUR,https://tcgplayer-cdn.tcgplayer.com/product/494439_200w.jpg,74,23123,https://cpt.tcgcsv.com/PNZ5,2023-04-28T04:03:10.867,1,Collector Ultra Rare,014,"Zander Lineage<br>Inherited Effect: As long as Zander is attacking a rested unit, Zander's attacks get +1 power.",Champion,Human,Norm,Assassin,,,<em>Eyes open. Daggers ready.</em>,3000.0,3000.0,3000.0,,,Foil,,22,2,2,
494440,"Zander, Corhazi's Chosen",Zander Corhazis Chosen,https://tcgplayer-cdn.tcgplayer.com/product/494440_200w.jpg,74,23123,https://cpt.tcgcsv.com/QNZ5,2023-04-28T04:03:10.867,1,Common,015,"Zander Lineage (Zander, Corhazi's Chosen must be leveled from a previous level ""Zander"" champion.)<br>On Enter: Zander gains stealth and spellshroud until the beginning of your next turn. Put a preparation counter on Zander. (Units with spellshroud can't be targeted by Spells.)",Champion,Human,Luxem,Assassin,,,,0.15,0.3,0.5,0.33,,Normal,,25,3,3,
494440,"Zander, Corhazi's Chosen",Zander Corhazis Chosen,https://tcgplayer-cdn.tcgplayer.com/product/494440_200w.jpg,74,23123,https://cpt.tcgcsv.com/QNZ5,2023-04-28T04:03:10.867,1,Common,015,"Zander Lineage (Zander, Corhazi's Chosen must be leveled from a previous level ""Zander"" champion.)<br>On Enter: Zander gains stealth and spellshroud until the beginning of your next turn. Put a preparation counter on Zander. (Units with spellshroud can't be targeted by Spells.)",Champion,Human,Luxem,Assassin,,,,149.99,200.99,300.0,,,Foil,,25,3,3,
494441,"Zander, Corhazi's Chosen (CUR)",Zander Corhazis Chosen CUR,https://tcgplayer-cdn.tcgplayer.com/product/494441_200w.jpg,74,23123,https://cpt.tcgcsv.com/RNZ5,2023-04-28T04:03:10.867,1,Collector Ultra Rare,015,Zander Lineage<br>On Enter: Zander gains stealth and spellshroud until the beginning of your next turn. Put a preparation counter on Zander.,Champion,Human,Luxem,Assassin,,,"<em>Brilliant light, become my mantle!</em>",3000.0,3000.0,3000.0,,,Foil,,25,3,3,
494442,"Zander, Prepared Scout",Zander Prepared Scout,https://tcgplayer-cdn.tcgplayer.com/product/494442_200w.jpg,74,23123,https://cpt.tcgcsv.com/SNZ5,2023-04-28T04:03:10.867,1,Common,013,"On Enter: Glimpse 2. Put a preparation counter on Zander. (To glimpse, look at that many cards from the top of your deck. Put those cards back on the top or on the bottom of your deck in any order.)",Champion,Human,Norm,Assassin,,,"<em>In this new dawn, I embark with clear purpose and conviction.</em>",0.15,0.25,0.5,0.26,,Normal,,19,1,1,
494442,"Zander, Prepared Scout",Zander Prepared Scout,https://tcgplayer-cdn.tcgplayer.com/product/494442_200w.jpg,74,23123,https://cpt.tcgcsv.com/SNZ5,2023-04-28T04:03:10.867,1,Common,013,"On Enter: Glimpse 2. Put a preparation counter on Zander. (To glimpse, look at that many cards from the top of your deck. Put those cards back on the top or on the bottom of your deck in any order.)",Champion,Human,Norm,Assassin,,,"<em>In this new dawn, I embark with clear purpose and conviction.</em>",399.99,399.99,399.99,,,Foil,,19,1,1,
494443,"Zander, Prepared Scout (CUR)",Zander Prepared Scout CUR,https://tcgplayer-cdn.tcgplayer.com/product/494443_200w.jpg,74,23123,https://cpt.tcgcsv.com/TNZ5,2023-04-28T04:03:10.867,1,Collector Ultra Rare,013,On Enter: Glimpse 2. Put a preparation counter on Zander.,Champion,Human,Norm,Assassin,,,"<em>In this new dawn, I embark with clear purpose and conviction.</em>",,,,,,,,19,1,1,
494444,Zephyr Assistant,Zephyr Assistant,https://tcgplayer-cdn.tcgplayer.com/product/494444_200w.jpg,74,23123,https://cpt.tcgcsv.com/VNZ5,2023-04-28T04:03:10.867,1,Common,236,[Class Bonus] On Enter: Put an enlighten counter on your champion.<br>On Leave: Put an enlighten counter on your champion. (Trigger this effect when Zephyr Assistant leaves the field.),Ally,Human,Wind,Mage,2,,,25.0,27.5,29.99,,,Foil,1,1,,,
494444,Zephyr Assistant,Zephyr Assistant,https://tcgplayer-cdn.tcgplayer.com/product/494444_200w.jpg,74,23123,https://cpt.tcgcsv.com/VNZ5,2023-04-28T04:03:10.867,1,Common,236,[Class Bonus] On Enter: Put an enlighten counter on your champion.<br>On Leave: Put an enlighten counter on your champion. (Trigger this effect when Zephyr Assistant leaves the field.),Ally,Human,Wind,Mage,2,,,0.15,0.25,0.5,0.19,,Normal,1,1,,,
494445,Zephyr,Zephyr,https://tcgplayer-cdn.tcgplayer.com/product/494445_200w.jpg,74,23123,https://cpt.tcgcsv.com/WNZ5,2023-04-28T04:03:10.867,1,Rare,235,"Suppress target ally or regalia. (To suppress an object, banish it and return it to the field under its owner's control at the beginning of the next end phase.)",Action,Spell,Wind,Cleric;Mage,2,Fast,<em>It will come back in a breeze.</em>,2.41,4.61,8.24,5.74,,Normal,,,,,
494445,Zephyr,Zephyr,https://tcgplayer-cdn.tcgplayer.com/product/494445_200w.jpg,74,23123,https://cpt.tcgcsv.com/WNZ5,2023-04-28T04:03:10.867,1,Rare,235,"Suppress target ally or regalia. (To suppress an object, banish it and return it to the field under its owner's control at the beginning of the next end phase.)",Action,Spell,Wind,Cleric;Mage,2,Fast,<em>It will come back in a breeze.</em>,40.0,47.5,74.99,,,Foil,,,,,
494447,Dawn of Ashes 1st Edition Booster Box,Dawn of Ashes 1st Edition Booster Box,https://tcgplayer-cdn.tcgplayer.com/product/494447_200w.jpg,74,23123,https://cpt.tcgcsv.com/ZNZ5,2024-10-23T16:03:54.23,1,,,,,,,,,,,400.0,450.0,999.99,369.99,,Normal,,,,,
494450,Dawn of Ashes 1st Edition Booster Pack,Dawn of Ashes 1st Edition Booster Pack,https://tcgplayer-cdn.tcgplayer.com/product/494450_200w.jpg,74,23123,https://cpt.tcgcsv.com/0PZ5,2024-10-23T16:04:42.467,1,,,,,,,,,,,24.99,24.99,24.99,24.99,,Normal,,,,,
514307,Dawn of Ashes 1st Edition - Booster Box Case,Dawn of Ashes 1st Edition Booster Box Case,https://tcgplayer-cdn.tcgplayer.com/product/514307_200w.jpg,74,23123,https://cpt.tcgcsv.com/9L76,2024-10-23T16:19:35.483,1,,,,,,,,,,,2499.99,2800.0,3000.0,,,Normal,,,,,
