productId,name,cleanName,imageUrl,categoryId,groupId,url,modifiedOn,imageCount,lowPrice,midPrice,highPrice,marketPrice,directLowPrice,subTypeName,extRarity,extNumber,extDescription,extCardType,extCardSubtype,extElement,extClass,extMemoryCost,extLevel,extLife,extFlavorText,extPower,extDurability,extReserveCost,extSpeed
610738,Abyssal Heaven 1st Edition Booster Pack,Abyssal Heaven 1st Edition Booster Pack,https://tcgplayer-cdn.tcgplayer.com/product/610738_200w.jpg,74,24070,https://cpt.tcgcsv.com/NjV6,2025-03-07T05:10:20,1,5.0,5.0,5.0,4.66,,Normal,,,,,,,,,,,,,,,
610739,Abyssal Heaven 1st Edition Booster Box,Abyssal Heaven 1st Edition Booster Box,https://tcgplayer-cdn.tcgplayer.com/product/610739_200w.jpg,74,24070,https://cpt.tcgcsv.com/PjV6,2025-03-07T05:10:20,1,54.95,64.0,84.95,61.22,,Normal,,,,,,,,,,,,,,,
610740,Abyssal Heaven 1st Edition Booster Box Case,Abyssal Heaven 1st Edition Booster Box Case,https://tcgplayer-cdn.tcgplayer.com/product/610740_200w.jpg,74,24070,https://cpt.tcgcsv.com/QjV6,2025-03-07T05:10:20,1,355.0,399.16,499.64,374.83,,Normal,,,,,,,,,,,,,,,
622373,Spirit of Fortuitous Fire,Spirit of Fortuitous Fire,https://tcgplayer-cdn.tcgplayer.com/product/622373_200w.jpg,74,24070,https://cpt.tcgcsv.com/tZ-6,2025-03-07T05:10:20,1,1.46,9.42,20.0,1.73,,Normal,Super Rare,001,On Enter: Glimpse 7. Draw seven cards into your memory.,Champion,Spirit,Fire,Spirit,0,0,15,"<em>Suzaku, mythical Shenju of flames. Purge this land clear of torment and hate so that we may live again.</em>",,,,
622373,Spirit of Fortuitous Fire,Spirit of Fortuitous Fire,https://tcgplayer-cdn.tcgplayer.com/product/622373_200w.jpg,74,24070,https://cpt.tcgcsv.com/tZ-6,2025-03-07T05:10:20,1,14.99,29.74,70.0,26.06,,Foil,Super Rare,001,On Enter: Glimpse 7. Draw seven cards into your memory.,Champion,Spirit,Fire,Spirit,0,0,15,"<em>Suzaku, mythical Shenju of flames. Purge this land clear of torment and hate so that we may live again.</em>",,,,
622374,Spirit of Fortuitous Water,Spirit of Fortuitous Water,https://tcgplayer-cdn.tcgplayer.com/product/622374_200w.jpg,74,24070,https://cpt.tcgcsv.com/vZ-6,2025-03-07T05:10:20,1,0.84,3.0,30.0,1.8,,Normal,Super Rare,002,On Enter: Glimpse 7. Draw seven cards into your memory.,Champion,Spirit,Water,Spirit,0,0,15,"<em>Genbu, mythical Shenju of waves. Wash this land clean of strife and pain so that we may thrive again.</em>",,,,
622374,Spirit of Fortuitous Water,Spirit of Fortuitous Water,https://tcgplayer-cdn.tcgplayer.com/product/622374_200w.jpg,74,24070,https://cpt.tcgcsv.com/vZ-6,2025-03-07T05:10:20,1,14.99,16.99,49.99,18.24,,Foil,Super Rare,002,On Enter: Glimpse 7. Draw seven cards into your memory.,Champion,Spirit,Water,Spirit,0,0,15,"<em>Genbu, mythical Shenju of waves. Wash this land clean of strife and pain so that we may thrive again.</em>",,,,
622375,Spirit of Fortuitous Wind,Spirit of Fortuitous Wind,https://tcgplayer-cdn.tcgplayer.com/product/622375_200w.jpg,74,24070,https://cpt.tcgcsv.com/wZ-6,2025-03-07T05:10:20,1,0.25,4.0,20.0,1.68,,Normal,Super Rare,003,On Enter: Glimpse 7. Draw seven cards into your memory.,Champion,Spirit,Wind,Spirit,0,0,15,"<em>Byakko, mythical Shenju of winds. Wipe this land free of sin and corruption so that we may rise again.</em>",,,,
622375,Spirit of Fortuitous Wind,Spirit of Fortuitous Wind,https://tcgplayer-cdn.tcgplayer.com/product/622375_200w.jpg,74,24070,https://cpt.tcgcsv.com/wZ-6,2025-03-07T05:10:20,1,23.98,28.99,70.0,50.99,,Foil,Super Rare,003,On Enter: Glimpse 7. Draw seven cards into your memory.,Champion,Spirit,Wind,Spirit,0,0,15,"<em>Byakko, mythical Shenju of winds. Wipe this land free of sin and corruption so that we may rise again.</em>",,,,
622376,"Diao Chan, Enchantress",Diao Chan Enchantress,https://tcgplayer-cdn.tcgplayer.com/product/622376_200w.jpg,74,24070,https://cpt.tcgcsv.com/xZ-6,2025-03-07T05:10:20,1,0.07,0.18,1.39,0.13,,Normal,Common,004,"On Enter: Put two glimmer counters on Diao Chan.<br>
<br>
Inherited Effect — REST: Activate a Reaction Spell card from your memory. Pay its reserve cost only by removing that many glimmer counters from Diao Chan. Activate this ability only during an opponent's turn.",Champion,Cleric;Human,Norm,Cleric,1,1,19,,,,,
622376,"Diao Chan, Enchantress",Diao Chan Enchantress,https://tcgplayer-cdn.tcgplayer.com/product/622376_200w.jpg,74,24070,https://cpt.tcgcsv.com/xZ-6,2025-03-07T05:10:20,1,7.99,14.99,43.95,12.2,,Foil,Common,004,"On Enter: Put two glimmer counters on Diao Chan.<br>
<br>
Inherited Effect — REST: Activate a Reaction Spell card from your memory. Pay its reserve cost only by removing that many glimmer counters from Diao Chan. Activate this ability only during an opponent's turn.",Champion,Cleric;Human,Norm,Cleric,1,1,19,,,,,
622377,"Diao Chan, Dreaming Wish",Diao Chan Dreaming Wish,https://tcgplayer-cdn.tcgplayer.com/product/622377_200w.jpg,74,24070,https://cpt.tcgcsv.com/zZ-6,2025-03-07T05:10:20,1,0.07,0.15,1.38,0.12,,Normal,Common,005,"Diao Chan Lineage<br>
<br>
Inherited Effect — At the beginning of your end phase, if the amount of glimmer counters on Diao Chan is less than the amount of phantasias you control, put an amount of glimmer counters on Diao Chan equal to the difference.",Champion,Cleric;Human,Norm,Cleric,2,2,22,,,,,
622377,"Diao Chan, Dreaming Wish",Diao Chan Dreaming Wish,https://tcgplayer-cdn.tcgplayer.com/product/622377_200w.jpg,74,24070,https://cpt.tcgcsv.com/zZ-6,2025-03-07T05:10:20,1,3.99,14.12,44.99,11.26,,Foil,Common,005,"Diao Chan Lineage<br>
<br>
Inherited Effect — At the beginning of your end phase, if the amount of glimmer counters on Diao Chan is less than the amount of phantasias you control, put an amount of glimmer counters on Diao Chan equal to the difference.",Champion,Cleric;Human,Norm,Cleric,2,2,22,,,,,
622378,"Diao Chan, Idyll Corsage",Diao Chan Idyll Corsage,https://tcgplayer-cdn.tcgplayer.com/product/622378_200w.jpg,74,24070,https://cpt.tcgcsv.com/BZ-6,2025-03-07T05:10:20,1,0.05,0.15,1.37,0.11,,Normal,Common,006,"Diao Chan Lineage<br>
<br>
On Enter: Choose any amount of non-champion objects and put a wither counter on each of them.<br>
<br>
Whenever a non-token object an opponent controls is destroyed, you may banish it. If you do, that opponent summons a Flowerbud token.",Champion,Cleric;Human,Tera,Cleric,3,3,25,,,,,
622378,"Diao Chan, Idyll Corsage",Diao Chan Idyll Corsage,https://tcgplayer-cdn.tcgplayer.com/product/622378_200w.jpg,74,24070,https://cpt.tcgcsv.com/BZ-6,2025-03-07T05:10:20,1,10.0,14.0,50.0,17.73,,Foil,Common,006,"Diao Chan Lineage<br>
<br>
On Enter: Choose any amount of non-champion objects and put a wither counter on each of them.<br>
<br>
Whenever a non-token object an opponent controls is destroyed, you may banish it. If you do, that opponent summons a Flowerbud token.",Champion,Cleric;Human,Tera,Cleric,3,3,25,,,,,
622379,"Guo Jia, Chosen Disciple",Guo Jia Chosen Disciple,https://tcgplayer-cdn.tcgplayer.com/product/622379_200w.jpg,74,24070,https://cpt.tcgcsv.com/CZ-6,2025-03-07T05:10:20,1,0.07,0.15,1.38,0.12,,Normal,Common,007,"On Enter: If you don't control a Fatestone regalia, reveal all cards in your material deck. Then put a Fatestone regalia card with the lowest memory cost from among them onto the field.",Champion,Tamer;Human,Norm,Tamer,1,1,19,"<em>Despite what others may believe, the lily pad provides relief for many beneath its gentle shade, away from the sun's relentless blaze.</em>",,,,
622379,"Guo Jia, Chosen Disciple",Guo Jia Chosen Disciple,https://tcgplayer-cdn.tcgplayer.com/product/622379_200w.jpg,74,24070,https://cpt.tcgcsv.com/CZ-6,2025-03-07T05:10:20,1,18.01,22.95,45.01,29.9,,Foil,Common,007,"On Enter: If you don't control a Fatestone regalia, reveal all cards in your material deck. Then put a Fatestone regalia card with the lowest memory cost from among them onto the field.",Champion,Tamer;Human,Norm,Tamer,1,1,19,"<em>Despite what others may believe, the lily pad provides relief for many beneath its gentle shade, away from the sun's relentless blaze.</em>",,,,
622380,"Guo Jia, Blessed Scion",Guo Jia Blessed Scion,https://tcgplayer-cdn.tcgplayer.com/product/622380_200w.jpg,74,24070,https://cpt.tcgcsv.com/DZ-6,2025-03-07T05:10:20,1,0.04,0.15,1.38,0.12,,Normal,Common,008,"Guo Jia Lineage<br>
<br>
On Enter: You may put two quest counters on Guo Jia. If you don't, draw a card.<br>
<br>
Lineage Release — Negate target activation or trigger that targets a Fatestone or Fatebound object you control.",Champion,Tamer;Human,Norm,Tamer,2,2,22,,,,,
622380,"Guo Jia, Blessed Scion",Guo Jia Blessed Scion,https://tcgplayer-cdn.tcgplayer.com/product/622380_200w.jpg,74,24070,https://cpt.tcgcsv.com/DZ-6,2025-03-07T05:10:20,1,5.99,10.38,38.51,9.91,,Foil,Common,008,"Guo Jia Lineage<br>
<br>
On Enter: You may put two quest counters on Guo Jia. If you don't, draw a card.<br>
<br>
Lineage Release — Negate target activation or trigger that targets a Fatestone or Fatebound object you control.",Champion,Tamer;Human,Norm,Tamer,2,2,22,,,,,
622381,"Guo Jia, Heaven's Favored",Guo Jia Heavens Favored,https://tcgplayer-cdn.tcgplayer.com/product/622381_200w.jpg,74,24070,https://cpt.tcgcsv.com/FZ-6,2025-03-07T05:10:20,1,4.0,6.99,21.0,12.5,,Foil,Common,009,"As long as you control a Shenju ally, this card costs 3 less to materialize.<br>
<br>
Guo Jia Lineage<br>
<br>
On Enter: You may put three quest counters on Guo Jia. If you don't, recover 3.",Champion,Tamer;Human,Luxem,Tamer,3,3,25,,,,,
622381,"Guo Jia, Heaven's Favored",Guo Jia Heavens Favored,https://tcgplayer-cdn.tcgplayer.com/product/622381_200w.jpg,74,24070,https://cpt.tcgcsv.com/FZ-6,2025-03-07T05:10:20,1,0.07,0.16,1.38,0.13,,Normal,Common,009,"As long as you control a Shenju ally, this card costs 3 less to materialize.<br>
<br>
Guo Jia Lineage<br>
<br>
On Enter: You may put three quest counters on Guo Jia. If you don't, recover 3.",Champion,Tamer;Human,Luxem,Tamer,3,3,25,,,,,
622382,"Kongming, Erudite Strategist",Kongming Erudite Strategist,https://tcgplayer-cdn.tcgplayer.com/product/622382_200w.jpg,74,24070,https://cpt.tcgcsv.com/GZ-6,2025-03-07T05:10:20,1,10.0,15.99,40.0,16.65,,Foil,Super Rare,010,"Kongming Lineage<br>
<br>
On Enter: Banish the top card of your deck. Until the beginning of your next turn, you may play it as long as your Shifting Currents face North. Repeat this process for East, South, and West.",Champion,Mage;Human,Norm,Mage,2,2,22,,,,,
622382,"Kongming, Erudite Strategist",Kongming Erudite Strategist,https://tcgplayer-cdn.tcgplayer.com/product/622382_200w.jpg,74,24070,https://cpt.tcgcsv.com/GZ-6,2025-03-07T05:10:20,1,0.31,1.0,10.0,0.97,,Normal,Super Rare,010,"Kongming Lineage<br>
<br>
On Enter: Banish the top card of your deck. Until the beginning of your next turn, you may play it as long as your Shifting Currents face North. Repeat this process for East, South, and West.",Champion,Mage;Human,Norm,Mage,2,2,22,,,,,
622383,Censer of Restful Peace,Censer of Restful Peace,https://tcgplayer-cdn.tcgplayer.com/product/622383_200w.jpg,74,24070,https://cpt.tcgcsv.com/HZ-6,2025-03-07T05:10:20,1,33.0,34.99,40.0,37.96,,Foil,Rare,012,Cards in graveyards lose all abilities.,Regalia;Item,Cleric;Accessory,Norm,Cleric,0,,,"<em>Restless souls roam mortal soil, let the Shenju's breath cease their toil.</em>",,,,
622383,Censer of Restful Peace,Censer of Restful Peace,https://tcgplayer-cdn.tcgplayer.com/product/622383_200w.jpg,74,24070,https://cpt.tcgcsv.com/HZ-6,2025-03-07T05:10:20,1,2.39,3.31,9.99,3.18,,Normal,Rare,012,Cards in graveyards lose all abilities.,Regalia;Item,Cleric;Accessory,Norm,Cleric,0,,,"<em>Restless souls roam mortal soil, let the Shenju's breath cease their toil.</em>",,,,
622384,Forged Scalemail,Forged Scalemail,https://tcgplayer-cdn.tcgplayer.com/product/622384_200w.jpg,74,24070,https://cpt.tcgcsv.com/JZ-6,2025-03-07T05:10:20,1,0.16,0.3,1.54,0.3,,Normal,Uncommon,013,"Unit Link <em>(This object enters the field linked to target unit. If the link is broken, sacrifice this object.)</em><br>
If damage would be dealt to linked unit, you may banish Forged Scalemail. If you do, prevent 2 of that damage and draw a card.",Regalia;Item,Warrior;Armor,Norm,Warrior,1,,,,,,,
622384,Forged Scalemail,Forged Scalemail,https://tcgplayer-cdn.tcgplayer.com/product/622384_200w.jpg,74,24070,https://cpt.tcgcsv.com/JZ-6,2025-03-07T05:10:20,1,0.39,2.84,9.15,0.5,,Foil,Uncommon,013,"Unit Link <em>(This object enters the field linked to target unit. If the link is broken, sacrifice this object.)</em><br>
If damage would be dealt to linked unit, you may banish Forged Scalemail. If you do, prevent 2 of that damage and draw a card.",Regalia;Item,Warrior;Armor,Norm,Warrior,1,,,,,,,
622385,Nullifying Mirror,Nullifying Mirror,https://tcgplayer-cdn.tcgplayer.com/product/622385_200w.jpg,74,24070,https://cpt.tcgcsv.com/KZ-6,2025-03-07T05:10:20,1,3.3,4.77,13.5,3.78,,Normal,Rare,015,"REST: Until end of turn, cards in target opponent's memory are norm element. <em>(They are not any other element.)</em>",Regalia;Item,Cleric;Accessory,Norm,Cleric,0,,,"<em>A mirror made of bronze, meticulously polished to cleanse and unveil malignant forces. All are equal within its reflections.</em>",,,,
622385,Nullifying Mirror,Nullifying Mirror,https://tcgplayer-cdn.tcgplayer.com/product/622385_200w.jpg,74,24070,https://cpt.tcgcsv.com/KZ-6,2025-03-07T05:10:20,1,24.99,28.75,90.0,47.3,,Foil,Rare,015,"REST: Until end of turn, cards in target opponent's memory are norm element. <em>(They are not any other element.)</em>",Regalia;Item,Cleric;Accessory,Norm,Cleric,0,,,"<em>A mirror made of bronze, meticulously polished to cleanse and unveil malignant forces. All are equal within its reflections.</em>",,,,
622386,Protective Helm,Protective Helm,https://tcgplayer-cdn.tcgplayer.com/product/622386_200w.jpg,74,24070,https://cpt.tcgcsv.com/LZ-6,2025-03-07T05:10:20,1,0.15,0.24,1.49,0.27,,Normal,Uncommon,016,"Unit Link <em>(This object enters the field linked to target unit. If the link is broken, sacrifice this object.)</em><br>
If damage would be dealt to linked unit from a distant source, prevent 1 of that damage.",Regalia;Item,Warrior;Accessory,Norm,Warrior,0,,,,,,,
622386,Protective Helm,Protective Helm,https://tcgplayer-cdn.tcgplayer.com/product/622386_200w.jpg,74,24070,https://cpt.tcgcsv.com/LZ-6,2025-03-07T05:10:20,1,0.69,1.4,9.99,1.73,,Foil,Uncommon,016,"Unit Link <em>(This object enters the field linked to target unit. If the link is broken, sacrifice this object.)</em><br>
If damage would be dealt to linked unit from a distant source, prevent 1 of that damage.",Regalia;Item,Warrior;Accessory,Norm,Warrior,0,,,,,,,
622387,Sword Saint's Vow,Sword Saints Vow,https://tcgplayer-cdn.tcgplayer.com/product/622387_200w.jpg,74,24070,https://cpt.tcgcsv.com/MZ-6,2025-03-07T05:10:20,1,0.2,0.41,3.0,0.4,,Normal,Rare,017,"[Class Bonus] Sword Saint's Vow gets +1 POWER for each durability counter on it.<br>
[Class Bonus] Whenever you activate a Craft action card, put two durability counters on Sword Saint's Vow.<br>
On Hit: Remove a durability counter from Sword Saint's Vow.",Regalia;Weapon,Warrior;Sword,Norm,Warrior,1,,,,0,1,,
622387,Sword Saint's Vow,Sword Saints Vow,https://tcgplayer-cdn.tcgplayer.com/product/622387_200w.jpg,74,24070,https://cpt.tcgcsv.com/MZ-6,2025-03-07T05:10:20,1,5.0,6.49,12.0,7.71,,Foil,Rare,017,"[Class Bonus] Sword Saint's Vow gets +1 POWER for each durability counter on it.<br>
[Class Bonus] Whenever you activate a Craft action card, put two durability counters on Sword Saint's Vow.<br>
On Hit: Remove a durability counter from Sword Saint's Vow.",Regalia;Weapon,Warrior;Sword,Norm,Warrior,1,,,,0,1,,
622388,Tabula of Salvage,Tabula of Salvage,https://tcgplayer-cdn.tcgplayer.com/product/622388_200w.jpg,74,24070,https://cpt.tcgcsv.com/NZ-6,2025-03-07T05:10:20,1,0.18,1.38,12.25,0.36,,Normal,Rare,018,Banish Tabula of Salvage: Choose up to five cards from your graveyard and put them on the bottom of your deck in any order.,Regalia;Item,Cleric;Accessory,Norm,Cleric,0,,,"<em>Waste not, want not.</em>",,,,
622388,Tabula of Salvage,Tabula of Salvage,https://tcgplayer-cdn.tcgplayer.com/product/622388_200w.jpg,74,24070,https://cpt.tcgcsv.com/NZ-6,2025-03-07T05:10:20,1,1.3,8.99,13.94,8.65,,Foil,Rare,018,Banish Tabula of Salvage: Choose up to five cards from your graveyard and put them on the bottom of your deck in any order.,Regalia;Item,Cleric;Accessory,Norm,Cleric,0,,,"<em>Waste not, want not.</em>",,,,
622389,Sigil of Budding Embers,Sigil of Budding Embers,https://tcgplayer-cdn.tcgplayer.com/product/622389_200w.jpg,74,24070,https://cpt.tcgcsv.com/PZ-6,2025-03-07T05:10:20,1,1.97,2.44,13.49,3.21,,Foil,Rare,020,"Hindered <em>(This object enters the field rested.)</em><br>
<br>
[Diao Chan Bonus] REST, Remove X glimmer counters from your champion, Banish Sigil of Budding Embers: As a Spell, deal X damage to target champion.",Regalia;Item,Cleric;Bauble,Fire,Cleric,0,,,,,,,
622389,Sigil of Budding Embers,Sigil of Budding Embers,https://tcgplayer-cdn.tcgplayer.com/product/622389_200w.jpg,74,24070,https://cpt.tcgcsv.com/PZ-6,2025-03-07T05:10:20,1,0.17,0.34,2.5,0.31,,Normal,Rare,020,"Hindered <em>(This object enters the field rested.)</em><br>
<br>
[Diao Chan Bonus] REST, Remove X glimmer counters from your champion, Banish Sigil of Budding Embers: As a Spell, deal X damage to target champion.",Regalia;Item,Cleric;Bauble,Fire,Cleric,0,,,,,,,
622390,Frostbitten Etui,Frostbitten Etui,https://tcgplayer-cdn.tcgplayer.com/product/622390_200w.jpg,74,24070,https://cpt.tcgcsv.com/QZ-6,2025-03-07T05:10:20,1,1.55,11.0,29.99,,,Foil,Super Rare,022,[Level 2+] Banish Frostbitten Etui: Negate all on enter triggers from target ally you don't control unless its controller pays (3).,Regalia;Item,Cleric;Bauble,Water,Cleric,0,,,"<em>It is said that Cao Cao's lucky charm, that brought countless victories, was stored in this frozen box.</em>",,,,
622390,Frostbitten Etui,Frostbitten Etui,https://tcgplayer-cdn.tcgplayer.com/product/622390_200w.jpg,74,24070,https://cpt.tcgcsv.com/QZ-6,2025-03-07T05:10:20,1,0.25,1.0,23.25,0.46,,Normal,Super Rare,022,[Level 2+] Banish Frostbitten Etui: Negate all on enter triggers from target ally you don't control unless its controller pays (3).,Regalia;Item,Cleric;Bauble,Water,Cleric,0,,,"<em>It is said that Cao Cao's lucky charm, that brought countless victories, was stored in this frozen box.</em>",,,,
622391,Tidefate Brooch,Tidefate Brooch,https://tcgplayer-cdn.tcgplayer.com/product/622391_200w.jpg,74,24070,https://cpt.tcgcsv.com/RZ-6,2025-03-07T05:10:20,1,0.23,0.94,3.7,1.55,,Normal,Rare,023,"At the beginning of your end phase, put X refinement counters on Tidefate Brooch, where X is the amount of Fatestone and/or Fatebound objects you control.<br>
(3), Banish Tidefate Brooch: Put the top ten cards of your deck into your graveyard. Activate this ability only if there are ten or more refinement counters on Tidefate Brooch.",Regalia;Item,Tamer;Accessory,Water,Tamer,0,,,,,,,
622391,Tidefate Brooch,Tidefate Brooch,https://tcgplayer-cdn.tcgplayer.com/product/622391_200w.jpg,74,24070,https://cpt.tcgcsv.com/RZ-6,2025-03-07T05:10:20,1,0.38,2.0,14.99,4.25,,Foil,Rare,023,"At the beginning of your end phase, put X refinement counters on Tidefate Brooch, where X is the amount of Fatestone and/or Fatebound objects you control.<br>
(3), Banish Tidefate Brooch: Put the top ten cards of your deck into your graveyard. Activate this ability only if there are ten or more refinement counters on Tidefate Brooch.",Regalia;Item,Tamer;Accessory,Water,Tamer,0,,,,,,,
622392,Bell of the Chosen,Bell of the Chosen,https://tcgplayer-cdn.tcgplayer.com/product/622392_200w.jpg,74,24070,https://cpt.tcgcsv.com/SZ-6,2025-03-07T05:10:20,1,3.79,3.99,10.0,9.18,,Foil,Rare,024,"On Enter: Put a quest counter on your champion. If Bell of the Chosen entered from a banishment, glimpse 2. <em>(To glimpse, look at that many cards from the top of your deck. Put those cards back on the top or on the bottom of your deck in any order.)</em>",Regalia;Item,Tamer;Accessory,Wind,Tamer,0,,,,,,,
622392,Bell of the Chosen,Bell of the Chosen,https://tcgplayer-cdn.tcgplayer.com/product/622392_200w.jpg,74,24070,https://cpt.tcgcsv.com/SZ-6,2025-03-07T05:10:20,1,0.18,1.4,4.99,1.35,,Normal,Rare,024,"On Enter: Put a quest counter on your champion. If Bell of the Chosen entered from a banishment, glimpse 2. <em>(To glimpse, look at that many cards from the top of your deck. Put those cards back on the top or on the bottom of your deck in any order.)</em>",Regalia;Item,Tamer;Accessory,Wind,Tamer,0,,,,,,,
622393,Windspire Crest,Windspire Crest,https://tcgplayer-cdn.tcgplayer.com/product/622393_200w.jpg,74,24070,https://cpt.tcgcsv.com/TZ-6,2025-03-07T05:10:20,1,0.62,1.9,19.99,1.9,,Normal,Super Rare,026,"[Diao Chan Bonus] (2), [REST], Remove two glimmer counters from your champion: Put a buff counter on an ally you control.<br>
(4), Banish Windspire Crest: Draw a card.",Regalia;Item,Cleric;Accessory,Wind,Cleric,0,,,,,,,
622393,Windspire Crest,Windspire Crest,https://tcgplayer-cdn.tcgplayer.com/product/622393_200w.jpg,74,24070,https://cpt.tcgcsv.com/TZ-6,2025-03-07T05:10:20,1,22.08,23.87,45.0,29.84,,Foil,Super Rare,026,"[Diao Chan Bonus] (2), [REST], Remove two glimmer counters from your champion: Put a buff counter on an ally you control.<br>
(4), Banish Windspire Crest: Draw a card.",Regalia;Item,Cleric;Accessory,Wind,Cleric,0,,,,,,,
622394,Enthralling Chime,Enthralling Chime,https://tcgplayer-cdn.tcgplayer.com/product/622394_200w.jpg,74,24070,https://cpt.tcgcsv.com/VZ-6,2025-03-07T05:10:20,1,2.91,9.0,19.99,11.41,,Foil,Super Rare,028,"[Diao Chan Bonus] (3), Banish Enthralling Chime: As a Spell, gain control of target ally with three or more wither counters on it.",Regalia;Item,Cleric;Accessory,Tera,Cleric,1,,,<em>Let nature take control.</em>,,,,
622394,Enthralling Chime,Enthralling Chime,https://tcgplayer-cdn.tcgplayer.com/product/622394_200w.jpg,74,24070,https://cpt.tcgcsv.com/VZ-6,2025-03-07T05:10:20,1,0.19,0.67,11.7,0.64,,Normal,Super Rare,028,"[Diao Chan Bonus] (3), Banish Enthralling Chime: As a Spell, gain control of target ally with three or more wither counters on it.",Regalia;Item,Cleric;Accessory,Tera,Cleric,1,,,<em>Let nature take control.</em>,,,,
622395,Ameliorating Mantra,Ameliorating Mantra,https://tcgplayer-cdn.tcgplayer.com/product/622395_200w.jpg,74,24070,https://cpt.tcgcsv.com/WZ-6,2025-03-07T05:10:20,1,0.5,0.77,7.09,0.66,,Foil,Common,030,"Remove two wither counters from each of up to two target objects.<br>
<br>
Floating Memory <em>(While paying for a memory cost, you may banish this card from your graveyard to pay for 1 of that cost.)</em>",Action,Cleric;Spell;Reaction,Norm,Cleric,,,,,,,2,Fast
622395,Ameliorating Mantra,Ameliorating Mantra,https://tcgplayer-cdn.tcgplayer.com/product/622395_200w.jpg,74,24070,https://cpt.tcgcsv.com/WZ-6,2025-03-07T05:10:20,1,0.05,0.18,1.39,0.13,,Normal,Common,030,"Remove two wither counters from each of up to two target objects.<br>
<br>
Floating Memory <em>(While paying for a memory cost, you may banish this card from your graveyard to pay for 1 of that cost.)</em>",Action,Cleric;Spell;Reaction,Norm,Cleric,,,,,,,2,Fast
622396,Annul Spell,Annul Spell,https://tcgplayer-cdn.tcgplayer.com/product/622396_200w.jpg,74,24070,https://cpt.tcgcsv.com/XZ-6,2025-03-07T05:10:20,1,0.15,0.25,1.56,0.19,,Normal,Uncommon,031,"[Level 2+] This card costs 1 less to activate. <em>(Apply this effect only if your champion's level is 2 or higher.)</em><br>
<br>
Negate target Spell card activation unless its controller pays (3).",Action,Cleric;Spell;Reaction,Norm,Cleric,,,,,,,3,Fast
622396,Annul Spell,Annul Spell,https://tcgplayer-cdn.tcgplayer.com/product/622396_200w.jpg,74,24070,https://cpt.tcgcsv.com/XZ-6,2025-03-07T05:10:20,1,4.0,7.84,8.0,7.84,,Foil,Uncommon,031,"[Level 2+] This card costs 1 less to activate. <em>(Apply this effect only if your champion's level is 2 or higher.)</em><br>
<br>
Negate target Spell card activation unless its controller pays (3).",Action,Cleric;Spell;Reaction,Norm,Cleric,,,,,,,3,Fast
622397,Aphotic Ruin,Aphotic Ruin,https://tcgplayer-cdn.tcgplayer.com/product/622397_200w.jpg,74,24070,https://cpt.tcgcsv.com/ZZ-6,2025-03-07T05:10:20,1,0.05,0.16,1.39,0.12,,Normal,Common,032,"[Diao Chan Bonus] Efficiency<br>
Put four wither counters on target non-champion object. <em>(At the beginning of a player's main phase, if they control one or more objects with wither counters on them, for each of those objects, they sacrifice it unless they pay (1) for each wither counter on it, then remove wither counters.)</em>",Action,Cleric;Spell,Norm,Cleric,,,,,,,6,Slow
622397,Aphotic Ruin,Aphotic Ruin,https://tcgplayer-cdn.tcgplayer.com/product/622397_200w.jpg,74,24070,https://cpt.tcgcsv.com/ZZ-6,2025-03-07T05:10:20,1,0.2,1.0,5.0,0.99,,Foil,Common,032,"[Diao Chan Bonus] Efficiency<br>
Put four wither counters on target non-champion object. <em>(At the beginning of a player's main phase, if they control one or more objects with wither counters on them, for each of those objects, they sacrifice it unless they pay (1) for each wither counter on it, then remove wither counters.)</em>",Action,Cleric;Spell,Norm,Cleric,,,,,,,6,Slow
622398,Auspicious Feast,Auspicious Feast,https://tcgplayer-cdn.tcgplayer.com/product/622398_200w.jpg,74,24070,https://cpt.tcgcsv.com/-Z-6,2025-03-07T05:10:20,1,0.08,0.18,1.39,0.13,,Normal,Common,033,Each player recovers 4.,Action,Cleric;Skill,Norm,Cleric,,,,<em>A meal is most delicious when enjoyed in good company.</em>,,,1,Slow
622398,Auspicious Feast,Auspicious Feast,https://tcgplayer-cdn.tcgplayer.com/product/622398_200w.jpg,74,24070,https://cpt.tcgcsv.com/-Z-6,2025-03-07T05:10:20,1,0.68,0.98,5.0,1.18,,Foil,Common,033,Each player recovers 4.,Action,Cleric;Skill,Norm,Cleric,,,,<em>A meal is most delicious when enjoyed in good company.</em>,,,1,Slow
622399,Brackish Lutist,Brackish Lutist,https://tcgplayer-cdn.tcgplayer.com/product/622399_200w.jpg,74,24070,https://cpt.tcgcsv.com/_Z-6,2025-03-07T05:10:20,1,8.92,8.99,10.78,10.59,,Foil,Rare,034,"If a card with floating memory would be put into a player's graveyard, that player banishes it instead.",Ally,Tamer;Human;Melody,Norm,Tamer,,,3,"<em>""Allow this song to free you of your burdens,
At ease like a goldfish in the gentle pond,
Unaware of the beast beneath its depths.""</em>",1,,3,
622399,Brackish Lutist,Brackish Lutist,https://tcgplayer-cdn.tcgplayer.com/product/622399_200w.jpg,74,24070,https://cpt.tcgcsv.com/_Z-6,2025-03-07T05:10:20,1,0.49,0.76,5.0,0.56,,Normal,Rare,034,"If a card with floating memory would be put into a player's graveyard, that player banishes it instead.",Ally,Tamer;Human;Melody,Norm,Tamer,,,3,"<em>""Allow this song to free you of your burdens,
At ease like a goldfish in the gentle pond,
Unaware of the beast beneath its depths.""</em>",1,,3,
622400,Break Apart,Break Apart,https://tcgplayer-cdn.tcgplayer.com/product/622400_200w.jpg,74,24070,https://cpt.tcgcsv.com/0--6,2025-03-07T05:10:20,1,0.49,0.9,7.88,0.9,,Foil,Common,035,"This card costs 2 more to activate if it targets a regalia.<br>
<br>
Destroy target item or weapon.",Action,Mage;Spell,Norm,Mage,,,,<em>Let me help you tidy up!</em>,,,3,Slow
622400,Break Apart,Break Apart,https://tcgplayer-cdn.tcgplayer.com/product/622400_200w.jpg,74,24070,https://cpt.tcgcsv.com/0--6,2025-03-07T05:10:20,1,0.08,0.18,1.39,0.14,,Normal,Common,035,"This card costs 2 more to activate if it targets a regalia.<br>
<br>
Destroy target item or weapon.",Action,Mage;Spell,Norm,Mage,,,,<em>Let me help you tidy up!</em>,,,3,Slow
622401,Caretaker Horse,Caretaker Horse,https://tcgplayer-cdn.tcgplayer.com/product/622401_200w.jpg,74,24070,https://cpt.tcgcsv.com/2--6,2025-03-07T05:10:20,1,0.14,0.22,3.0,0.22,,Normal,Uncommon,036,[Class Bonus] On Enter: Another target ally you control becomes fostered. <em>(Apply this effect only if your champion's class matches this card's class.)</em>,Ally,Guardian;Tamer;Animal;Horse,Norm,Guardian;Tamer,,,1,<em>They say that animals will often mirror the humans they are bonded to.</em>,1,,2,
622401,Caretaker Horse,Caretaker Horse,https://tcgplayer-cdn.tcgplayer.com/product/622401_200w.jpg,74,24070,https://cpt.tcgcsv.com/2--6,2025-03-07T05:10:20,1,1.41,2.78,5.0,2.99,,Foil,Uncommon,036,[Class Bonus] On Enter: Another target ally you control becomes fostered. <em>(Apply this effect only if your champion's class matches this card's class.)</em>,Ally,Guardian;Tamer;Animal;Horse,Norm,Guardian;Tamer,,,1,<em>They say that animals will often mirror the humans they are bonded to.</em>,1,,2,
622402,"Changban, Heroic Impasse",Changban Heroic Impasse,https://tcgplayer-cdn.tcgplayer.com/product/622402_200w.jpg,74,24070,https://cpt.tcgcsv.com/3--6,2025-03-07T05:10:20,1,0.13,0.25,2.99,0.21,,Normal,Rare,037,"On Enter: Put a buff counter on a unique ally you control.<br>
<br>
Allies you control with one or more buff counters on them have ambush.<br>
<br>
Upkeep — At the beginning of your recollection phase, if you don't control a unique ally, sacrifice Changban.",Unique;Domain,Ranger;Crossroads,Norm,Ranger,,,,,,,3,
622402,"Changban, Heroic Impasse",Changban Heroic Impasse,https://tcgplayer-cdn.tcgplayer.com/product/622402_200w.jpg,74,24070,https://cpt.tcgcsv.com/3--6,2025-03-07T05:10:20,1,3.47,3.92,12.88,7.41,,Foil,Rare,037,"On Enter: Put a buff counter on a unique ally you control.<br>
<br>
Allies you control with one or more buff counters on them have ambush.<br>
<br>
Upkeep — At the beginning of your recollection phase, if you don't control a unique ally, sacrifice Changban.",Unique;Domain,Ranger;Crossroads,Norm,Ranger,,,,,,,3,
622403,"Chibi, Battle of Red Cliffs",Chibi Battle of Red Cliffs,https://tcgplayer-cdn.tcgplayer.com/product/622403_200w.jpg,74,24070,https://cpt.tcgcsv.com/5--6,2025-03-07T05:10:20,1,2.37,2.49,6.0,3.21,,Foil,Rare,038,Players can't declare attacks with allies unless they pay (1) for each attack declaration.,Unique;Domain,Mage;River,Norm,Mage,,,,"<em>With her vast army, Cao Cao could not have foreseen the alliance of Sun Quan, Liu Bei, and Kongming, nor the momentous outcome this battle would bring.</em>",,,3,
622403,"Chibi, Battle of Red Cliffs",Chibi Battle of Red Cliffs,https://tcgplayer-cdn.tcgplayer.com/product/622403_200w.jpg,74,24070,https://cpt.tcgcsv.com/5--6,2025-03-07T05:10:20,1,0.14,0.7,2.89,0.5,,Normal,Rare,038,Players can't declare attacks with allies unless they pay (1) for each attack declaration.,Unique;Domain,Mage;River,Norm,Mage,,,,"<em>With her vast army, Cao Cao could not have foreseen the alliance of Sun Quan, Liu Bei, and Kongming, nor the momentous outcome this battle would bring.</em>",,,3,
622404,Clash of Fates,Clash of Fates,https://tcgplayer-cdn.tcgplayer.com/product/622404_200w.jpg,74,24070,https://cpt.tcgcsv.com/6--6,2025-03-07T05:10:20,1,0.19,0.78,2.85,0.64,,Normal,Rare,039,"[Guo Jia Bonus] You may remove a quest counter from your champion rather than pay this card's reserve cost.<br>
<br>
Put a quest counter on target Fatestone or Fatebound object. If that object is a Shenju ally, it gains vigor until end of turn.",Action,Tamer;Skill,Norm,Tamer,,,,,,,2,Slow
622404,Clash of Fates,Clash of Fates,https://tcgplayer-cdn.tcgplayer.com/product/622404_200w.jpg,74,24070,https://cpt.tcgcsv.com/6--6,2025-03-07T05:10:20,1,1.94,7.99,17.99,9.73,,Foil,Rare,039,"[Guo Jia Bonus] You may remove a quest counter from your champion rather than pay this card's reserve cost.<br>
<br>
Put a quest counter on target Fatestone or Fatebound object. If that object is a Shenju ally, it gains vigor until end of turn.",Action,Tamer;Skill,Norm,Tamer,,,,,,,2,Slow
622405,Clear Pastures,Clear Pastures,https://tcgplayer-cdn.tcgplayer.com/product/622405_200w.jpg,74,24070,https://cpt.tcgcsv.com/7--6,2025-03-07T05:10:20,1,0.47,1.19,5.0,1.33,,Foil,Common,040,"Equestrian — If you control a Horse ally, glimpse 3. <em>(To glimpse, look at that many cards from the top of your deck. Put those cards back on the top or on the bottom of your deck in any order.)</em><br>
<br>
Draw a card into your memory.",Action,Tamer;Skill,Norm,Tamer,,,,,,,1,Slow
622405,Clear Pastures,Clear Pastures,https://tcgplayer-cdn.tcgplayer.com/product/622405_200w.jpg,74,24070,https://cpt.tcgcsv.com/7--6,2025-03-07T05:10:20,1,0.06,0.17,1.37,0.09,,Normal,Common,040,"Equestrian — If you control a Horse ally, glimpse 3. <em>(To glimpse, look at that many cards from the top of your deck. Put those cards back on the top or on the bottom of your deck in any order.)</em><br>
<br>
Draw a card into your memory.",Action,Tamer;Skill,Norm,Tamer,,,,,,,1,Slow
622406,Coronation Ceremony,Coronation Ceremony,https://tcgplayer-cdn.tcgplayer.com/product/622406_200w.jpg,74,24070,https://cpt.tcgcsv.com/8--6,2025-03-07T05:10:20,1,0.07,0.18,1.46,0.16,,Normal,Uncommon,041,"This card costs 2 less to activate if it targets a unique ally.<br>
<br>
Target unit gains spellshroud until end of turn. <em>(Objects with spellshroud can't be targeted by Spells.)</em>",Action,Cleric;Spell;Reaction,Norm,Cleric,,,,,,,3,Fast
622406,Coronation Ceremony,Coronation Ceremony,https://tcgplayer-cdn.tcgplayer.com/product/622406_200w.jpg,74,24070,https://cpt.tcgcsv.com/8--6,2025-03-07T05:10:20,1,1.89,1.99,5.0,2.96,,Foil,Uncommon,041,"This card costs 2 less to activate if it targets a unique ally.<br>
<br>
Target unit gains spellshroud until end of turn. <em>(Objects with spellshroud can't be targeted by Spells.)</em>",Action,Cleric;Spell;Reaction,Norm,Cleric,,,,,,,3,Fast
622407,Crystallized Destiny,Crystallized Destiny,https://tcgplayer-cdn.tcgplayer.com/product/622407_200w.jpg,74,24070,https://cpt.tcgcsv.com/9--6,2025-03-07T05:10:20,1,17.99,19.0,19.95,21.04,,Foil,Rare,042,"As long as you control two or more Fatestone and/or Fatebound objects, this card costs 2 less to activate.<br>
<br>
The next time damage would be dealt to your champion this turn, prevent that damage. When 7 or more damage is prevented this way, cards your opponents activate this turn cost (2) more to activate.",Action,Cleric;Tamer;Spell;Reaction,Norm,Cleric;Tamer,,,,,,,3,Fast
622407,Crystallized Destiny,Crystallized Destiny,https://tcgplayer-cdn.tcgplayer.com/product/622407_200w.jpg,74,24070,https://cpt.tcgcsv.com/9--6,2025-03-07T05:10:20,1,1.45,2.36,3.5,2.37,,Normal,Rare,042,"As long as you control two or more Fatestone and/or Fatebound objects, this card costs 2 less to activate.<br>
<br>
The next time damage would be dealt to your champion this turn, prevent that damage. When 7 or more damage is prevented this way, cards your opponents activate this turn cost (2) more to activate.",Action,Cleric;Tamer;Spell;Reaction,Norm,Cleric;Tamer,,,,,,,3,Fast
622408,Disenchant,Disenchant,https://tcgplayer-cdn.tcgplayer.com/product/622408_200w.jpg,74,24070,https://cpt.tcgcsv.com/b--6,2025-03-07T05:10:20,1,2.98,3.5,14.0,3.5,,Foil,Common,043,Destroy target phantasia.,Action,Cleric;Spell,Norm,Cleric,,,,<em>Magic can be as strong as the most hardened iron or as fleeting as a dandelion in a breeze.</em>,,,2,Slow
622408,Disenchant,Disenchant,https://tcgplayer-cdn.tcgplayer.com/product/622408_200w.jpg,74,24070,https://cpt.tcgcsv.com/b--6,2025-03-07T05:10:20,1,0.08,0.18,1.39,0.13,,Normal,Common,043,Destroy target phantasia.,Action,Cleric;Spell,Norm,Cleric,,,,<em>Magic can be as strong as the most hardened iron or as fleeting as a dandelion in a breeze.</em>,,,2,Slow
622409,Empowering Enlightenment,Empowering Enlightenment,https://tcgplayer-cdn.tcgplayer.com/product/622409_200w.jpg,74,24070,https://cpt.tcgcsv.com/c--6,2025-03-07T05:10:20,1,0.07,0.17,1.39,0.14,,Normal,Common,044,Empower 2. Put an enlighten counter on your champion. <em>(The next Spell card you activate this turn activates and resolves as if your champion got +2 level. You may remove three enlighten counters from your champion to draw a card.)</em>,Action,Mage;Spell,Norm,Mage,,,,<em>None have reached enlightenment by sitting idly by.</em>,,,2,Fast
622409,Empowering Enlightenment,Empowering Enlightenment,https://tcgplayer-cdn.tcgplayer.com/product/622409_200w.jpg,74,24070,https://cpt.tcgcsv.com/c--6,2025-03-07T05:10:20,1,0.22,1.14,3.0,1.52,,Foil,Common,044,Empower 2. Put an enlighten counter on your champion. <em>(The next Spell card you activate this turn activates and resolves as if your champion got +2 level. You may remove three enlighten counters from your champion to draw a card.)</em>,Action,Mage;Spell,Norm,Mage,,,,<em>None have reached enlightenment by sitting idly by.</em>,,,2,Fast
622410,Fatestone of Balance // Woodland Shoats,Fatestone of Balance Woodland Shoats,https://tcgplayer-cdn.tcgplayer.com/product/622410_200w.jpg,74,24070,https://cpt.tcgcsv.com/d--6,2025-03-07T05:10:20,2,0.14,0.29,3.0,0.31,,Normal,Uncommon,045,"[Guo Jia Bonus] Whenever an opponent activates a card, if that opponent has exactly three cards in their memory, transform Fatestone of Balance. <em>(Apply this effect only if your champion is Guo Jia.)</em> <br> <br><strong>Woodland Stoats</strong> <br>Steadfast <em>(This ally can retaliate while rested and doesn't rest to do so.)</em>",Ally;Item,Beast;Boar;Tamer;Fatebound;Fatestone,Norm,Tamer,,,3,"<em>Deep within the northernmost forests of Hanbei, these young boars roam in packs, seeking both safety in numbers and the shared warmth of their kin.</em>",3,,2,
622410,Fatestone of Balance // Woodland Shoats,Fatestone of Balance Woodland Shoats,https://tcgplayer-cdn.tcgplayer.com/product/622410_200w.jpg,74,24070,https://cpt.tcgcsv.com/d--6,2025-03-07T05:10:20,2,0.48,1.39,5.0,4.0,,Foil,Uncommon,045,"[Guo Jia Bonus] Whenever an opponent activates a card, if that opponent has exactly three cards in their memory, transform Fatestone of Balance. <em>(Apply this effect only if your champion is Guo Jia.)</em> <br> <br><strong>Woodland Stoats</strong> <br>Steadfast <em>(This ally can retaliate while rested and doesn't rest to do so.)</em>",Ally;Item,Beast;Boar;Tamer;Fatebound;Fatestone,Norm,Tamer,,,3,"<em>Deep within the northernmost forests of Hanbei, these young boars roam in packs, seeking both safety in numbers and the shared warmth of their kin.</em>",3,,2,
622411,Fatestone of Progress // Airborne Squirrel,Fatestone of Progress Airborne Squirrel,https://tcgplayer-cdn.tcgplayer.com/product/622411_200w.jpg,74,24070,https://cpt.tcgcsv.com/f--6,2025-03-07T05:10:20,2,0.65,1.97,8.0,7.87,,Foil,Uncommon,046,"[Guo Jia Bonus] On Enter: Put a quest counter on your champion. <em>(Apply this effect only if your champion is Guo Jia.)</em><br>
<br>
[Guo Jia Bonus] (4): Transform Fatestone of Progress. <em>(Activate this ability only if your champion is Guo Jia.)</em>",Ally;Item,Beast;Squirrel;Tamer;Fatebound;Fatestone,Norm,Tamer,,,,"<em>The skies offer this mammal freedom.
With freedom comes determination, and
with determination comes ambition.</em>",,,3,
622411,Fatestone of Progress // Airborne Squirrel,Fatestone of Progress Airborne Squirrel,https://tcgplayer-cdn.tcgplayer.com/product/622411_200w.jpg,74,24070,https://cpt.tcgcsv.com/f--6,2025-03-07T05:10:20,2,0.16,0.26,1.59,0.26,,Normal,Uncommon,046,"[Guo Jia Bonus] On Enter: Put a quest counter on your champion. <em>(Apply this effect only if your champion is Guo Jia.)</em><br>
<br>
[Guo Jia Bonus] (4): Transform Fatestone of Progress. <em>(Activate this ability only if your champion is Guo Jia.)</em>",Ally;Item,Beast;Squirrel;Tamer;Fatebound;Fatestone,Norm,Tamer,,,,"<em>The skies offer this mammal freedom.
With freedom comes determination, and
with determination comes ambition.</em>",,,3,
622412,Feathery Tune,Feathery Tune,https://tcgplayer-cdn.tcgplayer.com/product/622412_200w.jpg,74,24070,https://cpt.tcgcsv.com/g--6,2025-03-07T05:10:20,1,0.06,0.15,1.37,0.11,,Normal,Common,047,Summon two Fledgling tokens.,Action,Tamer;Skill;Melody,Norm,Tamer,,,,<em>A gentle song that brings together aviary friends from far and wide.</em>,,,3,Fast
622412,Feathery Tune,Feathery Tune,https://tcgplayer-cdn.tcgplayer.com/product/622412_200w.jpg,74,24070,https://cpt.tcgcsv.com/g--6,2025-03-07T05:10:20,1,0.97,1.42,7.99,3.44,,Foil,Common,047,Summon two Fledgling tokens.,Action,Tamer;Skill;Melody,Norm,Tamer,,,,<em>A gentle song that brings together aviary friends from far and wide.</em>,,,3,Fast
622413,Fledgling,Fledgling,https://tcgplayer-cdn.tcgplayer.com/product/622413_200w.jpg,74,24070,https://cpt.tcgcsv.com/h--6,2025-03-07T05:10:20,1,0.1,0.21,1.44,0.17,,Normal,Common,048,,Token;Ally,Tamer;Animal;Bird,Norm,Tamer,,,1,"<em>A young bird, its feathers pristine and untouched, brimming with excitement to soar–blissfully unaware of the perils and struggles awaiting it in the boundless skies it so eagerly seeks.</em>",0,,0,
622413,Fledgling,Fledgling,https://tcgplayer-cdn.tcgplayer.com/product/622413_200w.jpg,74,24070,https://cpt.tcgcsv.com/h--6,2025-03-07T05:10:20,1,2.49,4.4,6.0,4.54,,Foil,Common,048,,Token;Ally,Tamer;Animal;Bird,Norm,Tamer,,,1,"<em>A young bird, its feathers pristine and untouched, brimming with excitement to soar–blissfully unaware of the perils and struggles awaiting it in the boundless skies it so eagerly seeks.</em>",0,,0,
622414,Gentle Respite,Gentle Respite,https://tcgplayer-cdn.tcgplayer.com/product/622414_200w.jpg,74,24070,https://cpt.tcgcsv.com/j--6,2025-03-07T05:10:20,1,0.12,0.25,3.0,0.2,,Normal,Uncommon,049,"If target opponent's influence is greater than yours, draw a card into your memory. <em>(A player's influence is equal to the total amount of cards in their hand and memory.)</em><br>
<br>
Floating Memory",Action,Cleric;Spell,Norm,Cleric,,,,,,,3,Slow
622414,Gentle Respite,Gentle Respite,https://tcgplayer-cdn.tcgplayer.com/product/622414_200w.jpg,74,24070,https://cpt.tcgcsv.com/j--6,2025-03-07T05:10:20,1,10.45,11.0,22.99,11.9,,Foil,Uncommon,049,"If target opponent's influence is greater than yours, draw a card into your memory. <em>(A player's influence is equal to the total amount of cards in their hand and memory.)</em><br>
<br>
Floating Memory",Action,Cleric;Spell,Norm,Cleric,,,,,,,3,Slow
622415,Hidden Longbowman,Hidden Longbowman,https://tcgplayer-cdn.tcgplayer.com/product/622415_200w.jpg,74,24070,https://cpt.tcgcsv.com/k--6,2025-03-07T05:10:20,1,0.49,0.92,5.19,1.16,,Foil,Uncommon,050,"Ranged 2 <em>(As long as this unit is distant, its attacks get +2 POWER.)</em><br>
<br>
Hidden Longbowman has stealth as long as it's distant. <em>(This unit with stealth can't be targeted by attacks unless permitted by true sight.)</em>",Ally,Ranger;Human,Norm,Ranger,,,2,,1,,2,
622415,Hidden Longbowman,Hidden Longbowman,https://tcgplayer-cdn.tcgplayer.com/product/622415_200w.jpg,74,24070,https://cpt.tcgcsv.com/k--6,2025-03-07T05:10:20,1,0.15,0.23,1.5,0.22,,Normal,Uncommon,050,"Ranged 2 <em>(As long as this unit is distant, its attacks get +2 POWER.)</em><br>
<br>
Hidden Longbowman has stealth as long as it's distant. <em>(This unit with stealth can't be targeted by attacks unless permitted by true sight.)</em>",Ally,Ranger;Human,Norm,Ranger,,,2,,1,,2,
622416,Horse Archer,Horse Archer,https://tcgplayer-cdn.tcgplayer.com/product/622416_200w.jpg,74,24070,https://cpt.tcgcsv.com/l--6,2025-03-07T05:10:20,1,0.08,0.17,1.39,0.13,,Normal,Common,051,"[Class Bonus] Ranged 2 <em>(As long as this unit is distant, its attacks get +2 POWER.)</em><br>
<br>
Equestrian — As long as you control a Horse ally, Horse Archer has ranged 3. <em>(Multiple instances of ranged stack.)</em>",Ally,Ranger;Human,Norm,Ranger,,,3,,1,,2,
622416,Horse Archer,Horse Archer,https://tcgplayer-cdn.tcgplayer.com/product/622416_200w.jpg,74,24070,https://cpt.tcgcsv.com/l--6,2025-03-07T05:10:20,1,0.98,1.95,5.0,2.38,,Foil,Common,051,"[Class Bonus] Ranged 2 <em>(As long as this unit is distant, its attacks get +2 POWER.)</em><br>
<br>
Equestrian — As long as you control a Horse ally, Horse Archer has ranged 3. <em>(Multiple instances of ranged stack.)</em>",Ally,Ranger;Human,Norm,Ranger,,,3,,1,,2,
622417,Idle Fatestone // Bolstered Boar,Idle Fatestone Bolstered Boar,https://tcgplayer-cdn.tcgplayer.com/product/622417_200w.jpg,74,24070,https://cpt.tcgcsv.com/m--6,2025-03-07T05:10:20,2,0.52,1.08,9.0,1.08,,Normal,Super Rare,052,"On Enter: Look at the top four cards of your deck and then put them back in any order. <br>
[Guo Jia Bonus] [REST], (2): Reveal the top card of your deck. If that card's reserve cost is even, put a buff counter on Idle Fatestone. Otherwise, transform Idle Fatestone. <em>(Zero is even.)</em><br>
<br><br><br>
<strong>Bolstered Boar</strong><br>
<br><br>
As long as Bolstered Boar has two or more buff counters on it, it has steadfast, taunt, vigor, and retort 2.",Ally;Item,Beast;Boar;Tamer;Fatebound;Fatestone,Norm,Tamer,,,2,<em>The scars on a boar's hide tell the tales of battles fought and wisdom earned.</em>,0,,2,
622417,Idle Fatestone // Bolstered Boar,Idle Fatestone Bolstered Boar,https://tcgplayer-cdn.tcgplayer.com/product/622417_200w.jpg,74,24070,https://cpt.tcgcsv.com/m--6,2025-03-07T05:10:20,2,16.69,18.67,29.99,24.48,,Foil,Super Rare,052,"On Enter: Look at the top four cards of your deck and then put them back in any order. <br>
[Guo Jia Bonus] [REST], (2): Reveal the top card of your deck. If that card's reserve cost is even, put a buff counter on Idle Fatestone. Otherwise, transform Idle Fatestone. <em>(Zero is even.)</em><br>
<br><br><br>
<strong>Bolstered Boar</strong><br>
<br><br>
As long as Bolstered Boar has two or more buff counters on it, it has steadfast, taunt, vigor, and retort 2.",Ally;Item,Beast;Boar;Tamer;Fatebound;Fatestone,Norm,Tamer,,,2,<em>The scars on a boar's hide tell the tales of battles fought and wisdom earned.</em>,0,,2,
622418,Immaterial Dissolution,Immaterial Dissolution,https://tcgplayer-cdn.tcgplayer.com/product/622418_200w.jpg,74,24070,https://cpt.tcgcsv.com/n--6,2025-03-07T05:10:20,1,0.14,0.2,1.54,0.2,,Normal,Uncommon,053,"[Level 2+] This card costs 1 less to activate. <em>(Apply this effect only if your champion is level 2 or higher.)</em><br>
<br>
Destroy up to three target non-regalia token objects with total reserve cost 4 or less.",Action,Mage;Spell,Norm,Mage,,,,,,,4,Slow
622418,Immaterial Dissolution,Immaterial Dissolution,https://tcgplayer-cdn.tcgplayer.com/product/622418_200w.jpg,74,24070,https://cpt.tcgcsv.com/n--6,2025-03-07T05:10:20,1,1.05,2.99,9.0,5.42,,Foil,Uncommon,053,"[Level 2+] This card costs 1 less to activate. <em>(Apply this effect only if your champion is level 2 or higher.)</em><br>
<br>
Destroy up to three target non-regalia token objects with total reserve cost 4 or less.",Action,Mage;Spell,Norm,Mage,,,,,,,4,Slow
622419,Innocuous Disposer,Innocuous Disposer,https://tcgplayer-cdn.tcgplayer.com/product/622419_200w.jpg,74,24070,https://cpt.tcgcsv.com/p--6,2025-03-07T05:10:20,1,0.14,0.2,1.47,0.2,,Normal,Uncommon,054,"Innocuous Disposer's attacks can't be retaliated by Human allies.<br>
<br>
[Class Bonus] On Ally Hit: If the hit ally is a Human, you may remove a preparation counter from your champion. If you do, destroy the hit ally.",Ally,Assassin;Human,Norm,Assassin,,,1,,1,,2,
622419,Innocuous Disposer,Innocuous Disposer,https://tcgplayer-cdn.tcgplayer.com/product/622419_200w.jpg,74,24070,https://cpt.tcgcsv.com/p--6,2025-03-07T05:10:20,1,2.01,2.65,6.0,2.01,,Foil,Uncommon,054,"Innocuous Disposer's attacks can't be retaliated by Human allies.<br>
<br>
[Class Bonus] On Ally Hit: If the hit ally is a Human, you may remove a preparation counter from your champion. If you do, destroy the hit ally.",Ally,Assassin;Human,Norm,Assassin,,,1,,1,,2,
622420,Kingdom's Divide,Kingdoms Divide,https://tcgplayer-cdn.tcgplayer.com/product/622420_200w.jpg,74,24070,https://cpt.tcgcsv.com/q--6,2025-03-07T05:10:20,1,0.1,0.21,1.53,0.21,,Normal,Uncommon,055,"Choose a card name. Until the beginning of your next turn, cards with the chosen name cost 2 more to activate.<br>
<br>
[Level 2+] Floating Memory <em>(While paying for a memory cost, you may banish this card from your graveyard to pay for 1 of that cost.)</em>",Action,Cleric;Skill,Norm,Cleric,,,,,,,1,Slow
622420,Kingdom's Divide,Kingdoms Divide,https://tcgplayer-cdn.tcgplayer.com/product/622420_200w.jpg,74,24070,https://cpt.tcgcsv.com/q--6,2025-03-07T05:10:20,1,1.99,2.62,24.99,4.48,,Foil,Uncommon,055,"Choose a card name. Until the beginning of your next turn, cards with the chosen name cost 2 more to activate.<br>
<br>
[Level 2+] Floating Memory <em>(While paying for a memory cost, you may banish this card from your graveyard to pay for 1 of that cost.)</em>",Action,Cleric;Skill,Norm,Cleric,,,,,,,1,Slow
622421,Maiden of Shimmering Air,Maiden of Shimmering Air,https://tcgplayer-cdn.tcgplayer.com/product/622421_200w.jpg,74,24070,https://cpt.tcgcsv.com/r--6,2025-03-07T05:10:20,1,0.08,0.17,1.39,0.12,,Normal,Common,056,"Floating Memory <em>(While paying for a memory cost, you may banish this card from your graveyard to pay for 1 of that cost.)</em>",Phantasia;Ally,Cleric;Apparition,Norm,Cleric,,,2,<em>Forever with you.</em>,1,,2,
622421,Maiden of Shimmering Air,Maiden of Shimmering Air,https://tcgplayer-cdn.tcgplayer.com/product/622421_200w.jpg,74,24070,https://cpt.tcgcsv.com/r--6,2025-03-07T05:10:20,1,1.99,3.17,5.0,3.14,,Foil,Common,056,"Floating Memory <em>(While paying for a memory cost, you may banish this card from your graveyard to pay for 1 of that cost.)</em>",Phantasia;Ally,Cleric;Apparition,Norm,Cleric,,,2,<em>Forever with you.</em>,1,,2,
622422,Minister of Ceremony,Minister of Ceremony,https://tcgplayer-cdn.tcgplayer.com/product/622422_200w.jpg,74,24070,https://cpt.tcgcsv.com/s--6,2025-03-07T05:10:20,1,1.42,1.49,5.0,1.9,,Foil,Uncommon,057,"[REST]: As a Spell, deal 3 damage to target unit. Activate this ability only at slow speed and only if your Shifting Currents face East.",Ally,Mage;Human,Norm,Mage,,,3,<em>The greatest victory is that which requires no battle.</em>,1,,3,
622422,Minister of Ceremony,Minister of Ceremony,https://tcgplayer-cdn.tcgplayer.com/product/622422_200w.jpg,74,24070,https://cpt.tcgcsv.com/s--6,2025-03-07T05:10:20,1,0.14,0.22,1.59,0.22,,Normal,Uncommon,057,"[REST]: As a Spell, deal 3 damage to target unit. Activate this ability only at slow speed and only if your Shifting Currents face East.",Ally,Mage;Human,Norm,Mage,,,3,<em>The greatest victory is that which requires no battle.</em>,1,,3,
622423,Provoking Stand,Provoking Stand,https://tcgplayer-cdn.tcgplayer.com/product/622423_200w.jpg,74,24070,https://cpt.tcgcsv.com/t--6,2025-03-07T05:10:20,1,0.14,0.19,1.47,0.19,,Normal,Uncommon,058,"Target ally gains taunt until the beginning of your next turn. If that ally is unique, draw a card into your memory.",Action,Guardian;Skill,Norm,Guardian,,,,<em>How about we talk this over a cup of wine? No? Don't say I didn't try to spare you!</em>,,,1,Slow
622423,Provoking Stand,Provoking Stand,https://tcgplayer-cdn.tcgplayer.com/product/622423_200w.jpg,74,24070,https://cpt.tcgcsv.com/t--6,2025-03-07T05:10:20,1,1.92,2.0,3.75,3.14,,Foil,Uncommon,058,"Target ally gains taunt until the beginning of your next turn. If that ally is unique, draw a card into your memory.",Action,Guardian;Skill,Norm,Guardian,,,,<em>How about we talk this over a cup of wine? No? Don't say I didn't try to spare you!</em>,,,1,Slow
622424,Rescue the Heir,Rescue the Heir,https://tcgplayer-cdn.tcgplayer.com/product/622424_200w.jpg,74,24070,https://cpt.tcgcsv.com/v--6,2025-03-07T05:10:20,1,1.92,2.18,6.0,3.89,,Foil,Common,059,"[Level 1+] As long as you control a unique ally, this card costs 1 less to activate.<br>
<br>
Return target ally you control to its owner's memory.",Action,Guardian;Skill,Norm,Guardian,,,,,,,1,Fast
622424,Rescue the Heir,Rescue the Heir,https://tcgplayer-cdn.tcgplayer.com/product/622424_200w.jpg,74,24070,https://cpt.tcgcsv.com/v--6,2025-03-07T05:10:20,1,0.07,0.17,1.38,0.12,,Normal,Common,059,"[Level 1+] As long as you control a unique ally, this card costs 1 less to activate.<br>
<br>
Return target ally you control to its owner's memory.",Action,Guardian;Skill,Norm,Guardian,,,,,,,1,Fast
622425,Revealing Mesmer,Revealing Mesmer,https://tcgplayer-cdn.tcgplayer.com/product/622425_200w.jpg,74,24070,https://cpt.tcgcsv.com/w--6,2025-03-07T05:10:20,1,0.33,0.75,7.25,0.71,,Normal,Rare,060,"(2), REST: Each champion loses spellshroud until end of turn.<br>
<br>
(2), REST: Change the target of an activation or trigger that targets a phantasia you control to Revealing Mesmer.",Phantasia,Cleric;Spell,Norm,Cleric,,,,,,,3,
622425,Revealing Mesmer,Revealing Mesmer,https://tcgplayer-cdn.tcgplayer.com/product/622425_200w.jpg,74,24070,https://cpt.tcgcsv.com/w--6,2025-03-07T05:10:20,1,0.85,4.3,19.99,4.5,,Foil,Rare,060,"(2), REST: Each champion loses spellshroud until end of turn.<br>
<br>
(2), REST: Change the target of an activation or trigger that targets a phantasia you control to Revealing Mesmer.",Phantasia,Cleric;Spell,Norm,Cleric,,,,,,,3,
622426,Rotund Squirrel,Rotund Squirrel,https://tcgplayer-cdn.tcgplayer.com/product/622426_200w.jpg,74,24070,https://cpt.tcgcsv.com/x--6,2025-03-07T05:10:20,1,0.89,1.49,7.95,2.42,,Foil,Common,061,Hindered <em>(This ally enters the field rested.)</em>,Ally,Tamer;Animal;Squirrel,Norm,Tamer,,,3,<em>Some creatures really know how to just enjoy life to its fullest.</em>,2,,2,
622426,Rotund Squirrel,Rotund Squirrel,https://tcgplayer-cdn.tcgplayer.com/product/622426_200w.jpg,74,24070,https://cpt.tcgcsv.com/x--6,2025-03-07T05:10:20,1,0.05,0.15,1.4,0.12,,Normal,Common,061,Hindered <em>(This ally enters the field rested.)</em>,Ally,Tamer;Animal;Squirrel,Norm,Tamer,,,3,<em>Some creatures really know how to just enjoy life to its fullest.</em>,2,,2,
622427,"Shangxiang, Fierce Princess",Shangxiang Fierce Princess,https://tcgplayer-cdn.tcgplayer.com/product/622427_200w.jpg,74,24070,https://cpt.tcgcsv.com/z--6,2025-03-07T05:10:20,1,6.96,11.0,15.0,9.38,,Normal,Super Rare,062,"Imbue 3 <em>(You may reserve all cards revealed as you activate this card. If at least three of them are norm element, this card becomes imbued.)</em><br>
<br>
If damage would be dealt to Shangxiang from a non-norm element source while Shangxiang is imbued, prevent 2 of that damage.",Unique;Ally,Warrior;Human,Norm,Warrior,,,3,,2,,3,
622427,"Shangxiang, Fierce Princess",Shangxiang Fierce Princess,https://tcgplayer-cdn.tcgplayer.com/product/622427_200w.jpg,74,24070,https://cpt.tcgcsv.com/z--6,2025-03-07T05:10:20,1,17.95,19.99,48.99,26.76,,Foil,Super Rare,062,"Imbue 3 <em>(You may reserve all cards revealed as you activate this card. If at least three of them are norm element, this card becomes imbued.)</em><br>
<br>
If damage would be dealt to Shangxiang from a non-norm element source while Shangxiang is imbued, prevent 2 of that damage.",Unique;Ally,Warrior;Human,Norm,Warrior,,,3,,2,,3,
622428,Shimmering Refraction,Shimmering Refraction,https://tcgplayer-cdn.tcgplayer.com/product/622428_200w.jpg,74,24070,https://cpt.tcgcsv.com/B--6,2025-03-07T05:10:20,1,0.11,0.23,1.52,0.22,,Normal,Uncommon,063,"Deal X damage to target unit, where X is the amount of phantasias you control. <br>
<br>
[Diao Chan Bonus] If Shimmering Refraction was activated from your memory, draw a card into your memory.",Action,Cleric;Spell;Reaction,Norm,Cleric,,,,,,,2,Fast
622428,Shimmering Refraction,Shimmering Refraction,https://tcgplayer-cdn.tcgplayer.com/product/622428_200w.jpg,74,24070,https://cpt.tcgcsv.com/B--6,2025-03-07T05:10:20,1,16.99,22.0,37.99,14.39,,Foil,Uncommon,063,"Deal X damage to target unit, where X is the amount of phantasias you control. <br>
<br>
[Diao Chan Bonus] If Shimmering Refraction was activated from your memory, draw a card into your memory.",Action,Cleric;Spell;Reaction,Norm,Cleric,,,,,,,2,Fast
622429,Stand Fast,Stand Fast,https://tcgplayer-cdn.tcgplayer.com/product/622429_200w.jpg,74,24070,https://cpt.tcgcsv.com/C--6,2025-03-07T05:10:20,1,0.64,1.51,6.0,,,Foil,Common,064,"Activate this card only during your end phase.<br>
<br>
Wake up target ally you control. It gains taunt and gets +1 LIFE until the beginning of your next turn. <em>(An awake ally with taunt must be targeted before other units you control during your opponents' attack declarations if able.)</em>",Action,Guardian;Warrior;Skill,Norm,Guardian;Warrior,,,,,,,2,Fast
622429,Stand Fast,Stand Fast,https://tcgplayer-cdn.tcgplayer.com/product/622429_200w.jpg,74,24070,https://cpt.tcgcsv.com/C--6,2025-03-07T05:10:20,1,0.08,0.17,1.42,0.12,,Normal,Common,064,"Activate this card only during your end phase.<br>
<br>
Wake up target ally you control. It gains taunt and gets +1 LIFE until the beginning of your next turn. <em>(An awake ally with taunt must be targeted before other units you control during your opponents' attack declarations if able.)</em>",Action,Guardian;Warrior;Skill,Norm,Guardian;Warrior,,,,,,,2,Fast
622430,Steady Sharpshooter,Steady Sharpshooter,https://tcgplayer-cdn.tcgplayer.com/product/622430_200w.jpg,74,24070,https://cpt.tcgcsv.com/D--6,2025-03-07T05:10:20,1,0.92,2.32,5.0,2.24,,Foil,Uncommon,065,"On Attack: Put an aim counter on Steady Sharpshooter. Then you may remove all aim counters from Steady Sharpshooter. For each counter removed this way, Steady Sharpshooter gains ranged 2 for this attack.",Ally,Ranger;Human,Norm,Ranger,,,4,,1,,3,
622430,Steady Sharpshooter,Steady Sharpshooter,https://tcgplayer-cdn.tcgplayer.com/product/622430_200w.jpg,74,24070,https://cpt.tcgcsv.com/D--6,2025-03-07T05:10:20,1,0.14,0.2,1.51,0.2,,Normal,Uncommon,065,"On Attack: Put an aim counter on Steady Sharpshooter. Then you may remove all aim counters from Steady Sharpshooter. For each counter removed this way, Steady Sharpshooter gains ranged 2 for this attack.",Ally,Ranger;Human,Norm,Ranger,,,4,,1,,3,
622431,"Sun Ce, Weaponsmaster",Sun Ce Weaponsmaster,https://tcgplayer-cdn.tcgplayer.com/product/622431_200w.jpg,74,24070,https://cpt.tcgcsv.com/F--6,2025-03-07T05:10:20,1,13.99,26.11,40.0,10.57,,Foil,Super Rare,066,"[Class Bonus] On Enter: Put a durability counter on target Warrior weapon you control. <br>
<br>
[Class Bonus] Warrior weapons you control get +1 POWER.",Unique;Ally,Warrior;Human,Norm,Warrior,,,4,"<em>Even if the sun goes down, another shall always rise to greet the dawn.</em>",1,,3,
622431,"Sun Ce, Weaponsmaster",Sun Ce Weaponsmaster,https://tcgplayer-cdn.tcgplayer.com/product/622431_200w.jpg,74,24070,https://cpt.tcgcsv.com/F--6,2025-03-07T05:10:20,1,8.75,10.0,13.0,9.23,,Normal,Super Rare,066,"[Class Bonus] On Enter: Put a durability counter on target Warrior weapon you control. <br>
<br>
[Class Bonus] Warrior weapons you control get +1 POWER.",Unique;Ally,Warrior;Human,Norm,Warrior,,,4,"<em>Even if the sun goes down, another shall always rise to greet the dawn.</em>",1,,3,
622432,"Sun Jian, Wolvesbane",Sun Jian Wolvesbane,https://tcgplayer-cdn.tcgplayer.com/product/622432_200w.jpg,74,24070,https://cpt.tcgcsv.com/G--6,2025-03-07T05:10:20,1,3.78,12.99,27.5,26.99,,Foil,Super Rare,067,"As long as Sun Jian is attacking a Beast unit, Sun Jian gets +2 POWER and her attacks can't be retaliated.<br>
<br>
On Ally Kill: If the killed ally was a Beast, draw a card into your memory.",Unique;Ally,Ranger;Human,Norm,Ranger,,,2,,2,,3,
622432,"Sun Jian, Wolvesbane",Sun Jian Wolvesbane,https://tcgplayer-cdn.tcgplayer.com/product/622432_200w.jpg,74,24070,https://cpt.tcgcsv.com/G--6,2025-03-07T05:10:20,1,0.5,0.78,8.0,0.76,,Normal,Super Rare,067,"As long as Sun Jian is attacking a Beast unit, Sun Jian gets +2 POWER and her attacks can't be retaliated.<br>
<br>
On Ally Kill: If the killed ally was a Beast, draw a card into your memory.",Unique;Ally,Ranger;Human,Norm,Ranger,,,2,,2,,3,
622433,Surreptitious Scheme,Surreptitious Scheme,https://tcgplayer-cdn.tcgplayer.com/product/622433_200w.jpg,74,24070,https://cpt.tcgcsv.com/H--6,2025-03-07T05:10:20,1,0.1,0.18,1.42,0.14,,Normal,Common,068,"Remove a level counter from target champion. If level counter was removed this way, draw a card.",Action,Cleric;Spell,Norm,Cleric,,,,<em>To win one hundred victories in one hundred battles is not the acme of skill. To subdue the enemy without fighting is the acme of skill.</em>,,,1,Fast
622433,Surreptitious Scheme,Surreptitious Scheme,https://tcgplayer-cdn.tcgplayer.com/product/622433_200w.jpg,74,24070,https://cpt.tcgcsv.com/H--6,2025-03-07T05:10:20,1,0.7,1.4,6.0,4.82,,Foil,Common,068,"Remove a level counter from target champion. If level counter was removed this way, draw a card.",Action,Cleric;Spell,Norm,Cleric,,,,<em>To win one hundred victories in one hundred battles is not the acme of skill. To subdue the enemy without fighting is the acme of skill.</em>,,,1,Fast
622434,Wingpeak Patriarch,Wingpeak Patriarch,https://tcgplayer-cdn.tcgplayer.com/product/622434_200w.jpg,74,24070,https://cpt.tcgcsv.com/J--6,2025-03-07T05:10:20,1,0.14,0.25,1.53,0.25,,Normal,Uncommon,069,Other Bird objects you control get +1 POWER.,Ally,Tamer;Animal;Bird,Norm,Tamer,,,1,"<em>Even among animals, respect shapes hierarchy, proving that proper leadership often surpasses brute force.</em>",1,,2,
622434,Wingpeak Patriarch,Wingpeak Patriarch,https://tcgplayer-cdn.tcgplayer.com/product/622434_200w.jpg,74,24070,https://cpt.tcgcsv.com/J--6,2025-03-07T05:10:20,1,0.84,2.0,8.0,6.08,,Foil,Uncommon,069,Other Bird objects you control get +1 POWER.,Ally,Tamer;Animal;Bird,Norm,Tamer,,,1,"<em>Even among animals, respect shapes hierarchy, proving that proper leadership often surpasses brute force.</em>",1,,2,
622435,Withering Grasp,Withering Grasp,https://tcgplayer-cdn.tcgplayer.com/product/622435_200w.jpg,74,24070,https://cpt.tcgcsv.com/K--6,2025-03-07T05:10:20,1,0.06,0.17,1.37,0.11,,Normal,Common,070,"Put a wither counter on target non-champion object. <em>(At the beginning of a player's main phase, if they control one or more objects with wither counters on them, for each of those objects, they sacrifice it unless they pay (1) for each wither counter on it, then remove wither counters.)</em><br>
<br>
[Diao Chan Bonus] Draw a card into your memory.",Action,Cleric;Spell,Norm,Cleric,,,,,,,2,Slow
622435,Withering Grasp,Withering Grasp,https://tcgplayer-cdn.tcgplayer.com/product/622435_200w.jpg,74,24070,https://cpt.tcgcsv.com/K--6,2025-03-07T05:10:20,1,0.85,2.5,5.0,3.52,,Foil,Common,070,"Put a wither counter on target non-champion object. <em>(At the beginning of a player's main phase, if they control one or more objects with wither counters on them, for each of those objects, they sacrifice it unless they pay (1) for each wither counter on it, then remove wither counters.)</em><br>
<br>
[Diao Chan Bonus] Draw a card into your memory.",Action,Cleric;Spell,Norm,Cleric,,,,,,,2,Slow
622436,"Yuan Shao, Crown General",Yuan Shao Crown General,https://tcgplayer-cdn.tcgplayer.com/product/622436_200w.jpg,74,24070,https://cpt.tcgcsv.com/L--6,2025-03-07T05:10:20,1,0.75,1.49,13.49,1.02,,Normal,Super Rare,071,"Unique allies your opponents control have pride 2.<br>
<br>
[Level 2+] (3), REST: As a Spell, gain control of target unique ally. Activate this ability only if there are three or more unique allies on the field you don't control.",Unique;Ally,Tamer;Human,Norm,Tamer,,,3,,1,,3,
622436,"Yuan Shao, Crown General",Yuan Shao Crown General,https://tcgplayer-cdn.tcgplayer.com/product/622436_200w.jpg,74,24070,https://cpt.tcgcsv.com/L--6,2025-03-07T05:10:20,1,10.94,11.49,20.0,11.49,,Foil,Super Rare,071,"Unique allies your opponents control have pride 2.<br>
<br>
[Level 2+] (3), REST: As a Spell, gain control of target unique ally. Activate this ability only if there are three or more unique allies on the field you don't control.",Unique;Ally,Tamer;Human,Norm,Tamer,,,3,,1,,3,
622437,"Zhang Jiao, Way of Peace",Zhang Jiao Way of Peace,https://tcgplayer-cdn.tcgplayer.com/product/622437_200w.jpg,74,24070,https://cpt.tcgcsv.com/M--6,2025-03-07T05:10:20,1,30.03,32.99,59.99,31.37,,Normal,Super Rare,072,"On Enter: Depending on the amount of cards in your memory—<br>
• 0— Draw two cards.<br>
• 1 to 3— Recover 4.<br>
• 4 to 6— Glimpse 4.<br>
• 7 or more— Each opponent discards a card at random from their memory.",Unique;Ally,Cleric;Human,Norm,Cleric,,,2,,1,,3,
622437,"Zhang Jiao, Way of Peace",Zhang Jiao Way of Peace,https://tcgplayer-cdn.tcgplayer.com/product/622437_200w.jpg,74,24070,https://cpt.tcgcsv.com/M--6,2025-03-07T05:10:20,1,54.99,79.45,119.99,45.62,,Foil,Super Rare,072,"On Enter: Depending on the amount of cards in your memory—<br>
• 0— Draw two cards.<br>
• 1 to 3— Recover 4.<br>
• 4 to 6— Glimpse 4.<br>
• 7 or more— Each opponent discards a card at random from their memory.",Unique;Ally,Cleric;Human,Norm,Cleric,,,2,,1,,3,
622438,"Zhou Yu, Enlightened Sage",Zhou Yu Enlightened Sage,https://tcgplayer-cdn.tcgplayer.com/product/622438_200w.jpg,74,24070,https://cpt.tcgcsv.com/N--6,2025-03-07T05:10:20,1,12.0,25.88,39.99,23.15,,Foil,Super Rare,073,"[Class Bonus] On Enter: Materialize a Book or Scripture card from your material deck. <em>(You still pay its costs.)</em><br>
<br>
[Class Bonus] At the beginning of your recollection phase, if you control a Book or Scripture object, put an enlighten counter on your champion.",Unique;Ally,Mage;Human,Norm,Mage,,,3,,1,,3,
622438,"Zhou Yu, Enlightened Sage",Zhou Yu Enlightened Sage,https://tcgplayer-cdn.tcgplayer.com/product/622438_200w.jpg,74,24070,https://cpt.tcgcsv.com/N--6,2025-03-07T05:10:20,1,2.72,3.58,16.0,3.43,,Normal,Super Rare,073,"[Class Bonus] On Enter: Materialize a Book or Scripture card from your material deck. <em>(You still pay its costs.)</em><br>
<br>
[Class Bonus] At the beginning of your recollection phase, if you control a Book or Scripture object, put an enlighten counter on your champion.",Unique;Ally,Mage;Human,Norm,Mage,,,3,,1,,3,
622439,Ashwick Cremator,Ashwick Cremator,https://tcgplayer-cdn.tcgplayer.com/product/622439_200w.jpg,74,24070,https://cpt.tcgcsv.com/P--6,2025-03-07T05:10:20,1,0.1,0.21,1.5,0.21,,Normal,Uncommon,074,"[Class Bonus] At the beginning of your end phase, if you have no cards in your hand, deal 2 damage to each champion.",Ally,Cleric;Human,Fire,Cleric,,,1,"<em>Smoke weaves a suffocating shroud, far more deadly than the flames that birthed it.</em>",2,,2,
622439,Ashwick Cremator,Ashwick Cremator,https://tcgplayer-cdn.tcgplayer.com/product/622439_200w.jpg,74,24070,https://cpt.tcgcsv.com/P--6,2025-03-07T05:10:20,1,2.9,4.48,10.98,4.74,,Foil,Uncommon,074,"[Class Bonus] At the beginning of your end phase, if you have no cards in your hand, deal 2 damage to each champion.",Ally,Cleric;Human,Fire,Cleric,,,1,"<em>Smoke weaves a suffocating shroud, far more deadly than the flames that birthed it.</em>",2,,2,
622440,Blazing Bowman,Blazing Bowman,https://tcgplayer-cdn.tcgplayer.com/product/622440_200w.jpg,74,24070,https://cpt.tcgcsv.com/Q--6,2025-03-07T05:10:20,1,0.01,0.15,1.35,0.09,,Normal,Common,075,"Blazing Bowman's attacks can't be retaliated.<br>
<br>
On Enter: You may banish a fire element card from your graveyard. If you do, Blazing Bowman gets +2 POWER until end of turn.",Ally,Ranger;Human,Fire,Ranger,,,1,,2,,3,
622440,Blazing Bowman,Blazing Bowman,https://tcgplayer-cdn.tcgplayer.com/product/622440_200w.jpg,74,24070,https://cpt.tcgcsv.com/Q--6,2025-03-07T05:10:20,1,0.27,0.87,5.0,1.06,,Foil,Common,075,"Blazing Bowman's attacks can't be retaliated.<br>
<br>
On Enter: You may banish a fire element card from your graveyard. If you do, Blazing Bowman gets +2 POWER until end of turn.",Ally,Ranger;Human,Fire,Ranger,,,1,,2,,3,
622441,Blitz Charger,Blitz Charger,https://tcgplayer-cdn.tcgplayer.com/product/622441_200w.jpg,74,24070,https://cpt.tcgcsv.com/R--6,2025-03-07T05:10:20,1,0.13,0.22,3.0,0.22,,Normal,Uncommon,076,,Ally,Tamer;Animal;Horse,Fire,Tamer,,,1,"<em>Through centuries of domestication, mankind has forgotten that beneath a horse's reins lies a primal force capable of destruction.</em>",3,,3,
622441,Blitz Charger,Blitz Charger,https://tcgplayer-cdn.tcgplayer.com/product/622441_200w.jpg,74,24070,https://cpt.tcgcsv.com/R--6,2025-03-07T05:10:20,1,0.47,0.99,5.0,0.88,,Foil,Uncommon,076,,Ally,Tamer;Animal;Horse,Fire,Tamer,,,1,"<em>Through centuries of domestication, mankind has forgotten that beneath a horse's reins lies a primal force capable of destruction.</em>",3,,3,
622442,Cinder Geyser,Cinder Geyser,https://tcgplayer-cdn.tcgplayer.com/product/622442_200w.jpg,74,24070,https://cpt.tcgcsv.com/S--6,2025-03-07T05:10:20,1,0.1,0.18,1.42,0.13,,Normal,Common,077,"[Class Bonus] As long as an opponent has four or more cards in their memory, this card costs 2 less to activate.<br>
<br>
Deal 4 damage to target unit.",Action,Cleric;Spell;Reaction,Fire,Cleric,,,,,,,4,Fast
622442,Cinder Geyser,Cinder Geyser,https://tcgplayer-cdn.tcgplayer.com/product/622442_200w.jpg,74,24070,https://cpt.tcgcsv.com/S--6,2025-03-07T05:10:20,1,3.01,4.08,10.0,4.16,,Foil,Common,077,"[Class Bonus] As long as an opponent has four or more cards in their memory, this card costs 2 less to activate.<br>
<br>
Deal 4 damage to target unit.",Action,Cleric;Spell;Reaction,Fire,Cleric,,,,,,,4,Fast
622443,Coiled Fatestone // Serpentine Judicator,Coiled Fatestone Serpentine Judicator,https://tcgplayer-cdn.tcgplayer.com/product/622443_200w.jpg,74,24070,https://cpt.tcgcsv.com/T--6,2025-03-07T05:10:20,2,9.99,11.74,17.5,13.18,,Foil,Super Rare,078,"On Enter: Discard two cards at random. For each fire element card discarded this way, draw a card.<br>
<br>
[Guo Jia Bonus] REST, (1): As a Spell, deal 1 damage to each champion. Put an age counter on Coiled Fatestone. Then if there are three or more age counters on Coiled Fatestone, remove all of them and transform Coiled Fatestone.<br>
<br><br><br>
<strong>Serpentine Judicator</strong><br>
<br><br>
Your opponents can't recover.",Ally;Item,Beast;Tamer;Fatebound;Fatestone;Snake,Fire,Tamer,,,3,"<em>Once its fiery venom seeps into the bloodstream, no antidote can halt its deadly course.</em>",3,,2,
622443,Coiled Fatestone // Serpentine Judicator,Coiled Fatestone Serpentine Judicator,https://tcgplayer-cdn.tcgplayer.com/product/622443_200w.jpg,74,24070,https://cpt.tcgcsv.com/T--6,2025-03-07T05:10:20,2,2.27,3.83,5.99,2.97,,Normal,Super Rare,078,"On Enter: Discard two cards at random. For each fire element card discarded this way, draw a card.<br>
<br>
[Guo Jia Bonus] REST, (1): As a Spell, deal 1 damage to each champion. Put an age counter on Coiled Fatestone. Then if there are three or more age counters on Coiled Fatestone, remove all of them and transform Coiled Fatestone.<br>
<br><br><br>
<strong>Serpentine Judicator</strong><br>
<br><br>
Your opponents can't recover.",Ally;Item,Beast;Tamer;Fatebound;Fatestone;Snake,Fire,Tamer,,,3,"<em>Once its fiery venom seeps into the bloodstream, no antidote can halt its deadly course.</em>",3,,2,
622444,"Da Qiao, Cinderbinder",Da Qiao Cinderbinder,https://tcgplayer-cdn.tcgplayer.com/product/622444_200w.jpg,74,24070,https://cpt.tcgcsv.com/V--6,2025-03-07T05:10:20,1,17.99,29.5,39.99,35.79,,Foil,Super Rare,079,"Allies with frenzy counters on them don't obey their controller. <em>(They can't attack and intercept, and their activated abilities can't be activated.)</em><br>
<br>
[Class Bonus] REST: Choose one— <br>
• Put a frenzy counter on target ally.<br>
• Empower X, where X is the amount of allies on the field with a frenzy counter on them.",Unique;Ally,Mage;Tamer;Animal;Human;Fox,Fire,Mage;Tamer,,,4,,0,,3,
622444,"Da Qiao, Cinderbinder",Da Qiao Cinderbinder,https://tcgplayer-cdn.tcgplayer.com/product/622444_200w.jpg,74,24070,https://cpt.tcgcsv.com/V--6,2025-03-07T05:10:20,1,2.62,4.21,9.99,2.99,,Normal,Super Rare,079,"Allies with frenzy counters on them don't obey their controller. <em>(They can't attack and intercept, and their activated abilities can't be activated.)</em><br>
<br>
[Class Bonus] REST: Choose one— <br>
• Put a frenzy counter on target ally.<br>
• Empower X, where X is the amount of allies on the field with a frenzy counter on them.",Unique;Ally,Mage;Tamer;Animal;Human;Fox,Fire,Mage;Tamer,,,4,,0,,3,
622445,Dazzling Courtesan,Dazzling Courtesan,https://tcgplayer-cdn.tcgplayer.com/product/622445_200w.jpg,74,24070,https://cpt.tcgcsv.com/W--6,2025-03-07T05:10:20,1,0.1,0.19,1.42,0.18,,Normal,Common,080,Kindle 3 <em>(You may banish up to three fire element cards from your graveyard as you activate this card. Each one pays for (1) of this card's cost.)</em>,Ally,Mage;Human,Fire,Mage,,,2,"<em>The breath of the dragon favors the ambitious, and ambition lies even outside of the throne.</em>",2,,3,
622445,Dazzling Courtesan,Dazzling Courtesan,https://tcgplayer-cdn.tcgplayer.com/product/622445_200w.jpg,74,24070,https://cpt.tcgcsv.com/W--6,2025-03-07T05:10:20,1,0.74,1.83,5.0,0.74,,Foil,Common,080,Kindle 3 <em>(You may banish up to three fire element cards from your graveyard as you activate this card. Each one pays for (1) of this card's cost.)</em>,Ally,Mage;Human,Fire,Mage,,,2,"<em>The breath of the dragon favors the ambitious, and ambition lies even outside of the throne.</em>",2,,3,
622446,Demolition,Demolition,https://tcgplayer-cdn.tcgplayer.com/product/622446_200w.jpg,74,24070,https://cpt.tcgcsv.com/X--6,2025-03-07T05:10:20,1,0.01,0.2,3.0,0.17,,Normal,Uncommon,081,"[Class Bonus] This card costs 1 less to activate. <em>(Apply this effect only if your champion's class matches this card's class.)</em><br>
<br>
Deal 3 damage to target unit or Siegeable domain.",Action,Mage;Spell,Fire,Mage,,,,,,,3,Fast
622446,Demolition,Demolition,https://tcgplayer-cdn.tcgplayer.com/product/622446_200w.jpg,74,24070,https://cpt.tcgcsv.com/X--6,2025-03-07T05:10:20,1,2.89,3.49,5.0,3.9,,Foil,Uncommon,081,"[Class Bonus] This card costs 1 less to activate. <em>(Apply this effect only if your champion's class matches this card's class.)</em><br>
<br>
Deal 3 damage to target unit or Siegeable domain.",Action,Mage;Spell,Fire,Mage,,,,,,,3,Fast
622447,Dire Requiem,Dire Requiem,https://tcgplayer-cdn.tcgplayer.com/product/622447_200w.jpg,74,24070,https://cpt.tcgcsv.com/Z--6,2025-03-07T05:10:20,1,0.18,0.25,1.51,0.21,,Normal,Uncommon,082,"Summon a Direwolf token.<br>
<br>
[Class Bonus] You may banish a fire element card from your graveyard. If you do, summon another Direwolf token. <em>(Apply this effect only if your champion's class matches this card's class.)</em>",Action,Tamer;Skill;Melody,Fire,Tamer,,,,,,,2,Slow
622447,Dire Requiem,Dire Requiem,https://tcgplayer-cdn.tcgplayer.com/product/622447_200w.jpg,74,24070,https://cpt.tcgcsv.com/Z--6,2025-03-07T05:10:20,1,2.98,4.0,7.0,4.28,,Foil,Uncommon,082,"Summon a Direwolf token.<br>
<br>
[Class Bonus] You may banish a fire element card from your graveyard. If you do, summon another Direwolf token. <em>(Apply this effect only if your champion's class matches this card's class.)</em>",Action,Tamer;Skill;Melody,Fire,Tamer,,,,,,,2,Slow
622448,Direwolf,Direwolf,https://tcgplayer-cdn.tcgplayer.com/product/622448_200w.jpg,74,24070,https://cpt.tcgcsv.com/---6,2025-03-07T05:10:20,1,3.75,6.5,8.0,5.74,,Foil,Common,083,"At the beginning of your end phase, sacrifice Direwolf.",Token;Ally,Tamer;Beast;Wolf,Fire,Tamer,,,1,<em>Their blazing coats periodically cause fires that are revered as sacred cleansings of the land.</em>,2,,0,
622448,Direwolf,Direwolf,https://tcgplayer-cdn.tcgplayer.com/product/622448_200w.jpg,74,24070,https://cpt.tcgcsv.com/---6,2025-03-07T05:10:20,1,0.1,0.25,1.42,0.2,,Normal,Common,083,"At the beginning of your end phase, sacrifice Direwolf.",Token;Ally,Tamer;Beast;Wolf,Fire,Tamer,,,1,<em>Their blazing coats periodically cause fires that are revered as sacred cleansings of the land.</em>,2,,0,
622449,Direwolf Alpha,Direwolf Alpha,https://tcgplayer-cdn.tcgplayer.com/product/622449_200w.jpg,74,24070,https://cpt.tcgcsv.com/_--6,2025-03-07T05:10:20,1,3.73,3.75,5.12,4.93,,Foil,Rare,084,"Pride 2<br>
<br>
[Class Bonus] On Enter: You may banish a fire element card from your graveyard. If you do, summon a Direwolf token.<br>
<br>
[Class Bonus] [Level 2+] Other Wolf objects you control get +1 POWER.",Ally,Tamer;Beast;Wolf,Fire,Tamer,,,3,,2,,3,
622449,Direwolf Alpha,Direwolf Alpha,https://tcgplayer-cdn.tcgplayer.com/product/622449_200w.jpg,74,24070,https://cpt.tcgcsv.com/_--6,2025-03-07T05:10:20,1,0.2,0.69,10.5,0.66,,Normal,Rare,084,"Pride 2<br>
<br>
[Class Bonus] On Enter: You may banish a fire element card from your graveyard. If you do, summon a Direwolf token.<br>
<br>
[Class Bonus] [Level 2+] Other Wolf objects you control get +1 POWER.",Ally,Tamer;Beast;Wolf,Fire,Tamer,,,3,,2,,3,
622450,Explosive Concoction,Explosive Concoction,https://tcgplayer-cdn.tcgplayer.com/product/622450_200w.jpg,74,24070,https://cpt.tcgcsv.com/0_-6,2025-03-07T05:10:20,1,0.84,1.49,5.0,3.22,,Foil,Common,085,"Brew — One Leaf, One Herb <em>(You may sacrifice the listed objects rather than pay this card's reserve cost.)</em><br>
<br>
Hindered <em>(This object enters the field rested.)</em><br>
<br>
REST, Sacrifice Explosive Concoction: Deal 4 damage to target champion. Draw a card.",Item,Cleric;Potion,Fire,Cleric,,,,,,,7,
622450,Explosive Concoction,Explosive Concoction,https://tcgplayer-cdn.tcgplayer.com/product/622450_200w.jpg,74,24070,https://cpt.tcgcsv.com/0_-6,2025-03-07T05:10:20,1,0.09,0.18,1.4,0.17,,Normal,Common,085,"Brew — One Leaf, One Herb <em>(You may sacrifice the listed objects rather than pay this card's reserve cost.)</em><br>
<br>
Hindered <em>(This object enters the field rested.)</em><br>
<br>
REST, Sacrifice Explosive Concoction: Deal 4 damage to target champion. Draw a card.",Item,Cleric;Potion,Fire,Cleric,,,,,,,7,
622451,Firebloom Flourish,Firebloom Flourish,https://tcgplayer-cdn.tcgplayer.com/product/622451_200w.jpg,74,24070,https://cpt.tcgcsv.com/2_-6,2025-03-07T05:10:20,1,5.99,9.4,40.0,6.91,,Normal,Super Rare,086,"[Class Bonus] At the beginning of your recollection phase, deal 1 damage to target champion.<br>
<br>
[Diao Chan Bonus] At the beginning of your end phase, if your influence is four or less, draw a card into your memory and put a glimmer counter on your champion.",Phantasia,Cleric;Spell,Fire,Cleric,,,,,,,2,
622451,Firebloom Flourish,Firebloom Flourish,https://tcgplayer-cdn.tcgplayer.com/product/622451_200w.jpg,74,24070,https://cpt.tcgcsv.com/2_-6,2025-03-07T05:10:20,1,40.0,44.99,55.0,32.47,,Foil,Super Rare,086,"[Class Bonus] At the beginning of your recollection phase, deal 1 damage to target champion.<br>
<br>
[Diao Chan Bonus] At the beginning of your end phase, if your influence is four or less, draw a card into your memory and put a glimmer counter on your champion.",Phantasia,Cleric;Spell,Fire,Cleric,,,,,,,2,
622452,Flamebolt Arbalist,Flamebolt Arbalist,https://tcgplayer-cdn.tcgplayer.com/product/622452_200w.jpg,74,24070,https://cpt.tcgcsv.com/3_-6,2025-03-07T05:10:20,1,0.46,0.99,5.0,1.17,,Foil,Common,087,"Ranged 4 <em>(As long as this unit is distant, its attacks get +4 power.)</em>",Ally,Ranger;Human,Fire,Ranger,,,1,<em>May this arrow be blessed by Suzaku's blazing fortune.</em>,2,,2,
622452,Flamebolt Arbalist,Flamebolt Arbalist,https://tcgplayer-cdn.tcgplayer.com/product/622452_200w.jpg,74,24070,https://cpt.tcgcsv.com/3_-6,2025-03-07T05:10:20,1,0.1,0.17,1.42,0.14,,Normal,Common,087,"Ranged 4 <em>(As long as this unit is distant, its attacks get +4 power.)</em>",Ally,Ranger;Human,Fire,Ranger,,,1,<em>May this arrow be blessed by Suzaku's blazing fortune.</em>,2,,2,
622453,Flamelash Beastmaster,Flamelash Beastmaster,https://tcgplayer-cdn.tcgplayer.com/product/622453_200w.jpg,74,24070,https://cpt.tcgcsv.com/5_-6,2025-03-07T05:10:20,1,0.14,0.25,3.0,0.28,,Normal,Uncommon,088,[Class Bonus] On Enter: Target Beast ally you control gets +3 power until end of turn.,Ally,Tamer;Human,Fire,Tamer,,,2,<em>An obedient pet is a good pet.</em>,1,,2,
622453,Flamelash Beastmaster,Flamelash Beastmaster,https://tcgplayer-cdn.tcgplayer.com/product/622453_200w.jpg,74,24070,https://cpt.tcgcsv.com/5_-6,2025-03-07T05:10:20,1,0.5,1.65,7.74,1.16,,Foil,Uncommon,088,[Class Bonus] On Enter: Target Beast ally you control gets +3 power until end of turn.,Ally,Tamer;Human,Fire,Tamer,,,2,<em>An obedient pet is a good pet.</em>,1,,2,
622454,General at Arms,General at Arms,https://tcgplayer-cdn.tcgplayer.com/product/622454_200w.jpg,74,24070,https://cpt.tcgcsv.com/6_-6,2025-03-07T05:10:20,1,0.99,2.62,5.31,2.87,,Foil,Uncommon,089,[Class Bonus] Polearm attack cards you activate enter the intent with +2 power. <em>(Apply this effect only if your champion's class matches this card's class.)</em>,Ally,Warrior;Human,Fire,Warrior,,,2,"<em>A weapon is only as good as its wielder, but a sharper blade ensures each strike is more decisive.</em>",2,,3,
622454,General at Arms,General at Arms,https://tcgplayer-cdn.tcgplayer.com/product/622454_200w.jpg,74,24070,https://cpt.tcgcsv.com/6_-6,2025-03-07T05:10:20,1,0.14,0.2,3.0,0.2,,Normal,Uncommon,089,[Class Bonus] Polearm attack cards you activate enter the intent with +2 power. <em>(Apply this effect only if your champion's class matches this card's class.)</em>,Ally,Warrior;Human,Fire,Warrior,,,2,"<em>A weapon is only as good as its wielder, but a sharper blade ensures each strike is more decisive.</em>",2,,3,
622455,Glowering Conflagration,Glowering Conflagration,https://tcgplayer-cdn.tcgplayer.com/product/622455_200w.jpg,74,24070,https://cpt.tcgcsv.com/7_-6,2025-03-07T05:10:20,1,2.99,3.05,6.49,3.05,,Foil,Uncommon,090,"[Class Bonus] Kindle 3 <em>(You may banish up to three fire element cards from your graveyard as you activate this card. Each one pays for (1) of this card's cost.)</em><br>
<br>
Deal 1+X damage to target champion, where X is the amount of phantasias you control.",Action,Cleric;Spell,Fire,Cleric,,,,,,,3,Slow
622455,Glowering Conflagration,Glowering Conflagration,https://tcgplayer-cdn.tcgplayer.com/product/622455_200w.jpg,74,24070,https://cpt.tcgcsv.com/7_-6,2025-03-07T05:10:20,1,0.15,0.23,1.56,0.23,,Normal,Uncommon,090,"[Class Bonus] Kindle 3 <em>(You may banish up to three fire element cards from your graveyard as you activate this card. Each one pays for (1) of this card's cost.)</em><br>
<br>
Deal 1+X damage to target champion, where X is the amount of phantasias you control.",Action,Cleric;Spell,Fire,Cleric,,,,,,,3,Slow
622456,Increasing Danger,Increasing Danger,https://tcgplayer-cdn.tcgplayer.com/product/622456_200w.jpg,74,24070,https://cpt.tcgcsv.com/8_-6,2025-03-07T05:10:20,1,0.69,2.99,5.75,5.06,,Foil,Common,091,Draw a card. Each player draws a card into their memory.,Action,Mage;Spell,Fire,Mage,,,,"<em>First, an ember. Then, a blaze.</em>",,,2,Slow
622456,Increasing Danger,Increasing Danger,https://tcgplayer-cdn.tcgplayer.com/product/622456_200w.jpg,74,24070,https://cpt.tcgcsv.com/8_-6,2025-03-07T05:10:20,1,0.01,0.18,1.42,0.15,,Normal,Common,091,Draw a card. Each player draws a card into their memory.,Action,Mage;Spell,Fire,Mage,,,,"<em>First, an ember. Then, a blaze.</em>",,,2,Slow
622457,"Jianye, Dawn's Keep",Jianye Dawns Keep,https://tcgplayer-cdn.tcgplayer.com/product/622457_200w.jpg,74,24070,https://cpt.tcgcsv.com/9_-6,2025-03-07T05:10:20,1,0.97,1.99,7.99,1.82,,Normal,Super Rare,092,"Kindle 6<br>
<br>
[Class Bonus] Fire element allies you control have On Death: If your influence is six or less, draw a card. <em>(A player's influence is equal to the total amount of cards in their hand and memory.)</em>",Unique;Domain,Tamer;Warrior;Siegeable;Castle,Fire,Tamer;Warrior,,,,,,,6,
622457,"Jianye, Dawn's Keep",Jianye Dawns Keep,https://tcgplayer-cdn.tcgplayer.com/product/622457_200w.jpg,74,24070,https://cpt.tcgcsv.com/9_-6,2025-03-07T05:10:20,1,17.99,23.67,40.0,29.53,,Foil,Super Rare,092,"Kindle 6<br>
<br>
[Class Bonus] Fire element allies you control have On Death: If your influence is six or less, draw a card. <em>(A player's influence is equal to the total amount of cards in their hand and memory.)</em>",Unique;Domain,Tamer;Warrior;Siegeable;Castle,Fire,Tamer;Warrior,,,,,,,6,
622458,"Lu Xun, Pyre Strategist",Lu Xun Pyre Strategist,https://tcgplayer-cdn.tcgplayer.com/product/622458_200w.jpg,74,24070,https://cpt.tcgcsv.com/b_-6,2025-03-07T05:10:20,1,0.5,0.95,5.0,0.74,,Normal,Super Rare,093,"Kindle 3<br>
<br>
On Enter: Put an enlighten counter on your champion.<br>
<br>
[Class Bonus] Whenever one or more enlighten counters are removed from your champion, you may rest Lu Xun. If you do, empower 3.",Unique;Ally,Mage;Human,Fire,Mage,,,3,,0,,3,
622458,"Lu Xun, Pyre Strategist",Lu Xun Pyre Strategist,https://tcgplayer-cdn.tcgplayer.com/product/622458_200w.jpg,74,24070,https://cpt.tcgcsv.com/b_-6,2025-03-07T05:10:20,1,15.98,16.49,25.0,,,Foil,Super Rare,093,"Kindle 3<br>
<br>
On Enter: Put an enlighten counter on your champion.<br>
<br>
[Class Bonus] Whenever one or more enlighten counters are removed from your champion, you may rest Lu Xun. If you do, empower 3.",Unique;Ally,Mage;Human,Fire,Mage,,,3,,0,,3,
622459,Ravenous Pyre,Ravenous Pyre,https://tcgplayer-cdn.tcgplayer.com/product/622459_200w.jpg,74,24070,https://cpt.tcgcsv.com/c_-6,2025-03-07T05:10:20,1,0.13,0.22,1.52,0.21,,Normal,Uncommon,094,"[Class Bonus] On Enter: Draw a card and discard a card.<br>
Whenever a champion you don't control levels up, deal 2 damage to it.",Phantasia,Cleric;Spell,Fire,Cleric,,,,,,,2,
622459,Ravenous Pyre,Ravenous Pyre,https://tcgplayer-cdn.tcgplayer.com/product/622459_200w.jpg,74,24070,https://cpt.tcgcsv.com/c_-6,2025-03-07T05:10:20,1,0.73,1.0,9.77,3.02,,Foil,Uncommon,094,"[Class Bonus] On Enter: Draw a card and discard a card.<br>
Whenever a champion you don't control levels up, deal 2 damage to it.",Phantasia,Cleric;Spell,Fire,Cleric,,,,,,,2,
622460,"Red Hare, Unrivaled Stallion",Red Hare Unrivaled Stallion,https://tcgplayer-cdn.tcgplayer.com/product/622460_200w.jpg,74,24070,https://cpt.tcgcsv.com/d_-6,2025-03-07T05:10:20,1,30.16,31.75,31.99,36.39,,Foil,Super Rare,095,"Pride 3 <em>(This ally won't obey you unless your champion is level 3 or higher. You can't attack with, intercept with, or activate abilities of allies that don't obey you.)</em><br>
<br>
As long as you control a fire or tera element unique Human ally, Red Hare loses pride, and has ""On Attack: You may discard a card. If you do, draw a card.""",Unique;Ally,Tamer;Warrior;Beast;Horse,Fire,Tamer;Warrior,,,3,,3,,2,
622460,"Red Hare, Unrivaled Stallion",Red Hare Unrivaled Stallion,https://tcgplayer-cdn.tcgplayer.com/product/622460_200w.jpg,74,24070,https://cpt.tcgcsv.com/d_-6,2025-03-07T05:10:20,1,11.0,13.99,24.25,12.17,,Normal,Super Rare,095,"Pride 3 <em>(This ally won't obey you unless your champion is level 3 or higher. You can't attack with, intercept with, or activate abilities of allies that don't obey you.)</em><br>
<br>
As long as you control a fire or tera element unique Human ally, Red Hare loses pride, and has ""On Attack: You may discard a card. If you do, draw a card.""",Unique;Ally,Tamer;Warrior;Beast;Horse,Fire,Tamer;Warrior,,,3,,3,,2,
622461,Restorative Flame,Restorative Flame,https://tcgplayer-cdn.tcgplayer.com/product/622461_200w.jpg,74,24070,https://cpt.tcgcsv.com/f_-6,2025-03-07T05:10:20,1,0.7,1.0,5.0,1.39,,Foil,Common,096,"Banish up to three fire element cards from your graveyard. For each card banished this way, recover 2. <em>(To recover, remove that many damage counters from your champion.)</em>",Action,Cleric;Spell,Fire,Cleric,,,,,,,2,Fast
622461,Restorative Flame,Restorative Flame,https://tcgplayer-cdn.tcgplayer.com/product/622461_200w.jpg,74,24070,https://cpt.tcgcsv.com/f_-6,2025-03-07T05:10:20,1,0.09,0.15,1.42,0.15,,Normal,Common,096,"Banish up to three fire element cards from your graveyard. For each card banished this way, recover 2. <em>(To recover, remove that many damage counters from your champion.)</em>",Action,Cleric;Spell,Fire,Cleric,,,,,,,2,Fast
622462,Ritai Berserker,Ritai Berserker,https://tcgplayer-cdn.tcgplayer.com/product/622462_200w.jpg,74,24070,https://cpt.tcgcsv.com/g_-6,2025-03-07T05:10:20,1,0.77,1.03,5.0,1.06,,Foil,Common,097,"As long as your Shifting Currents face North, Ritai Berserker gets +1 power.",Ally,Warrior;Human,Fire,Warrior,,,1,"<em>While some may seek refuge from war, others embrace its flames.</em>",2,,2,
622462,Ritai Berserker,Ritai Berserker,https://tcgplayer-cdn.tcgplayer.com/product/622462_200w.jpg,74,24070,https://cpt.tcgcsv.com/g_-6,2025-03-07T05:10:20,1,0.08,0.17,1.39,0.13,,Normal,Common,097,"As long as your Shifting Currents face North, Ritai Berserker gets +1 power.",Ally,Warrior;Human,Fire,Warrior,,,1,"<em>While some may seek refuge from war, others embrace its flames.</em>",2,,2,
622463,Ritai Stablemaster,Ritai Stablemaster,https://tcgplayer-cdn.tcgplayer.com/product/622463_200w.jpg,74,24070,https://cpt.tcgcsv.com/h_-6,2025-03-07T05:10:20,1,0.17,0.86,8.0,0.77,,Normal,Rare,098,"Equestrian — On Enter: If you control a Horse ally, you may discard up to two fire element cards. For each card discarded this way, draw a card into your memory.<br>
<br>
Horse cards you activate have kindle 3.",Ally,Tamer;Human,Fire,Tamer,,,2,,1,,2,
622463,Ritai Stablemaster,Ritai Stablemaster,https://tcgplayer-cdn.tcgplayer.com/product/622463_200w.jpg,74,24070,https://cpt.tcgcsv.com/h_-6,2025-03-07T05:10:20,1,1.75,2.23,10.0,3.23,,Foil,Rare,098,"Equestrian — On Enter: If you control a Horse ally, you may discard up to two fire element cards. For each card discarded this way, draw a card into your memory.<br>
<br>
Horse cards you activate have kindle 3.",Ally,Tamer;Human,Fire,Tamer,,,2,,1,,2,
622464,Scorching Imperilment,Scorching Imperilment,https://tcgplayer-cdn.tcgplayer.com/product/622464_200w.jpg,74,24070,https://cpt.tcgcsv.com/j_-6,2025-03-07T05:10:20,1,0.13,0.24,1.52,0.27,,Normal,Uncommon,099,"[Class Bonus] This card costs 2 less to activate. <em>(Apply this effect only if your champion's class matches this card's class.)</em><br>
<br>
At the beginning of each player's end phase, that player may discard a card. If they do, they draw a card.",Phantasia,Cleric;Spell,Fire,Cleric,,,,,,,3,
622464,Scorching Imperilment,Scorching Imperilment,https://tcgplayer-cdn.tcgplayer.com/product/622464_200w.jpg,74,24070,https://cpt.tcgcsv.com/j_-6,2025-03-07T05:10:20,1,0.86,3.98,10.0,4.98,,Foil,Uncommon,099,"[Class Bonus] This card costs 2 less to activate. <em>(Apply this effect only if your champion's class matches this card's class.)</em><br>
<br>
At the beginning of each player's end phase, that player may discard a card. If they do, they draw a card.",Phantasia,Cleric;Spell,Fire,Cleric,,,,,,,3,
622465,Searing Rebuke,Searing Rebuke,https://tcgplayer-cdn.tcgplayer.com/product/622465_200w.jpg,74,24070,https://cpt.tcgcsv.com/k_-6,2025-03-07T05:10:20,1,9.99,13.0,23.0,10.89,,Normal,Super Rare,100,"Prevent the next 3 damage that would be dealt to your champion this turn.<br>
<br>
[Class Bonus] Whenever damage is prevented this way, deal 3 damage to target champion you don't control.",Action,Cleric;Spell;Reaction,Fire,Cleric,,,,,,,2,Fast
622465,Searing Rebuke,Searing Rebuke,https://tcgplayer-cdn.tcgplayer.com/product/622465_200w.jpg,74,24070,https://cpt.tcgcsv.com/k_-6,2025-03-07T05:10:20,1,19.99,24.37,37.5,24.99,,Foil,Super Rare,100,"Prevent the next 3 damage that would be dealt to your champion this turn.<br>
<br>
[Class Bonus] Whenever damage is prevented this way, deal 3 damage to target champion you don't control.",Action,Cleric;Spell;Reaction,Fire,Cleric,,,,,,,2,Fast
622466,Searing Truth,Searing Truth,https://tcgplayer-cdn.tcgplayer.com/product/622466_200w.jpg,74,24070,https://cpt.tcgcsv.com/l_-6,2025-03-07T05:10:20,1,0.14,0.22,1.52,0.19,,Normal,Uncommon,101,"Deal 2 damage to target unit.<br>
<br>
[Guo Jia Bonus] Put a quest counter on your champion. <em>(Apply this effect only if your champion is Guo Jia.)</em>",Action,Tamer;Spell,Fire,Tamer,,,,,,,2,Fast
622466,Searing Truth,Searing Truth,https://tcgplayer-cdn.tcgplayer.com/product/622466_200w.jpg,74,24070,https://cpt.tcgcsv.com/l_-6,2025-03-07T05:10:20,1,0.85,3.13,5.0,3.13,,Foil,Uncommon,101,"Deal 2 damage to target unit.<br>
<br>
[Guo Jia Bonus] Put a quest counter on your champion. <em>(Apply this effect only if your champion is Guo Jia.)</em>",Action,Tamer;Spell,Fire,Tamer,,,,,,,2,Fast
622467,Silent Firebrand,Silent Firebrand,https://tcgplayer-cdn.tcgplayer.com/product/622467_200w.jpg,74,24070,https://cpt.tcgcsv.com/m_-6,2025-03-07T05:10:20,1,0.48,1.25,5.0,2.19,,Foil,Common,102,[Class Bonus] Kindle 2 <em>(You may banish up to two fire element cards from your graveyard as you activate this card. Each one pays for (1) of this card's cost.)</em>,Ally,Assassin;Human,Fire,Assassin,,,1,<em>Ready to play with fire?</em>,3,,4,
622467,Silent Firebrand,Silent Firebrand,https://tcgplayer-cdn.tcgplayer.com/product/622467_200w.jpg,74,24070,https://cpt.tcgcsv.com/m_-6,2025-03-07T05:10:20,1,0.09,0.16,1.42,0.14,,Normal,Common,102,[Class Bonus] Kindle 2 <em>(You may banish up to two fire element cards from your graveyard as you activate this card. Each one pays for (1) of this card's cost.)</em>,Ally,Assassin;Human,Fire,Assassin,,,1,<em>Ready to play with fire?</em>,3,,4,
622468,Sly Songstress,Sly Songstress,https://tcgplayer-cdn.tcgplayer.com/product/622468_200w.jpg,74,24070,https://cpt.tcgcsv.com/n_-6,2025-03-07T05:10:20,1,0.13,0.22,1.52,0.22,,Normal,Uncommon,103,"[Class Bonus] Stealth <em>(This unit can't be targeted by attacks unless permitted by true sight.)</em><br>
<br>
Whenever you activate a Harmony or a Melody card, you may discard a card. If you do, draw a card.",Ally,Tamer;Human;Melody,Fire,Tamer,,,2,,0,,2,
622468,Sly Songstress,Sly Songstress,https://tcgplayer-cdn.tcgplayer.com/product/622468_200w.jpg,74,24070,https://cpt.tcgcsv.com/n_-6,2025-03-07T05:10:20,1,0.35,1.2,5.0,1.2,,Foil,Uncommon,103,"[Class Bonus] Stealth <em>(This unit can't be targeted by attacks unless permitted by true sight.)</em><br>
<br>
Whenever you activate a Harmony or a Melody card, you may discard a card. If you do, draw a card.",Ally,Tamer;Human;Melody,Fire,Tamer,,,2,,0,,2,
622469,Smoke Out,Smoke Out,https://tcgplayer-cdn.tcgplayer.com/product/622469_200w.jpg,74,24070,https://cpt.tcgcsv.com/p_-6,2025-03-07T05:10:20,1,0.85,1.24,5.5,1.78,,Foil,Common,104,"Deal 1 damage to target unit. If that unit has stealth, deal 4 damage to it instead.",Action,Assassin;Skill,Fire,Assassin,,,,<em>I know exactly where you're hiding.</em>,,,1,Fast
622469,Smoke Out,Smoke Out,https://tcgplayer-cdn.tcgplayer.com/product/622469_200w.jpg,74,24070,https://cpt.tcgcsv.com/p_-6,2025-03-07T05:10:20,1,0.08,0.15,1.42,0.12,,Normal,Common,104,"Deal 1 damage to target unit. If that unit has stealth, deal 4 damage to it instead.",Action,Assassin;Skill,Fire,Assassin,,,,<em>I know exactly where you're hiding.</em>,,,1,Fast
622470,Solar Providence,Solar Providence,https://tcgplayer-cdn.tcgplayer.com/product/622470_200w.jpg,74,24070,https://cpt.tcgcsv.com/q_-6,2025-03-07T05:10:20,1,0.18,0.38,2.99,0.32,,Normal,Rare,105,"Draw a card, then discard a card.<br>
<br>
[Kongming Bonus] You may change the direction of your Shifting Currents to a different direction of your choice. When you change it from facing South to North this way, deal 3 damage to target champion.",Action,Mage;Spell,Fire,Mage,,,,,,,2,Fast
622470,Solar Providence,Solar Providence,https://tcgplayer-cdn.tcgplayer.com/product/622470_200w.jpg,74,24070,https://cpt.tcgcsv.com/q_-6,2025-03-07T05:10:20,1,7.69,10.49,14.0,13.63,,Foil,Rare,105,"Draw a card, then discard a card.<br>
<br>
[Kongming Bonus] You may change the direction of your Shifting Currents to a different direction of your choice. When you change it from facing South to North this way, deal 3 damage to target champion.",Action,Mage;Spell,Fire,Mage,,,,,,,2,Fast
622471,Sunglory Sentinel,Sunglory Sentinel,https://tcgplayer-cdn.tcgplayer.com/product/622471_200w.jpg,74,24070,https://cpt.tcgcsv.com/r_-6,2025-03-07T05:10:20,1,2.49,2.99,10.0,6.47,,Foil,Rare,106,"[Class Bonus] Foster <em>(At the beginning of your recollection phase, if this ally hasn't been dealt damage since the end of your previous turn, it becomes fostered.)</em><br>
<br>
As long as Sunglory Sentinel is fostered and is attacking a champion, it gets +2 POWER.",Ally,Guardian;Human,Fire,Guardian,,,3,,1,,2,
622471,Sunglory Sentinel,Sunglory Sentinel,https://tcgplayer-cdn.tcgplayer.com/product/622471_200w.jpg,74,24070,https://cpt.tcgcsv.com/r_-6,2025-03-07T05:10:20,1,0.18,0.4,2.0,0.39,,Normal,Rare,106,"[Class Bonus] Foster <em>(At the beginning of your recollection phase, if this ally hasn't been dealt damage since the end of your previous turn, it becomes fostered.)</em><br>
<br>
As long as Sunglory Sentinel is fostered and is attacking a champion, it gets +2 POWER.",Ally,Guardian;Human,Fire,Guardian,,,3,,1,,2,
622472,Suzaku's Command,Suzakus Command,https://tcgplayer-cdn.tcgplayer.com/product/622472_200w.jpg,74,24070,https://cpt.tcgcsv.com/s_-6,2025-03-07T05:10:20,1,0.25,0.73,1.99,0.47,,Normal,Rare,107,"Target Beast ally's next attack this turn gains unblockable and gets +2 POWER. If that ally is a Shenju, that attack gets an additional +2 POWER and gains Combat damage dealt by this attack is unpreventable. <em>(An attack with unblockable can't be intercepted and ignores taunt.)</em>",Action,Tamer;Skill,Fire,Tamer,,,,,,,2,Fast
622472,Suzaku's Command,Suzakus Command,https://tcgplayer-cdn.tcgplayer.com/product/622472_200w.jpg,74,24070,https://cpt.tcgcsv.com/s_-6,2025-03-07T05:10:20,1,10.98,10.99,15.0,13.06,,Foil,Rare,107,"Target Beast ally's next attack this turn gains unblockable and gets +2 POWER. If that ally is a Shenju, that attack gets an additional +2 POWER and gains Combat damage dealt by this attack is unpreventable. <em>(An attack with unblockable can't be intercepted and ignores taunt.)</em>",Action,Tamer;Skill,Fire,Tamer,,,,,,,2,Fast
622473,Tinderflare Pivot,Tinderflare Pivot,https://tcgplayer-cdn.tcgplayer.com/product/622473_200w.jpg,74,24070,https://cpt.tcgcsv.com/t_-6,2025-03-07T05:10:20,1,0.14,0.25,1.59,0.24,,Normal,Uncommon,108,"Kindle 2 <em>(You may banish up to two fire element cards from your graveyard as you activate this card. Each one pays for (1) of this card's cost.)</em><br>
<br>
Target Ranger unit becomes distant and gains ranged 1 until end of turn. <em>(Units stay distant until the end of their controller's turn.)</em>",Action,Ranger;Skill,Fire,Ranger,,,,,,,2,Fast
622473,Tinderflare Pivot,Tinderflare Pivot,https://tcgplayer-cdn.tcgplayer.com/product/622473_200w.jpg,74,24070,https://cpt.tcgcsv.com/t_-6,2025-03-07T05:10:20,1,0.48,3.24,9.0,1.25,,Foil,Uncommon,108,"Kindle 2 <em>(You may banish up to two fire element cards from your graveyard as you activate this card. Each one pays for (1) of this card's cost.)</em><br>
<br>
Target Ranger unit becomes distant and gains ranged 1 until end of turn. <em>(Units stay distant until the end of their controller's turn.)</em>",Action,Ranger;Skill,Fire,Ranger,,,,,,,2,Fast
622474,Austere Priestess,Austere Priestess,https://tcgplayer-cdn.tcgplayer.com/product/622474_200w.jpg,74,24070,https://cpt.tcgcsv.com/v_-6,2025-03-07T05:10:20,1,0.15,0.25,1.55,0.25,,Normal,Uncommon,109,"[Class Bonus] On Enter: If you have no cards in your hand, draw a card. <em>(Apply this effect only if your champion's class matches this card's class.)</em>",Ally,Cleric;Human,Water,Cleric,,,2,"<em>In the tides of war, it is the least fortunate who suffer the heaviest burdens.</em>",2,,3,
622474,Austere Priestess,Austere Priestess,https://tcgplayer-cdn.tcgplayer.com/product/622474_200w.jpg,74,24070,https://cpt.tcgcsv.com/v_-6,2025-03-07T05:10:20,1,0.77,1.39,5.0,2.24,,Foil,Uncommon,109,"[Class Bonus] On Enter: If you have no cards in your hand, draw a card. <em>(Apply this effect only if your champion's class matches this card's class.)</em>",Ally,Cleric;Human,Water,Cleric,,,2,"<em>In the tides of war, it is the least fortunate who suffer the heaviest burdens.</em>",2,,3,
622475,Beguiling Bandit,Beguiling Bandit,https://tcgplayer-cdn.tcgplayer.com/product/622475_200w.jpg,74,24070,https://cpt.tcgcsv.com/w_-6,2025-03-07T05:10:20,1,0.33,1.0,9.99,0.82,,Foil,Uncommon,110,"Players can't declare attacks targeting Beguiling Bandit unless they pay (1) for each attack declaration.<br>
<br>
[Class Bonus] [Level 2+] Beguiling Bandit gets +1 POWER.",Ally,Assassin;Warrior;Human,Water,Assassin;Warrior,,,3,,1,,3,
622475,Beguiling Bandit,Beguiling Bandit,https://tcgplayer-cdn.tcgplayer.com/product/622475_200w.jpg,74,24070,https://cpt.tcgcsv.com/w_-6,2025-03-07T05:10:20,1,0.13,0.23,3.0,0.23,,Normal,Uncommon,110,"Players can't declare attacks targeting Beguiling Bandit unless they pay (1) for each attack declaration.<br>
<br>
[Class Bonus] [Level 2+] Beguiling Bandit gets +1 POWER.",Ally,Assassin;Warrior;Human,Water,Assassin;Warrior,,,3,,1,,3,
622476,Captivating Opulence,Captivating Opulence,https://tcgplayer-cdn.tcgplayer.com/product/622476_200w.jpg,74,24070,https://cpt.tcgcsv.com/x_-6,2025-03-07T05:10:20,1,4.6,9.05,35.0,8.65,,Normal,Super Rare,111,"On Enter: Draw a card into your memory.<br>
<br>
[Diao Chan Bonus] Activated abilities of regalias you don't control cost (2) more to activate.",Unique;Phantasia,Cleric;Spell,Water,Cleric,,,,<em>Looks truly are deceiving.</em>,,,3,
622476,Captivating Opulence,Captivating Opulence,https://tcgplayer-cdn.tcgplayer.com/product/622476_200w.jpg,74,24070,https://cpt.tcgcsv.com/x_-6,2025-03-07T05:10:20,1,43.45,43.66,44.99,43.86,,Foil,Super Rare,111,"On Enter: Draw a card into your memory.<br>
<br>
[Diao Chan Bonus] Activated abilities of regalias you don't control cost (2) more to activate.",Unique;Phantasia,Cleric;Spell,Water,Cleric,,,,<em>Looks truly are deceiving.</em>,,,3,
622477,Carpsong Coda,Carpsong Coda,https://tcgplayer-cdn.tcgplayer.com/product/622477_200w.jpg,74,24070,https://cpt.tcgcsv.com/z_-6,2025-03-07T05:10:20,1,0.12,0.33,3.0,0.29,,Normal,Rare,112,"Harmonize — If you've activated a Melody card this turn, put the top four cards of your deck into your graveyard.<br>
<br>
Deal an amount of damage to target unit equal to the highest LIFE stat among water element Animal and Beast ally cards in your graveyard.",Action,Tamer;Skill;Harmony,Water,Tamer,,,,,,,2,Fast
622477,Carpsong Coda,Carpsong Coda,https://tcgplayer-cdn.tcgplayer.com/product/622477_200w.jpg,74,24070,https://cpt.tcgcsv.com/z_-6,2025-03-07T05:10:20,1,0.48,1.91,6.94,2.35,,Foil,Rare,112,"Harmonize — If you've activated a Melody card this turn, put the top four cards of your deck into your graveyard.<br>
<br>
Deal an amount of damage to target unit equal to the highest LIFE stat among water element Animal and Beast ally cards in your graveyard.",Action,Tamer;Skill;Harmony,Water,Tamer,,,,,,,2,Fast
622478,Ceasing Edict,Ceasing Edict,https://tcgplayer-cdn.tcgplayer.com/product/622478_200w.jpg,74,24070,https://cpt.tcgcsv.com/B_-6,2025-03-07T05:10:20,1,0.13,0.23,1.51,0.23,,Normal,Uncommon,113,"As long as your Shifting Currents face South, this card costs 2 less to activate.<br>
<br>
[Kongming Bonus] If a unit is attacking, end the combat phase. <em>(As a phase ends, banish all triggers, activations, and materializations on the effects stack.)</em>",Action,Mage;Spell;Reaction,Water,Mage,,,,,,,2,Fast
622478,Ceasing Edict,Ceasing Edict,https://tcgplayer-cdn.tcgplayer.com/product/622478_200w.jpg,74,24070,https://cpt.tcgcsv.com/B_-6,2025-03-07T05:10:20,1,1.75,3.93,6.0,3.2,,Foil,Uncommon,113,"As long as your Shifting Currents face South, this card costs 2 less to activate.<br>
<br>
[Kongming Bonus] If a unit is attacking, end the combat phase. <em>(As a phase ends, banish all triggers, activations, and materializations on the effects stack.)</em>",Action,Mage;Spell;Reaction,Water,Mage,,,,,,,2,Fast
622479,Conniving Plans,Conniving Plans,https://tcgplayer-cdn.tcgplayer.com/product/622479_200w.jpg,74,24070,https://cpt.tcgcsv.com/C_-6,2025-03-07T05:10:20,1,14.99,16.5,18.0,13.78,,Foil,Rare,114,"Put the top two cards of your deck into your graveyard.<br>
<br>
Deluge 4 — If there are four or more water element cards in your graveyard, put a preparation counter on your champion and draw a card into your memory.",Action,Assassin;Skill,Water,Assassin,,,,,,,2,Fast
622479,Conniving Plans,Conniving Plans,https://tcgplayer-cdn.tcgplayer.com/product/622479_200w.jpg,74,24070,https://cpt.tcgcsv.com/C_-6,2025-03-07T05:10:20,1,0.25,0.81,1.99,0.51,,Normal,Rare,114,"Put the top two cards of your deck into your graveyard.<br>
<br>
Deluge 4 — If there are four or more water element cards in your graveyard, put a preparation counter on your champion and draw a card into your memory.",Action,Assassin;Skill,Water,Assassin,,,,,,,2,Fast
622480,Convalescing Mare,Convalescing Mare,https://tcgplayer-cdn.tcgplayer.com/product/622480_200w.jpg,74,24070,https://cpt.tcgcsv.com/D_-6,2025-03-07T05:10:20,1,1.94,2.87,6.0,4.69,,Foil,Uncommon,115,"[Class Bonus] Fast Activation <em>(You may activate this card at fast speed.)</em><br>
<br>
[Class Bonus] On Enter: Recover 1. Other allies you control get +1 LIFE until end of turn.",Ally,Cleric;Tamer;Animal;Horse,Water,Cleric;Tamer,,,3,,1,,2,
622480,Convalescing Mare,Convalescing Mare,https://tcgplayer-cdn.tcgplayer.com/product/622480_200w.jpg,74,24070,https://cpt.tcgcsv.com/D_-6,2025-03-07T05:10:20,1,0.14,0.26,3.0,0.26,,Normal,Uncommon,115,"[Class Bonus] Fast Activation <em>(You may activate this card at fast speed.)</em><br>
<br>
[Class Bonus] On Enter: Recover 1. Other allies you control get +1 LIFE until end of turn.",Ally,Cleric;Tamer;Animal;Horse,Water,Cleric;Tamer,,,3,,1,,2,
622481,Delusional Vapors,Delusional Vapors,https://tcgplayer-cdn.tcgplayer.com/product/622481_200w.jpg,74,24070,https://cpt.tcgcsv.com/F_-6,2025-03-07T05:10:20,1,0.24,0.74,9.99,0.33,,Normal,Rare,116,"[Class Bonus] Prepare 2<br>
<br>
Target opponent puts the top eight cards of their deck into their graveyard. Then if Delusional Vapors was prepared, whenever that opponent draws a card this turn, they put the top four cards of their deck into their graveyard.",Action,Assassin;Skill,Water,Assassin,,,,,,,3,Fast
622481,Delusional Vapors,Delusional Vapors,https://tcgplayer-cdn.tcgplayer.com/product/622481_200w.jpg,74,24070,https://cpt.tcgcsv.com/F_-6,2025-03-07T05:10:20,1,2.62,13.6,25.0,15.75,,Foil,Rare,116,"[Class Bonus] Prepare 2<br>
<br>
Target opponent puts the top eight cards of their deck into their graveyard. Then if Delusional Vapors was prepared, whenever that opponent draws a card this turn, they put the top four cards of their deck into their graveyard.",Action,Assassin;Skill,Water,Assassin,,,,,,,3,Fast
622482,"Dian Wei, Valorant Fury",Dian Wei Valorant Fury,https://tcgplayer-cdn.tcgplayer.com/product/622482_200w.jpg,74,24070,https://cpt.tcgcsv.com/G_-6,2025-03-07T05:10:20,1,1.0,1.7,3.99,1.42,,Normal,Super Rare,117,"[Class Bonus] On Enter: For each Human ally you control, put the top card of your deck into your graveyard.<br>
<br>
[Class Bonus] Deluge 6 — As long as you have six or more water element cards in your graveyard, other Human allies you control get +1 POWER.",Unique;Ally,Warrior;Human,Water,Warrior,,,2,,2,,3,
622482,"Dian Wei, Valorant Fury",Dian Wei Valorant Fury,https://tcgplayer-cdn.tcgplayer.com/product/622482_200w.jpg,74,24070,https://cpt.tcgcsv.com/G_-6,2025-03-07T05:10:20,1,13.26,16.17,24.0,,,Foil,Super Rare,117,"[Class Bonus] On Enter: For each Human ally you control, put the top card of your deck into your graveyard.<br>
<br>
[Class Bonus] Deluge 6 — As long as you have six or more water element cards in your graveyard, other Human allies you control get +1 POWER.",Unique;Ally,Warrior;Human,Water,Warrior,,,2,,2,,3,
622483,Disciple of the Waves,Disciple of the Waves,https://tcgplayer-cdn.tcgplayer.com/product/622483_200w.jpg,74,24070,https://cpt.tcgcsv.com/H_-6,2025-03-07T05:10:20,1,0.4,1.69,7.24,0.76,,Foil,Common,118,"Deluge 3 — As long as you have three or more water element cards in your graveyard, this card costs 1 less to activate.",Ally,Mage;Human,Water,Mage,,,2,"<em>Trained in the sacred teachings of the Black Tortoise, they follow the ocean's flow, serving those graced by its enduring currents.</em>",2,,3,
622483,Disciple of the Waves,Disciple of the Waves,https://tcgplayer-cdn.tcgplayer.com/product/622483_200w.jpg,74,24070,https://cpt.tcgcsv.com/H_-6,2025-03-07T05:10:20,1,0.09,0.16,1.42,0.13,,Normal,Common,118,"Deluge 3 — As long as you have three or more water element cards in your graveyard, this card costs 1 less to activate.",Ally,Mage;Human,Water,Mage,,,2,"<em>Trained in the sacred teachings of the Black Tortoise, they follow the ocean's flow, serving those graced by its enduring currents.</em>",2,,3,
622484,Dissonant Fractal,Dissonant Fractal,https://tcgplayer-cdn.tcgplayer.com/product/622484_200w.jpg,74,24070,https://cpt.tcgcsv.com/J_-6,2025-03-07T05:10:20,1,0.1,0.18,1.42,0.15,,Normal,Common,119,"On Enter: Glimpse 4.<br>
<br>
As long as you control two or more other phantasias, Dissonant Fractal has reservable. <em>(While paying for a reserve cost, you may rest this object to pay for 1 of that cost.)</em>",Phantasia,Cleric;Fractal,Water,Cleric,,,,,,,1,
622484,Dissonant Fractal,Dissonant Fractal,https://tcgplayer-cdn.tcgplayer.com/product/622484_200w.jpg,74,24070,https://cpt.tcgcsv.com/J_-6,2025-03-07T05:10:20,1,7.0,9.2,12.75,9.41,,Foil,Common,119,"On Enter: Glimpse 4.<br>
<br>
As long as you control two or more other phantasias, Dissonant Fractal has reservable. <em>(While paying for a reserve cost, you may rest this object to pay for 1 of that cost.)</em>",Phantasia,Cleric;Fractal,Water,Cleric,,,,,,,1,
622485,Drowned Exorcist,Drowned Exorcist,https://tcgplayer-cdn.tcgplayer.com/product/622485_200w.jpg,74,24070,https://cpt.tcgcsv.com/K_-6,2025-03-07T05:10:20,1,4.43,5.75,20.64,14.47,,Foil,Rare,120,"[Level 2+] On Enter: Each player banishes all non-water element cards from their graveyard. <br>
Deluge 8 — On Death: If you have eight or more water element cards in your graveyard, draw two cards.",Ally,Cleric;Human,Water,Cleric,,,2,,2,,4,
622485,Drowned Exorcist,Drowned Exorcist,https://tcgplayer-cdn.tcgplayer.com/product/622485_200w.jpg,74,24070,https://cpt.tcgcsv.com/K_-6,2025-03-07T05:10:20,1,0.3,0.55,9.5,0.52,,Normal,Rare,120,"[Level 2+] On Enter: Each player banishes all non-water element cards from their graveyard. <br>
Deluge 8 — On Death: If you have eight or more water element cards in your graveyard, draw two cards.",Ally,Cleric;Human,Water,Cleric,,,2,,2,,4,
622486,Dynasty Chancellor,Dynasty Chancellor,https://tcgplayer-cdn.tcgplayer.com/product/622486_200w.jpg,74,24070,https://cpt.tcgcsv.com/L_-6,2025-03-07T05:10:20,1,0.17,0.48,6.21,0.4,,Normal,Rare,121,"Intercept<br>
<br>
On Enter: If your Shifting Currents face North, put the top two cards of your deck into your graveyard.<br>
<br>
Deluge 3 — On Death: If you have three or more water element cards in your graveyard, draw a card.",Ally,Mage;Human,Water,Mage,,,1,,0,,2,
622486,Dynasty Chancellor,Dynasty Chancellor,https://tcgplayer-cdn.tcgplayer.com/product/622486_200w.jpg,74,24070,https://cpt.tcgcsv.com/L_-6,2025-03-07T05:10:20,1,0.85,7.98,15.0,8.85,,Foil,Rare,121,"Intercept<br>
<br>
On Enter: If your Shifting Currents face North, put the top two cards of your deck into your graveyard.<br>
<br>
Deluge 3 — On Death: If you have three or more water element cards in your graveyard, draw a card.",Ally,Mage;Human,Water,Mage,,,1,,0,,2,
622487,Extricating Touch,Extricating Touch,https://tcgplayer-cdn.tcgplayer.com/product/622487_200w.jpg,74,24070,https://cpt.tcgcsv.com/M_-6,2025-03-07T05:10:20,1,49.99,52.93,70.0,55.22,,Foil,Super Rare,122,"[Class Bonus] This card costs 1 less to activate.<br>
<br>
Target player reveals your choice of their hand or memory. Choose a card from among the revealed cards and discard it.",Action,Cleric;Mage;Spell,Water,Cleric;Mage,,,,,,,3,Slow
622487,Extricating Touch,Extricating Touch,https://tcgplayer-cdn.tcgplayer.com/product/622487_200w.jpg,74,24070,https://cpt.tcgcsv.com/M_-6,2025-03-07T05:10:20,1,8.9,11.97,25.0,8.55,,Normal,Super Rare,122,"[Class Bonus] This card costs 1 less to activate.<br>
<br>
Target player reveals your choice of their hand or memory. Choose a card from among the revealed cards and discard it.",Action,Cleric;Mage;Spell,Water,Cleric;Mage,,,,,,,3,Slow
622488,Floating Peace,Floating Peace,https://tcgplayer-cdn.tcgplayer.com/product/622488_200w.jpg,74,24070,https://cpt.tcgcsv.com/N_-6,2025-03-07T05:10:20,1,1.98,3.98,8.95,7.65,,Foil,Uncommon,123,"Recover 1+X, where X is the amount of Fatestone and Fatebound objects you control.<br>
<br>
Floating Memory <em>(While paying for a memory cost, you may banish this card from your graveyard to pay for 1 of that cost.)</em>",Action,Tamer;Spell,Water,Tamer,,,,,,,3,Fast
622488,Floating Peace,Floating Peace,https://tcgplayer-cdn.tcgplayer.com/product/622488_200w.jpg,74,24070,https://cpt.tcgcsv.com/N_-6,2025-03-07T05:10:20,1,0.11,0.24,1.47,0.24,,Normal,Uncommon,123,"Recover 1+X, where X is the amount of Fatestone and Fatebound objects you control.<br>
<br>
Floating Memory <em>(While paying for a memory cost, you may banish this card from your graveyard to pay for 1 of that cost.)</em>",Action,Tamer;Spell,Water,Tamer,,,,,,,3,Fast
622489,Fluvial Fatestone // Mocking Otter,Fluvial Fatestone Mocking Otter,https://tcgplayer-cdn.tcgplayer.com/product/622489_200w.jpg,74,24070,https://cpt.tcgcsv.com/P_-6,2025-03-07T05:10:20,2,1.49,2.0,14.99,,,Foil,Uncommon,124,"Fast Activation <em>(You may activate this card at fast speed.)</em><br>
<br>
On Enter: Target ally you control gets +2 LIFE until end of turn.<br>
<br>
[Guo Jia Bonus] (4), [REST]: Put the top two cards of your deck into your graveyard. Transform Fluvial Fatestone.<br>
<br><br><br>
<strong>Mocking Otter</strong><br>
Taunt <em>(While awake, this ally must be targeted before other units you control during your opponents' attack declarations if able.)</em><br>
<br>
Retort 2 <em>(As long as this ally is retaliating, it gets +2 POWER.)</em>",Item,Beast;Tamer;Fatebound;Fatestone;Otter,Water,Tamer,,,2,,1,,2,
622489,Fluvial Fatestone // Mocking Otter,Fluvial Fatestone Mocking Otter,https://tcgplayer-cdn.tcgplayer.com/product/622489_200w.jpg,74,24070,https://cpt.tcgcsv.com/P_-6,2025-03-07T05:10:20,2,0.14,0.27,3.0,0.27,,Normal,Uncommon,124,"Fast Activation <em>(You may activate this card at fast speed.)</em><br>
<br>
On Enter: Target ally you control gets +2 LIFE until end of turn.<br>
<br>
[Guo Jia Bonus] (4), [REST]: Put the top two cards of your deck into your graveyard. Transform Fluvial Fatestone.<br>
<br><br><br>
<strong>Mocking Otter</strong><br>
Taunt <em>(While awake, this ally must be targeted before other units you control during your opponents' attack declarations if able.)</em><br>
<br>
Retort 2 <em>(As long as this ally is retaliating, it gets +2 POWER.)</em>",Item,Beast;Tamer;Fatebound;Fatestone;Otter,Water,Tamer,,,2,,1,,2,
622490,Forgetful Concoction,Forgetful Concoction,https://tcgplayer-cdn.tcgplayer.com/product/622490_200w.jpg,74,24070,https://cpt.tcgcsv.com/Q_-6,2025-03-07T05:10:20,1,0.08,0.15,1.4,0.11,,Normal,Common,125,"Brew — One Root, One Herb<br>
<br>
Hindered <em>(This object enters the field rested.)</em><br>
<br>
REST, Sacrifice Forgetful Concoction: Banish two cards at random from target opponent's memory. Return those cards to their memory at the beginning of their next end phase. Draw a card.",Item,Cleric;Potion,Water,Cleric,,,,,,,7,
622490,Forgetful Concoction,Forgetful Concoction,https://tcgplayer-cdn.tcgplayer.com/product/622490_200w.jpg,74,24070,https://cpt.tcgcsv.com/Q_-6,2025-03-07T05:10:20,1,0.36,1.0,5.0,1.61,,Foil,Common,125,"Brew — One Root, One Herb<br>
<br>
Hindered <em>(This object enters the field rested.)</em><br>
<br>
REST, Sacrifice Forgetful Concoction: Banish two cards at random from target opponent's memory. Return those cards to their memory at the beginning of their next end phase. Draw a card.",Item,Cleric;Potion,Water,Cleric,,,,,,,7,
622491,Genbu's Command,Genbus Command,https://tcgplayer-cdn.tcgplayer.com/product/622491_200w.jpg,74,24070,https://cpt.tcgcsv.com/R_-6,2025-03-07T05:10:20,1,2.49,2.99,6.0,3.5,,Foil,Rare,126,"Target Beast ally gets +3 LIFE until end of turn. If that ally is a Shenju, recover 6. <em>(To recover, remove that many damage counters from your champion.)</em>",Action,Tamer;Skill,Water,Tamer,,,,"<em>Through the help of her peers, Guo Jia was able to finally meet Genbu and for the first time, she felt hope.</em>",,,2,Fast
622491,Genbu's Command,Genbus Command,https://tcgplayer-cdn.tcgplayer.com/product/622491_200w.jpg,74,24070,https://cpt.tcgcsv.com/R_-6,2025-03-07T05:10:20,1,0.18,0.35,5.0,0.33,,Normal,Rare,126,"Target Beast ally gets +3 LIFE until end of turn. If that ally is a Shenju, recover 6. <em>(To recover, remove that many damage counters from your champion.)</em>",Action,Tamer;Skill,Water,Tamer,,,,"<em>Through the help of her peers, Guo Jia was able to finally meet Genbu and for the first time, she felt hope.</em>",,,2,Fast
622492,Keeper of the Wild,Keeper of the Wild,https://tcgplayer-cdn.tcgplayer.com/product/622492_200w.jpg,74,24070,https://cpt.tcgcsv.com/S_-6,2025-03-07T05:10:20,1,0.35,0.91,5.0,0.85,,Foil,Common,128,"Sacrifice Keeper of the Wild: Up to one target Animal or Beast ally you control gets +2 LIFE until end of turn.<br>
<br>
[Class Bonus] Floating Memory <em>(While paying for a memory cost, you may banish this card from your graveyard to pay for 1 of that cost.)</em>",Ally,Tamer;Human,Water,Tamer,,,1,,1,,2,
622492,Keeper of the Wild,Keeper of the Wild,https://tcgplayer-cdn.tcgplayer.com/product/622492_200w.jpg,74,24070,https://cpt.tcgcsv.com/S_-6,2025-03-07T05:10:20,1,0.1,0.16,1.42,0.12,,Normal,Common,128,"Sacrifice Keeper of the Wild: Up to one target Animal or Beast ally you control gets +2 LIFE until end of turn.<br>
<br>
[Class Bonus] Floating Memory <em>(While paying for a memory cost, you may banish this card from your graveyard to pay for 1 of that cost.)</em>",Ally,Tamer;Human,Water,Tamer,,,1,,1,,2,
622493,Lively Chorale,Lively Chorale,https://tcgplayer-cdn.tcgplayer.com/product/622493_200w.jpg,74,24070,https://cpt.tcgcsv.com/T_-6,2025-03-07T05:10:20,1,0.49,1.89,5.0,1.22,,Foil,Common,129,"Target Animal or Beast ally you control gets +3 LIFE until end of turn. <br>
<br>
[Class Bonus] Floating Memory <em>(While paying for a memory cost, you may banish this card from your graveyard to pay for 1 of that cost.)</em>",Action,Tamer;Skill;Melody,Water,Tamer,,,,,,,2,Fast
622493,Lively Chorale,Lively Chorale,https://tcgplayer-cdn.tcgplayer.com/product/622493_200w.jpg,74,24070,https://cpt.tcgcsv.com/T_-6,2025-03-07T05:10:20,1,0.09,0.15,1.4,0.11,,Normal,Common,129,"Target Animal or Beast ally you control gets +3 LIFE until end of turn. <br>
<br>
[Class Bonus] Floating Memory <em>(While paying for a memory cost, you may banish this card from your graveyard to pay for 1 of that cost.)</em>",Action,Tamer;Skill;Melody,Water,Tamer,,,,,,,2,Fast
622494,Mana Resonance,Mana Resonance,https://tcgplayer-cdn.tcgplayer.com/product/622494_200w.jpg,74,24070,https://cpt.tcgcsv.com/V_-6,2025-03-07T05:10:20,1,9.0,9.99,19.99,12.26,,Foil,Rare,130,"[Class Bonus] This card costs X less to activate, where X is the highest reserve cost among Spell cards your opponents control on the effects stack.<br>
<br>
Draw a card. Then if no cards were reserved into your memory to pay for this card's reserve cost, draw an additional card.",Action,Cleric;Spell;Reaction,Water,Cleric,,,,,,,5,Fast
622494,Mana Resonance,Mana Resonance,https://tcgplayer-cdn.tcgplayer.com/product/622494_200w.jpg,74,24070,https://cpt.tcgcsv.com/V_-6,2025-03-07T05:10:20,1,0.2,0.63,9.99,0.57,,Normal,Rare,130,"[Class Bonus] This card costs X less to activate, where X is the highest reserve cost among Spell cards your opponents control on the effects stack.<br>
<br>
Draw a card. Then if no cards were reserved into your memory to pay for this card's reserve cost, draw an additional card.",Action,Cleric;Spell;Reaction,Water,Cleric,,,,,,,5,Fast
622495,Misteye Archer,Misteye Archer,https://tcgplayer-cdn.tcgplayer.com/product/622495_200w.jpg,74,24070,https://cpt.tcgcsv.com/W_-6,2025-03-07T05:10:20,1,3.44,3.47,3.99,3.59,,Foil,Rare,131,"[Class Bonus] Ranged 2 <br>
<br>
(3), REST: Look at the top card of your deck. If it's a water element card, you may put it into your graveyard. If you do, Misteye Archer becomes distant and prevent the next 2 damage that would be dealt to it this turn.",Ally,Ranger;Human,Water,Ranger,,,3,,1,,3,
622495,Misteye Archer,Misteye Archer,https://tcgplayer-cdn.tcgplayer.com/product/622495_200w.jpg,74,24070,https://cpt.tcgcsv.com/W_-6,2025-03-07T05:10:20,1,0.19,0.65,2.27,0.44,,Normal,Rare,131,"[Class Bonus] Ranged 2 <br>
<br>
(3), REST: Look at the top card of your deck. If it's a water element card, you may put it into your graveyard. If you do, Misteye Archer becomes distant and prevent the next 2 damage that would be dealt to it this turn.",Ally,Ranger;Human,Water,Ranger,,,3,,1,,3,
622496,Mistsworn Magister,Mistsworn Magister,https://tcgplayer-cdn.tcgplayer.com/product/622496_200w.jpg,74,24070,https://cpt.tcgcsv.com/X_-6,2025-03-07T05:10:20,1,0.09,0.18,1.42,0.17,,Normal,Uncommon,132,"[Class Bonus] Intercept <em>(Whenever your champion is attacked while this ally is awake, you may redirect that attack to this ally.)</em><br>
<br>
Deluge 3 — On Death: If you have three or more water element cards in your graveyard, put two enlighten counters on your champion.",Ally,Mage;Human,Water,Mage,,,3,,1,,2,
622496,Mistsworn Magister,Mistsworn Magister,https://tcgplayer-cdn.tcgplayer.com/product/622496_200w.jpg,74,24070,https://cpt.tcgcsv.com/X_-6,2025-03-07T05:10:20,1,0.78,1.35,5.99,1.55,,Foil,Uncommon,132,"[Class Bonus] Intercept <em>(Whenever your champion is attacked while this ally is awake, you may redirect that attack to this ally.)</em><br>
<br>
Deluge 3 — On Death: If you have three or more water element cards in your graveyard, put two enlighten counters on your champion.",Ally,Mage;Human,Water,Mage,,,3,,1,,2,
622497,Moontide Illusionist,Moontide Illusionist,https://tcgplayer-cdn.tcgplayer.com/product/622497_200w.jpg,74,24070,https://cpt.tcgcsv.com/Z_-6,2025-03-07T05:10:20,1,0.13,0.25,1.47,0.25,,Normal,Uncommon,133,"Imbue 2 <em>(You may reserve all cards revealed as you activate this card. If at least two of them are water element, this card becomes imbued.)</em><br>
<br>
Intercept<br>
<br>
On Death: If Moontide Illusionist was imbued, put the top two cards of your deck into your graveyard.",Ally,Cleric;Human,Water,Cleric,,,2,,0,,2,
622497,Moontide Illusionist,Moontide Illusionist,https://tcgplayer-cdn.tcgplayer.com/product/622497_200w.jpg,74,24070,https://cpt.tcgcsv.com/Z_-6,2025-03-07T05:10:20,1,0.95,1.0,19.31,1.51,,Foil,Uncommon,133,"Imbue 2 <em>(You may reserve all cards revealed as you activate this card. If at least two of them are water element, this card becomes imbued.)</em><br>
<br>
Intercept<br>
<br>
On Death: If Moontide Illusionist was imbued, put the top two cards of your deck into your graveyard.",Ally,Cleric;Human,Water,Cleric,,,2,,0,,2,
622498,Outrider of Waves,Outrider of Waves,https://tcgplayer-cdn.tcgplayer.com/product/622498_200w.jpg,74,24070,https://cpt.tcgcsv.com/-_-6,2025-03-07T05:10:20,1,0.7,1.73,5.0,2.45,,Foil,Common,134,"Ranged 2 <em>(As long as this unit is distant, its attacks get +2 power.)</em>",Ally,Ranger;Human,Water,Ranger,,,4,<em>May this arrow be guided by Genbu's flowing wisdom.</em>,1,,3,
622498,Outrider of Waves,Outrider of Waves,https://tcgplayer-cdn.tcgplayer.com/product/622498_200w.jpg,74,24070,https://cpt.tcgcsv.com/-_-6,2025-03-07T05:10:20,1,0.09,0.17,1.4,0.13,,Normal,Common,134,"Ranged 2 <em>(As long as this unit is distant, its attacks get +2 power.)</em>",Ally,Ranger;Human,Water,Ranger,,,4,<em>May this arrow be guided by Genbu's flowing wisdom.</em>,1,,3,
622499,Pelagic Fatestone // Slick Torrentrider,Pelagic Fatestone Slick Torrentrider,https://tcgplayer-cdn.tcgplayer.com/product/622499_200w.jpg,74,24070,https://cpt.tcgcsv.com/__-6,2025-03-07T05:10:20,2,3.56,5.09,19.21,3.95,,Normal,Super Rare,135,"On Enter: Draw a card into your memory.<br>
<br>
[Guo Jia Bonus] Whenever this card is banished from your graveyard to pay for a memory cost, put it onto the field transformed.<br>
<br>
Floating Memory<br>
<br>
<strong>Slick Torrentrider</strong><br>
<br>
At the beginning of your recollection phase, put the top card of your deck into your graveyard.",Ally;Item,Beast;Tamer;Fatebound;Fatestone;Dolphin,Water,Tamer,,,3,"<em>Dolphins are regarded as the protectors of the sea, known to guide lost sailors through the most treacherous of waters.</em>",0,,4,
622499,Pelagic Fatestone // Slick Torrentrider,Pelagic Fatestone Slick Torrentrider,https://tcgplayer-cdn.tcgplayer.com/product/622499_200w.jpg,74,24070,https://cpt.tcgcsv.com/__-6,2025-03-07T05:10:20,2,34.65,35.0,39.99,35.12,,Foil,Super Rare,135,"On Enter: Draw a card into your memory.<br>
<br>
[Guo Jia Bonus] Whenever this card is banished from your graveyard to pay for a memory cost, put it onto the field transformed.<br>
<br>
Floating Memory<br>
<br>
<strong>Slick Torrentrider</strong><br>
<br>
At the beginning of your recollection phase, put the top card of your deck into your graveyard.",Ally;Item,Beast;Tamer;Fatebound;Fatestone;Dolphin,Water,Tamer,,,3,"<em>Dolphins are regarded as the protectors of the sea, known to guide lost sailors through the most treacherous of waters.</em>",0,,4,
622500,Resonating Fugue,Resonating Fugue,https://tcgplayer-cdn.tcgplayer.com/product/622500_200w.jpg,74,24070,https://cpt.tcgcsv.com/00_6,2025-03-07T05:10:20,1,30.99,31.49,31.99,32.53,,Foil,Super Rare,136,"[Class Bonus] This card costs 2 less to activate.<br>
Switch the power and life stat of target Animal or Beast ally you control until end of turn. <em>(Apply this effect after all other stat modifying effects.)</em>",Action,Tamer;Skill;Melody,Water,Tamer,,,,,,,4,Fast
622500,Resonating Fugue,Resonating Fugue,https://tcgplayer-cdn.tcgplayer.com/product/622500_200w.jpg,74,24070,https://cpt.tcgcsv.com/00_6,2025-03-07T05:10:20,1,2.75,4.0,14.84,2.93,,Normal,Super Rare,136,"[Class Bonus] This card costs 2 less to activate.<br>
Switch the power and life stat of target Animal or Beast ally you control until end of turn. <em>(Apply this effect after all other stat modifying effects.)</em>",Action,Tamer;Skill;Melody,Water,Tamer,,,,,,,4,Fast
622501,Seaside Rangefinder,Seaside Rangefinder,https://tcgplayer-cdn.tcgplayer.com/product/622501_200w.jpg,74,24070,https://cpt.tcgcsv.com/20_6,2025-03-07T05:10:20,1,0.2,0.93,7.5,0.34,,Normal,Rare,137,"Ranged 2 <em>(As long as this unit is distant, its attacks get +2 POWER.)</em><br>
<br>
[Class Bonus] [Element Bonus] (2), Banish this card from your graveyard: Target unit becomes distant. <em>(Activate this ability only if your champion's class matches this card's class.)</em>",Ally,Ranger;Human,Water,Ranger,,,2,,2,,3,
622501,Seaside Rangefinder,Seaside Rangefinder,https://tcgplayer-cdn.tcgplayer.com/product/622501_200w.jpg,74,24070,https://cpt.tcgcsv.com/20_6,2025-03-07T05:10:20,1,7.99,9.09,11.14,11.14,,Foil,Rare,137,"Ranged 2 <em>(As long as this unit is distant, its attacks get +2 POWER.)</em><br>
<br>
[Class Bonus] [Element Bonus] (2), Banish this card from your graveyard: Target unit becomes distant. <em>(Activate this ability only if your champion's class matches this card's class.)</em>",Ally,Ranger;Human,Water,Ranger,,,2,,2,,3,
622502,Sleety Retreat,Sleety Retreat,https://tcgplayer-cdn.tcgplayer.com/product/622502_200w.jpg,74,24070,https://cpt.tcgcsv.com/30_6,2025-03-07T05:10:20,1,3.99,5.0,15.0,5.22,,Foil,Rare,138,"Deluge 4 — As long as there are four or more water element cards in your graveyard, this card costs 2 less to activate. <br>
Target Ranger unit becomes distant. If that unit is defending, end the combat phase unless an opponent pays (2).",Action,Ranger;Skill;Reaction,Water,Ranger,,,,,,,2,Fast
622502,Sleety Retreat,Sleety Retreat,https://tcgplayer-cdn.tcgplayer.com/product/622502_200w.jpg,74,24070,https://cpt.tcgcsv.com/30_6,2025-03-07T05:10:20,1,0.12,0.3,2.99,0.19,,Normal,Rare,138,"Deluge 4 — As long as there are four or more water element cards in your graveyard, this card costs 2 less to activate. <br>
Target Ranger unit becomes distant. If that unit is defending, end the combat phase unless an opponent pays (2).",Action,Ranger;Skill;Reaction,Water,Ranger,,,,,,,2,Fast
622503,Splashing Spearguard,Splashing Spearguard,https://tcgplayer-cdn.tcgplayer.com/product/622503_200w.jpg,74,24070,https://cpt.tcgcsv.com/50_6,2025-03-07T05:10:20,1,0.7,1.95,6.0,3.23,,Foil,Common,139,"Imbue 3 <em>(You may reserve all cards revealed as you activate this card. If at least three of them are water element, this card becomes imbued.)</em><br>
<br>
On Enter: If Splashing Spearguard is imbued, target player puts the top two cards of their deck into their graveyard.",Ally,Warrior;Human,Water,Warrior,,,3,"<em>The enemy is numerous, but the tide is immeasurable.
<em>(for length reference)</em></em>",1,,3,
622503,Splashing Spearguard,Splashing Spearguard,https://tcgplayer-cdn.tcgplayer.com/product/622503_200w.jpg,74,24070,https://cpt.tcgcsv.com/50_6,2025-03-07T05:10:20,1,0.09,0.18,1.42,0.17,,Normal,Common,139,"Imbue 3 <em>(You may reserve all cards revealed as you activate this card. If at least three of them are water element, this card becomes imbued.)</em><br>
<br>
On Enter: If Splashing Spearguard is imbued, target player puts the top two cards of their deck into their graveyard.",Ally,Warrior;Human,Water,Warrior,,,3,"<em>The enemy is numerous, but the tide is immeasurable.
<em>(for length reference)</em></em>",1,,3,
622504,Submerged Fatestone // Commanding Sea Titan,Submerged Fatestone Commanding Sea Titan,https://tcgplayer-cdn.tcgplayer.com/product/622504_200w.jpg,74,24070,https://cpt.tcgcsv.com/60_6,2025-03-07T05:10:20,2,1.05,5.35,23.0,4.74,,Foil,Rare,140,"Champions you don't control get -1 level.<br>
<br>
[Guo Jia Bonus] At the beginning of your recollection phase, you may banish a card with floating memory from your graveyard. If you do, transform Submerged Fatestone.<br>
<br>
<strong>Commanding Sea Titan</strong><br>
<br>
""Champions you don't control get -1 level.<br>
<br>
Taunt <em>(While awake, this ally must be targeted before other units you control during your opponents' attack declarations if able.)</em>""",Ally;Item,Beast;Tamer;Fatebound;Fatestone;Whale,Water,Tamer,,,5,,1,,2,
622504,Submerged Fatestone // Commanding Sea Titan,Submerged Fatestone Commanding Sea Titan,https://tcgplayer-cdn.tcgplayer.com/product/622504_200w.jpg,74,24070,https://cpt.tcgcsv.com/60_6,2025-03-07T05:10:20,2,0.32,1.49,9.01,1.53,,Normal,Rare,140,"Champions you don't control get -1 level.<br>
<br>
[Guo Jia Bonus] At the beginning of your recollection phase, you may banish a card with floating memory from your graveyard. If you do, transform Submerged Fatestone.<br>
<br>
<strong>Commanding Sea Titan</strong><br>
<br>
""Champions you don't control get -1 level.<br>
<br>
Taunt <em>(While awake, this ally must be targeted before other units you control during your opponents' attack declarations if able.)</em>""",Ally;Item,Beast;Tamer;Fatebound;Fatestone;Whale,Water,Tamer,,,5,,1,,2,
622505,Think Deep,Think Deep,https://tcgplayer-cdn.tcgplayer.com/product/622505_200w.jpg,74,24070,https://cpt.tcgcsv.com/70_6,2025-03-07T05:10:20,1,0.65,1.5,7.99,1.71,,Foil,Common,141,"This card costs 2 less to activate as long as you control a Fatestone or a Fatebound object. <br>
<br>
Glimpse 2, then put up to two cards from the top of your deck into your graveyard.",Action,Tamer;Spell,Water,Tamer,,,,,,,4,Fast
622505,Think Deep,Think Deep,https://tcgplayer-cdn.tcgplayer.com/product/622505_200w.jpg,74,24070,https://cpt.tcgcsv.com/70_6,2025-03-07T05:10:20,1,0.08,0.18,1.39,0.1,,Normal,Common,141,"This card costs 2 less to activate as long as you control a Fatestone or a Fatebound object. <br>
<br>
Glimpse 2, then put up to two cards from the top of your deck into your graveyard.",Action,Tamer;Spell,Water,Tamer,,,,,,,4,Fast
622506,Tidebreaker Sentinel,Tidebreaker Sentinel,https://tcgplayer-cdn.tcgplayer.com/product/622506_200w.jpg,74,24070,https://cpt.tcgcsv.com/80_6,2025-03-07T05:10:20,1,0.16,0.48,2.99,0.48,,Normal,Rare,142,"[Class Bonus] Foster<br>
<br>
On Foster: Put the top three cards of your deck into your graveyard.<br>
<br>
As long as Tidebreaker Sentinel is fostered, it gets +2 LIFE and has taunt.",Ally,Guardian;Human,Water,Guardian,,,3,,0,,3,
622506,Tidebreaker Sentinel,Tidebreaker Sentinel,https://tcgplayer-cdn.tcgplayer.com/product/622506_200w.jpg,74,24070,https://cpt.tcgcsv.com/80_6,2025-03-07T05:10:20,1,6.0,7.99,10.0,8.21,,Foil,Rare,142,"[Class Bonus] Foster<br>
<br>
On Foster: Put the top three cards of your deck into your graveyard.<br>
<br>
As long as Tidebreaker Sentinel is fostered, it gets +2 LIFE and has taunt.",Ally,Guardian;Human,Water,Guardian,,,3,,0,,3,
622507,Tidestone Seeker,Tidestone Seeker,https://tcgplayer-cdn.tcgplayer.com/product/622507_200w.jpg,74,24070,https://cpt.tcgcsv.com/90_6,2025-03-07T05:10:20,1,0.39,0.75,5.0,0.83,,Foil,Common,143,"[Class Bonus] On Enter: Glimpse 3. <em>(To glimpse, look at that many cards from the top of your deck. Put those cards back on the top or on the bottom of your deck in any order.)</em>",Ally,Cleric;Human,Water,Cleric,,,3,<em>Genbu's tides reveal all.</em>,1,,2,
622507,Tidestone Seeker,Tidestone Seeker,https://tcgplayer-cdn.tcgplayer.com/product/622507_200w.jpg,74,24070,https://cpt.tcgcsv.com/90_6,2025-03-07T05:10:20,1,0.09,0.21,1.42,0.26,,Normal,Common,143,"[Class Bonus] On Enter: Glimpse 3. <em>(To glimpse, look at that many cards from the top of your deck. Put those cards back on the top or on the bottom of your deck in any order.)</em>",Ally,Cleric;Human,Water,Cleric,,,3,<em>Genbu's tides reveal all.</em>,1,,2,
622508,Waterfall Veiler,Waterfall Veiler,https://tcgplayer-cdn.tcgplayer.com/product/622508_200w.jpg,74,24070,https://cpt.tcgcsv.com/b0_6,2025-03-07T05:10:20,1,0.13,0.21,1.5,0.21,,Normal,Uncommon,144,"[Class Bonus] Stealth <em>(This unit can't be targeted by attacks unless permitted by true sight.)</em> <br>
On Champion Hit: That opponent puts the top four cards of their deck into their graveyard.",Ally,Assassin;Human,Water,Assassin,,,1,,1,,3,
622508,Waterfall Veiler,Waterfall Veiler,https://tcgplayer-cdn.tcgplayer.com/product/622508_200w.jpg,74,24070,https://cpt.tcgcsv.com/b0_6,2025-03-07T05:10:20,1,1.95,2.46,14.99,2.71,,Foil,Uncommon,144,"[Class Bonus] Stealth <em>(This unit can't be targeted by attacks unless permitted by true sight.)</em> <br>
On Champion Hit: That opponent puts the top four cards of their deck into their graveyard.",Ally,Assassin;Human,Water,Assassin,,,1,,1,,3,
622509,Waterlogged Ranger,Waterlogged Ranger,https://tcgplayer-cdn.tcgplayer.com/product/622509_200w.jpg,74,24070,https://cpt.tcgcsv.com/c0_6,2025-03-07T05:10:20,1,3.46,3.99,9.99,5.15,,Foil,Uncommon,145,"Ranged 2 <em>(As long as this unit is distant, its attacks get +2 POWER.)</em><br>
<br>
Deluge 3 — On Enter: If you have three or more water element cards in your graveyard, Waterlogged Ranger becomes distant. <em>(Units stay distant until the end of their controller's turn.)</em>",Ally,Ranger;Human,Water,Ranger,,,2,,2,,3,
622509,Waterlogged Ranger,Waterlogged Ranger,https://tcgplayer-cdn.tcgplayer.com/product/622509_200w.jpg,74,24070,https://cpt.tcgcsv.com/c0_6,2025-03-07T05:10:20,1,0.09,0.2,1.5,0.17,,Normal,Uncommon,145,"Ranged 2 <em>(As long as this unit is distant, its attacks get +2 POWER.)</em><br>
<br>
Deluge 3 — On Enter: If you have three or more water element cards in your graveyard, Waterlogged Ranger becomes distant. <em>(Units stay distant until the end of their controller's turn.)</em>",Ally,Ranger;Human,Water,Ranger,,,2,,2,,3,
622510,"Xuchang, Frozen Citadel",Xuchang Frozen Citadel,https://tcgplayer-cdn.tcgplayer.com/product/622510_200w.jpg,74,24070,https://cpt.tcgcsv.com/d0_6,2025-03-07T05:10:20,1,49.99,59.5,100.0,55.04,,Foil,Super Rare,146,"<em>(Siegeable — This domain can be attacked. It takes damage in the form of removing durability counters.)</em><br>
<br>
At the beginning of each opponent's recollection phase, that player may banish a card with floating memory from their graveyard. If they don't, the next card they activate this turn costs 2 more to activate.",Unique;Domain,Mage;Siegeable;Castle,Water,Mage,,,,,,4,3,
622510,"Xuchang, Frozen Citadel",Xuchang Frozen Citadel,https://tcgplayer-cdn.tcgplayer.com/product/622510_200w.jpg,74,24070,https://cpt.tcgcsv.com/d0_6,2025-03-07T05:10:20,1,10.0,13.0,34.99,12.51,,Normal,Super Rare,146,"<em>(Siegeable — This domain can be attacked. It takes damage in the form of removing durability counters.)</em><br>
<br>
At the beginning of each opponent's recollection phase, that player may banish a card with floating memory from their graveyard. If they don't, the next card they activate this turn costs 2 more to activate.",Unique;Domain,Mage;Siegeable;Castle,Water,Mage,,,,,,4,3,
622511,"Zhang He, Cloak of Night",Zhang He Cloak of Night,https://tcgplayer-cdn.tcgplayer.com/product/622511_200w.jpg,74,24070,https://cpt.tcgcsv.com/f0_6,2025-03-07T05:10:20,1,0.19,0.49,2.0,0.33,,Normal,Super Rare,147,[Class Bonus] On Enter: Another target ally you control gains stealth for as long as you control Zhang He.,Unique;Ally,Assassin;Human,Water,Assassin,,,2,"<em>Victory lies not only in the clash of weapons, but in the unseen currents that steer the flow of fate.</em>",2,,3,
622511,"Zhang He, Cloak of Night",Zhang He Cloak of Night,https://tcgplayer-cdn.tcgplayer.com/product/622511_200w.jpg,74,24070,https://cpt.tcgcsv.com/f0_6,2025-03-07T05:10:20,1,8.96,9.97,15.0,12.4,,Foil,Super Rare,147,[Class Bonus] On Enter: Another target ally you control gains stealth for as long as you control Zhang He.,Unique;Ally,Assassin;Human,Water,Assassin,,,2,"<em>Victory lies not only in the clash of weapons, but in the unseen currents that steer the flow of fate.</em>",2,,3,
622512,"Baidi, Oathsworn Palace",Baidi Oathsworn Palace,https://tcgplayer-cdn.tcgplayer.com/product/622512_200w.jpg,74,24070,https://cpt.tcgcsv.com/g0_6,2025-03-07T05:10:20,1,4.99,8.0,20.0,11.92,,Foil,Super Rare,148,"<em>(Siegeable — This domain can be attacked. It takes damage in the form of removing durability counters.)</em><br>
<br>
Ranger units you control have ranged 1.",Unique;Domain,Ranger;Siegeable;Castle,Wind,Ranger,,,,,,6,2,
622512,"Baidi, Oathsworn Palace",Baidi Oathsworn Palace,https://tcgplayer-cdn.tcgplayer.com/product/622512_200w.jpg,74,24070,https://cpt.tcgcsv.com/g0_6,2025-03-07T05:10:20,1,0.39,0.6,3.0,0.59,,Normal,Super Rare,148,"<em>(Siegeable — This domain can be attacked. It takes damage in the form of removing durability counters.)</em><br>
<br>
Ranger units you control have ranged 1.",Unique;Domain,Ranger;Siegeable;Castle,Wind,Ranger,,,,,,6,2,
622513,Beseeched Fatestone // Daunting Panda,Beseeched Fatestone Daunting Panda,https://tcgplayer-cdn.tcgplayer.com/product/622513_200w.jpg,74,24070,https://cpt.tcgcsv.com/h0_6,2025-03-07T05:10:20,2,29.99,29.99,34.99,28.43,,Foil,Super Rare,149,"On Enter: Materialize a card from your material deck.<br>
<br>
[Guo Jia Bonus] (6), REST: Transform Beseeched Fatestone. This ability costs (2) less to activate for each card you've materialized this turn.<br>
<br>
<strong>Daunting Panda</strong><br>
Vigor <em>(At the beginning of your end phase, wake up this unit.)</em>",Ally;Item,Beast;Tamer;Bear;Fatebound;Fatestone,Wind,Tamer,,,4,"<em>Contrary to popular belief, Sanguo's pandas are known to be some of the most ferocious beasts with strong ties to the world's leylines.</em>",3,,6,
622513,Beseeched Fatestone // Daunting Panda,Beseeched Fatestone Daunting Panda,https://tcgplayer-cdn.tcgplayer.com/product/622513_200w.jpg,74,24070,https://cpt.tcgcsv.com/h0_6,2025-03-07T05:10:20,2,6.0,9.14,20.0,9.12,,Normal,Super Rare,149,"On Enter: Materialize a card from your material deck.<br>
<br>
[Guo Jia Bonus] (6), REST: Transform Beseeched Fatestone. This ability costs (2) less to activate for each card you've materialized this turn.<br>
<br>
<strong>Daunting Panda</strong><br>
Vigor <em>(At the beginning of your end phase, wake up this unit.)</em>",Ally;Item,Beast;Tamer;Bear;Fatebound;Fatestone,Wind,Tamer,,,4,"<em>Contrary to popular belief, Sanguo's pandas are known to be some of the most ferocious beasts with strong ties to the world's leylines.</em>",3,,6,
622514,Byakko's Command,Byakkos Command,https://tcgplayer-cdn.tcgplayer.com/product/622514_200w.jpg,74,24070,https://cpt.tcgcsv.com/j0_6,2025-03-07T05:10:20,1,0.45,0.78,2.99,0.71,,Normal,Rare,150,"Put a buff counter on target Beast ally. If that ally is a Shenju, wake it up.",Action,Tamer;Skill,Wind,Tamer,,,,<em>The wisdom Byakko bestowed upon her was this: that fighting was often a necessary evil to pave the path for peace.</em>,,,2,Fast
622514,Byakko's Command,Byakkos Command,https://tcgplayer-cdn.tcgplayer.com/product/622514_200w.jpg,74,24070,https://cpt.tcgcsv.com/j0_6,2025-03-07T05:10:20,1,3.75,7.08,20.0,8.95,,Foil,Rare,150,"Put a buff counter on target Beast ally. If that ally is a Shenju, wake it up.",Action,Tamer;Skill,Wind,Tamer,,,,<em>The wisdom Byakko bestowed upon her was this: that fighting was often a necessary evil to pave the path for peace.</em>,,,2,Fast
622515,Captain Archer,Captain Archer,https://tcgplayer-cdn.tcgplayer.com/product/622515_200w.jpg,74,24070,https://cpt.tcgcsv.com/k0_6,2025-03-07T05:10:20,1,10.76,13.0,27.5,14.52,,Foil,Rare,151,"Imbue 4<br>
<br>
[Class Bonus] On Enter: If Captain Archer is imbued, look at the top six cards of your deck. You may put a wind element ally card with reserve cost 3 or less from among them onto the field distant. Put the rest on the bottom of your deck in any order.",Ally,Ranger;Human,Wind,Ranger,,,1,,1,,4,
622515,Captain Archer,Captain Archer,https://tcgplayer-cdn.tcgplayer.com/product/622515_200w.jpg,74,24070,https://cpt.tcgcsv.com/k0_6,2025-03-07T05:10:20,1,0.18,0.64,9.91,0.51,,Normal,Rare,151,"Imbue 4<br>
<br>
[Class Bonus] On Enter: If Captain Archer is imbued, look at the top six cards of your deck. You may put a wind element ally card with reserve cost 3 or less from among them onto the field distant. Put the rest on the bottom of your deck in any order.",Ally,Ranger;Human,Wind,Ranger,,,1,,1,,4,
622516,Courtside Beastkeeper,Courtside Beastkeeper,https://tcgplayer-cdn.tcgplayer.com/product/622516_200w.jpg,74,24070,https://cpt.tcgcsv.com/l0_6,2025-03-07T05:10:20,1,0.05,0.17,1.4,0.11,,Normal,Common,152,[Class Bonus] Beast allies you control get +1 power. <em>(Apply this effect only if your champion's class matches this card's class.)</em>,Ally,Tamer;Human,Wind,Tamer,,,3,"<em>The inner court is no less a battlefield, where friends of any nature become a kind of solace.</em>",1,,2,
622516,Courtside Beastkeeper,Courtside Beastkeeper,https://tcgplayer-cdn.tcgplayer.com/product/622516_200w.jpg,74,24070,https://cpt.tcgcsv.com/l0_6,2025-03-07T05:10:20,1,0.63,1.95,8.0,1.9,,Foil,Common,152,[Class Bonus] Beast allies you control get +1 power. <em>(Apply this effect only if your champion's class matches this card's class.)</em>,Ally,Tamer;Human,Wind,Tamer,,,3,"<em>The inner court is no less a battlefield, where friends of any nature become a kind of solace.</em>",1,,2,
622517,Cyclonic Fatestone // Windstalker Wolf,Cyclonic Fatestone Windstalker Wolf,https://tcgplayer-cdn.tcgplayer.com/product/622517_200w.jpg,74,24070,https://cpt.tcgcsv.com/m0_6,2025-03-07T05:10:20,2,0.16,0.28,3.0,0.28,,Normal,Uncommon,153,"Fast Activation <em>(You may activate this card at fast speed.)</em><br>
<br>
On Enter: Suppress target attacking ally you don't control.<br>
<br>
[Guo Jia Bonus] (3), REST: Transform Cyclonic Fatestone.<br>
<br>
<strong>Windstalker Wolf</strong><br>
Pride 5 <em>(This ally won't obey you unless your champion is level 5 or higher. You can't attack with, intercept with, or activate abilities of allies that don't obey you.)</em>",Ally;Item,Beast;Tamer;Wolf;Fatebound;Fatestone,Wind,Tamer,,,5,,5,,3,
622517,Cyclonic Fatestone // Windstalker Wolf,Cyclonic Fatestone Windstalker Wolf,https://tcgplayer-cdn.tcgplayer.com/product/622517_200w.jpg,74,24070,https://cpt.tcgcsv.com/m0_6,2025-03-07T05:10:20,2,2.12,2.41,10.0,4.6,,Foil,Uncommon,153,"Fast Activation <em>(You may activate this card at fast speed.)</em><br>
<br>
On Enter: Suppress target attacking ally you don't control.<br>
<br>
[Guo Jia Bonus] (3), REST: Transform Cyclonic Fatestone.<br>
<br>
<strong>Windstalker Wolf</strong><br>
Pride 5 <em>(This ally won't obey you unless your champion is level 5 or higher. You can't attack with, intercept with, or activate abilities of allies that don't obey you.)</em>",Ally;Item,Beast;Tamer;Wolf;Fatebound;Fatestone,Wind,Tamer,,,5,,5,,3,
622518,Evanescent Winds,Evanescent Winds,https://tcgplayer-cdn.tcgplayer.com/product/622518_200w.jpg,74,24070,https://cpt.tcgcsv.com/n0_6,2025-03-07T05:10:20,1,0.14,0.28,1.59,0.27,,Normal,Uncommon,154,"Phantasia allies you control get +2 LIFE until end of turn.<br>
<br>
[Class Bonus] Floating Memory <em>(While paying for a memory cost, you may banish this card from your graveyard to pay for 1 of that cost.)</em>",Action,Cleric;Spell;Reaction,Wind,Cleric,,,,,,,2,Fast
622518,Evanescent Winds,Evanescent Winds,https://tcgplayer-cdn.tcgplayer.com/product/622518_200w.jpg,74,24070,https://cpt.tcgcsv.com/n0_6,2025-03-07T05:10:20,1,0.48,1.71,7.19,1.79,,Foil,Uncommon,154,"Phantasia allies you control get +2 LIFE until end of turn.<br>
<br>
[Class Bonus] Floating Memory <em>(While paying for a memory cost, you may banish this card from your graveyard to pay for 1 of that cost.)</em>",Action,Cleric;Spell;Reaction,Wind,Cleric,,,,,,,2,Fast
622519,Fleetfoot Filly,Fleetfoot Filly,https://tcgplayer-cdn.tcgplayer.com/product/622519_200w.jpg,74,24070,https://cpt.tcgcsv.com/p0_6,2025-03-07T05:10:20,1,0.49,0.77,4.99,2.73,,Foil,Common,155,"Whenever a player suppresses an object, put a buff counter on Fleetfoot Filly. <em>(Allies get +1 power and +1 life for each buff counter on them.)</em>",Ally,Tamer;Animal;Horse,Wind,Tamer,,,2,"<em>A free-spirited horse, invigorated by the wind through its mane as it races across the open plains.</em>",2,,3,
622519,Fleetfoot Filly,Fleetfoot Filly,https://tcgplayer-cdn.tcgplayer.com/product/622519_200w.jpg,74,24070,https://cpt.tcgcsv.com/p0_6,2025-03-07T05:10:20,1,0.06,0.15,1.37,0.12,,Normal,Common,155,"Whenever a player suppresses an object, put a buff counter on Fleetfoot Filly. <em>(Allies get +1 power and +1 life for each buff counter on them.)</em>",Ally,Tamer;Animal;Horse,Wind,Tamer,,,2,"<em>A free-spirited horse, invigorated by the wind through its mane as it races across the open plains.</em>",2,,3,
622520,Galewind Scout,Galewind Scout,https://tcgplayer-cdn.tcgplayer.com/product/622520_200w.jpg,74,24070,https://cpt.tcgcsv.com/q0_6,2025-03-07T05:10:20,1,1.44,2.09,5.0,2.99,,Foil,Common,156,"Ranged 3 <em>(As long as this unit is distant, its attacks get +3 POWER.)</em>",Ally,Ranger;Human,Wind,Ranger,,,2,<em>May this arrow be carried by Byakko's relentless tempest.</em>,2,,3,
622520,Galewind Scout,Galewind Scout,https://tcgplayer-cdn.tcgplayer.com/product/622520_200w.jpg,74,24070,https://cpt.tcgcsv.com/q0_6,2025-03-07T05:10:20,1,0.1,0.15,1.42,0.14,,Normal,Common,156,"Ranged 3 <em>(As long as this unit is distant, its attacks get +3 POWER.)</em>",Ally,Ranger;Human,Wind,Ranger,,,2,<em>May this arrow be carried by Byakko's relentless tempest.</em>,2,,3,
622521,Inquisitive Magician,Inquisitive Magician,https://tcgplayer-cdn.tcgplayer.com/product/622521_200w.jpg,74,24070,https://cpt.tcgcsv.com/r0_6,2025-03-07T05:10:20,1,0.14,0.25,1.52,0.25,,Normal,Uncommon,157,"On Enter: You may reveal two Mage cards from your hand and/or memory. If you do, put an enlighten counter on your champion. <em>(You may remove three enlighten counters from your champion to draw a card.)</em>",Ally,Mage;Human,Wind,Mage,,,2,,2,,3,
622521,Inquisitive Magician,Inquisitive Magician,https://tcgplayer-cdn.tcgplayer.com/product/622521_200w.jpg,74,24070,https://cpt.tcgcsv.com/r0_6,2025-03-07T05:10:20,1,0.85,2.95,5.0,3.1,,Foil,Uncommon,157,"On Enter: You may reveal two Mage cards from your hand and/or memory. If you do, put an enlighten counter on your champion. <em>(You may remove three enlighten counters from your champion to draw a card.)</em>",Ally,Mage;Human,Wind,Mage,,,2,,2,,3,
622522,Invigorating Concoction,Invigorating Concoction,https://tcgplayer-cdn.tcgplayer.com/product/622522_200w.jpg,74,24070,https://cpt.tcgcsv.com/s0_6,2025-03-07T05:10:20,1,0.18,0.69,3.99,0.71,,Foil,Common,158,"Brew — One Flower, One Herb <em>(You may sacrifice the listed objects rather than pay this card's reserve cost.)</em><br>
<br>
Hindered <em>(This object enters the field rested.)</em><br>
<br>
REST, Sacrifice Invigorating Concoction: Put two buff counters on up to one target ally. Draw a card.",Item,Cleric;Potion,Wind,Cleric,,,,,,,7,
622522,Invigorating Concoction,Invigorating Concoction,https://tcgplayer-cdn.tcgplayer.com/product/622522_200w.jpg,74,24070,https://cpt.tcgcsv.com/s0_6,2025-03-07T05:10:20,1,0.09,0.15,1.42,0.13,,Normal,Common,158,"Brew — One Flower, One Herb <em>(You may sacrifice the listed objects rather than pay this card's reserve cost.)</em><br>
<br>
Hindered <em>(This object enters the field rested.)</em><br>
<br>
REST, Sacrifice Invigorating Concoction: Put two buff counters on up to one target ally. Draw a card.",Item,Cleric;Potion,Wind,Cleric,,,,,,,7,
622523,Jadelight Protector,Jadelight Protector,https://tcgplayer-cdn.tcgplayer.com/product/622523_200w.jpg,74,24070,https://cpt.tcgcsv.com/t0_6,2025-03-07T05:10:20,1,0.14,0.3,1.88,0.25,,Normal,Rare,159,"As long as your Shifting Currents face South, allies you control have steadfast and retort 1. <em>(An ally with steadfast can retaliate while rested and doesn't rest to do so. As long as an ally with retort 1 is retaliating, it gets +1 power.)</em>",Ally,Guardian;Human,Wind,Guardian,,,3,,2,,4,
622523,Jadelight Protector,Jadelight Protector,https://tcgplayer-cdn.tcgplayer.com/product/622523_200w.jpg,74,24070,https://cpt.tcgcsv.com/t0_6,2025-03-07T05:10:20,1,3.9,4.43,13.0,4.99,,Foil,Rare,159,"As long as your Shifting Currents face South, allies you control have steadfast and retort 1. <em>(An ally with steadfast can retaliate while rested and doesn't rest to do so. As long as an ally with retort 1 is retaliating, it gets +1 power.)</em>",Ally,Guardian;Human,Wind,Guardian,,,3,,2,,4,
622524,"Ma Chao, Lupine Huntress",Ma Chao Lupine Huntress,https://tcgplayer-cdn.tcgplayer.com/product/622524_200w.jpg,74,24070,https://cpt.tcgcsv.com/v0_6,2025-03-07T05:10:20,1,0.93,1.54,6.5,1.49,,Normal,Super Rare,160,"[Class Bonus] [Level 2+] Ma Chao gets +1 POWER and has vigor.<br>
<br>
On Enter: Target opponent banishes two cards from their graveyard. If you control an Animal or Beast ally, that player banishes four cards from their graveyard instead.",Unique;Ally,Tamer;Human,Wind,Tamer,,,2,,1,,3,
622524,"Ma Chao, Lupine Huntress",Ma Chao Lupine Huntress,https://tcgplayer-cdn.tcgplayer.com/product/622524_200w.jpg,74,24070,https://cpt.tcgcsv.com/v0_6,2025-03-07T05:10:20,1,10.69,13.74,29.5,15.8,,Foil,Super Rare,160,"[Class Bonus] [Level 2+] Ma Chao gets +1 POWER and has vigor.<br>
<br>
On Enter: Target opponent banishes two cards from their graveyard. If you control an Animal or Beast ally, that player banishes four cards from their graveyard instead.",Unique;Ally,Tamer;Human,Wind,Tamer,,,2,,1,,3,
622525,Maiden of Glimmer's Dusk,Maiden of Glimmers Dusk,https://tcgplayer-cdn.tcgplayer.com/product/622525_200w.jpg,74,24070,https://cpt.tcgcsv.com/w0_6,2025-03-07T05:10:20,1,0.17,0.27,1.5,0.27,,Normal,Uncommon,161,[Class Bonus] This card costs 1 less to activate for each of up to two phantasias you control. <em>(Apply this effect only if your champion's class matches this card's class.)</em>,Phantasia;Ally,Cleric;Apparition,Wind,Cleric,,,2,<em>May the dusk veil your desires.</em>,2,,3,
622525,Maiden of Glimmer's Dusk,Maiden of Glimmers Dusk,https://tcgplayer-cdn.tcgplayer.com/product/622525_200w.jpg,74,24070,https://cpt.tcgcsv.com/w0_6,2025-03-07T05:10:20,1,0.78,0.98,9.99,2.21,,Foil,Uncommon,161,[Class Bonus] This card costs 1 less to activate for each of up to two phantasias you control. <em>(Apply this effect only if your champion's class matches this card's class.)</em>,Phantasia;Ally,Cleric;Apparition,Wind,Cleric,,,2,<em>May the dusk veil your desires.</em>,2,,3,
622526,Maiden of Reverent Gale,Maiden of Reverent Gale,https://tcgplayer-cdn.tcgplayer.com/product/622526_200w.jpg,74,24070,https://cpt.tcgcsv.com/x0_6,2025-03-07T05:10:20,1,2.42,4.27,7.0,3.95,,Foil,Uncommon,162,"Intercept<br>
<br>
[Diao Chan Bonus] On Death: Return target wind element Spell action card from your graveyard to your memory. <em>(Trigger this ability only if your champion is Diao Chan.)</em>",Phantasia;Ally,Cleric;Apparition,Wind,Cleric,,,2,,0,,3,
622526,Maiden of Reverent Gale,Maiden of Reverent Gale,https://tcgplayer-cdn.tcgplayer.com/product/622526_200w.jpg,74,24070,https://cpt.tcgcsv.com/x0_6,2025-03-07T05:10:20,1,0.14,0.25,1.52,0.24,,Normal,Uncommon,162,"Intercept<br>
<br>
[Diao Chan Bonus] On Death: Return target wind element Spell action card from your graveyard to your memory. <em>(Trigger this ability only if your champion is Diao Chan.)</em>",Phantasia;Ally,Cleric;Apparition,Wind,Cleric,,,2,,0,,3,
622527,Maiden of Shrouded Fog,Maiden of Shrouded Fog,https://tcgplayer-cdn.tcgplayer.com/product/622527_200w.jpg,74,24070,https://cpt.tcgcsv.com/z0_6,2025-03-07T05:10:20,1,0.84,3.25,4.99,3.9,,Foil,Rare,163,"[Class Bonus] Spellshroud <em>(Units with spellshroud can't be targeted by Spells.)</em><br>
<br>
Whenever you activate a card from your memory, put a buff counter on target phantasia ally you control.",Phantasia;Ally,Cleric;Apparition,Wind,Cleric,,,2,,2,,3,
622527,Maiden of Shrouded Fog,Maiden of Shrouded Fog,https://tcgplayer-cdn.tcgplayer.com/product/622527_200w.jpg,74,24070,https://cpt.tcgcsv.com/z0_6,2025-03-07T05:10:20,1,0.17,0.26,2.48,0.25,,Normal,Rare,163,"[Class Bonus] Spellshroud <em>(Units with spellshroud can't be targeted by Spells.)</em><br>
<br>
Whenever you activate a card from your memory, put a buff counter on target phantasia ally you control.",Phantasia;Ally,Cleric;Apparition,Wind,Cleric,,,2,,2,,3,
622528,Modulating Cadence,Modulating Cadence,https://tcgplayer-cdn.tcgplayer.com/product/622528_200w.jpg,74,24070,https://cpt.tcgcsv.com/B0_6,2025-03-07T05:10:20,1,0.13,0.24,1.52,0.24,,Normal,Uncommon,164,"[Class Bonus] This card costs 1 less to activate for each Animal ally you control.<br>
<br>
Look at the top eight cards of your deck. You may reveal a Harmony or Melody card from among them and put it into your hand. Put the rest on the bottom of your deck in any order.",Action,Tamer;Skill;Melody,Wind,Tamer,,,,,,,4,Slow
622528,Modulating Cadence,Modulating Cadence,https://tcgplayer-cdn.tcgplayer.com/product/622528_200w.jpg,74,24070,https://cpt.tcgcsv.com/B0_6,2025-03-07T05:10:20,1,0.99,1.98,5.0,3.35,,Foil,Uncommon,164,"[Class Bonus] This card costs 1 less to activate for each Animal ally you control.<br>
<br>
Look at the top eight cards of your deck. You may reveal a Harmony or Melody card from among them and put it into your hand. Put the rest on the bottom of your deck in any order.",Action,Tamer;Skill;Melody,Wind,Tamer,,,,,,,4,Slow
622529,Pluming Crescendo,Pluming Crescendo,https://tcgplayer-cdn.tcgplayer.com/product/622529_200w.jpg,74,24070,https://cpt.tcgcsv.com/C0_6,2025-03-07T05:10:20,1,0.85,1.67,6.0,1.98,,Foil,Uncommon,165,"Harmonize — If you've activated a Melody card this turn, summon two Fledgling tokens.<br>
<br>
Animals you control get +1 POWER until end of turn.",Action,Tamer;Skill;Harmony,Wind,Tamer,,,,"<em>From the earliest times, humanity has shared a profound bond with winged creatures of the skies.</em>",,,3,Slow
622529,Pluming Crescendo,Pluming Crescendo,https://tcgplayer-cdn.tcgplayer.com/product/622529_200w.jpg,74,24070,https://cpt.tcgcsv.com/C0_6,2025-03-07T05:10:20,1,0.14,0.25,1.5,0.26,,Normal,Uncommon,165,"Harmonize — If you've activated a Melody card this turn, summon two Fledgling tokens.<br>
<br>
Animals you control get +1 POWER until end of turn.",Action,Tamer;Skill;Harmony,Wind,Tamer,,,,"<em>From the earliest times, humanity has shared a profound bond with winged creatures of the skies.</em>",,,3,Slow
622530,Poised Bowman,Poised Bowman,https://tcgplayer-cdn.tcgplayer.com/product/622530_200w.jpg,74,24070,https://cpt.tcgcsv.com/D0_6,2025-03-07T05:10:20,1,0.79,1.47,4.49,2.57,,Foil,Common,166,"Ranged 3 <em>(As long as this unit is distant, its attacks get +3 POWER.)</em><br>
<br>
On Enter: Poised Bowman gains vigor until end of turn. <em>(At the beginning of the end phase, wake up this ally with vigor.)</em>",Ally,Ranger;Human,Wind,Ranger,,,3,,1,,3,
622530,Poised Bowman,Poised Bowman,https://tcgplayer-cdn.tcgplayer.com/product/622530_200w.jpg,74,24070,https://cpt.tcgcsv.com/D0_6,2025-03-07T05:10:20,1,0.05,0.17,1.4,0.09,,Normal,Common,166,"Ranged 3 <em>(As long as this unit is distant, its attacks get +3 POWER.)</em><br>
<br>
On Enter: Poised Bowman gains vigor until end of turn. <em>(At the beginning of the end phase, wake up this ally with vigor.)</em>",Ally,Ranger;Human,Wind,Ranger,,,3,,1,,3,
622531,Primeval Ritual,Primeval Ritual,https://tcgplayer-cdn.tcgplayer.com/product/622531_200w.jpg,74,24070,https://cpt.tcgcsv.com/F0_6,2025-03-07T05:10:20,1,0.1,0.21,1.47,0.21,,Normal,Uncommon,167,"As an additional cost to activate this card, sacrifice an ally. <br>
<br>
Return target wind element card from your graveyard to your memory.",Action,Mage;Spell,Wind,Mage,,,,"<em>In order to gain, something must first be lost.</em>",,,3,Fast
622531,Primeval Ritual,Primeval Ritual,https://tcgplayer-cdn.tcgplayer.com/product/622531_200w.jpg,74,24070,https://cpt.tcgcsv.com/F0_6,2025-03-07T05:10:20,1,0.44,0.89,8.0,1.72,,Foil,Uncommon,167,"As an additional cost to activate this card, sacrifice an ally. <br>
<br>
Return target wind element card from your graveyard to your memory.",Action,Mage;Spell,Wind,Mage,,,,"<em>In order to gain, something must first be lost.</em>",,,3,Fast
622532,Razorblade Execution,Razorblade Execution,https://tcgplayer-cdn.tcgplayer.com/product/622532_200w.jpg,74,24070,https://cpt.tcgcsv.com/G0_6,2025-03-07T05:10:20,1,0.97,1.29,9.99,2.32,,Foil,Common,168,"Imbue 3 <em>(You may reserve all cards revealed as you activate this card. If at least three of them are wind element, this card becomes imbued.)</em><br>
<br>
[Class Bonus] On Kill: If Razorblade Execution is imbued, put a preparation counter on your champion.",Attack,Assassin;Fan,Wind,Assassin,,,,,4,,3,
622532,Razorblade Execution,Razorblade Execution,https://tcgplayer-cdn.tcgplayer.com/product/622532_200w.jpg,74,24070,https://cpt.tcgcsv.com/G0_6,2025-03-07T05:10:20,1,0.06,0.15,1.37,0.1,,Normal,Common,168,"Imbue 3 <em>(You may reserve all cards revealed as you activate this card. If at least three of them are wind element, this card becomes imbued.)</em><br>
<br>
[Class Bonus] On Kill: If Razorblade Execution is imbued, put a preparation counter on your champion.",Attack,Assassin;Fan,Wind,Assassin,,,,,4,,3,
622533,Rearing Rebound,Rearing Rebound,https://tcgplayer-cdn.tcgplayer.com/product/622533_200w.jpg,74,24070,https://cpt.tcgcsv.com/H0_6,2025-03-07T05:10:20,1,0.14,0.2,1.56,0.2,,Normal,Uncommon,169,"Suppress target ally. <em>(To suppress an ally, banish it and return it to the field under its owner's control at the beginning of the next end phase.)</em><br>
<br>
Equestrian — If you control a Horse ally, draw a card into your memory.",Action,Cleric;Spell;Reaction,Wind,Cleric,,,,,,,3,Fast
622533,Rearing Rebound,Rearing Rebound,https://tcgplayer-cdn.tcgplayer.com/product/622533_200w.jpg,74,24070,https://cpt.tcgcsv.com/H0_6,2025-03-07T05:10:20,1,0.48,0.75,6.99,2.09,,Foil,Uncommon,169,"Suppress target ally. <em>(To suppress an ally, banish it and return it to the field under its owner's control at the beginning of the next end phase.)</em><br>
<br>
Equestrian — If you control a Horse ally, draw a card into your memory.",Action,Cleric;Spell;Reaction,Wind,Cleric,,,,,,,3,Fast
622534,Rebounding Gust,Rebounding Gust,https://tcgplayer-cdn.tcgplayer.com/product/622534_200w.jpg,74,24070,https://cpt.tcgcsv.com/J0_6,2025-03-07T05:10:20,1,0.05,0.15,1.4,0.13,,Normal,Common,170,"This card costs 2 less to activate as long as it's targeting an attacking ally.<br>
Return target ally to its owner's memory.",Action,Cleric;Spell;Reaction,Wind,Cleric,,,,<em>The winds call for you to come home.</em>,,,3,Fast
622534,Rebounding Gust,Rebounding Gust,https://tcgplayer-cdn.tcgplayer.com/product/622534_200w.jpg,74,24070,https://cpt.tcgcsv.com/J0_6,2025-03-07T05:10:20,1,0.97,1.73,5.2,2.45,,Foil,Common,170,"This card costs 2 less to activate as long as it's targeting an attacking ally.<br>
Return target ally to its owner's memory.",Action,Cleric;Spell;Reaction,Wind,Cleric,,,,<em>The winds call for you to come home.</em>,,,3,Fast
622535,Rilewind Sentinel,Rilewind Sentinel,https://tcgplayer-cdn.tcgplayer.com/product/622535_200w.jpg,74,24070,https://cpt.tcgcsv.com/K0_6,2025-03-07T05:10:20,1,0.7,2.95,14.18,14.18,,Foil,Rare,171,"[Class Bonus] Foster <em>(At the beginning of your recollection phase, if this ally hasn't been dealt damage since the end of your previous turn, it becomes fostered.)</em> <br>
<br>
As long as Rilewind Sentinel is fostered, allies you control have vigor.",Ally,Guardian;Human,Wind,Guardian,,,2,,2,,3,
622535,Rilewind Sentinel,Rilewind Sentinel,https://tcgplayer-cdn.tcgplayer.com/product/622535_200w.jpg,74,24070,https://cpt.tcgcsv.com/K0_6,2025-03-07T05:10:20,1,0.18,0.65,2.89,0.65,,Normal,Rare,171,"[Class Bonus] Foster <em>(At the beginning of your recollection phase, if this ally hasn't been dealt damage since the end of your previous turn, it becomes fostered.)</em> <br>
<br>
As long as Rilewind Sentinel is fostered, allies you control have vigor.",Ally,Guardian;Human,Wind,Guardian,,,2,,2,,3,
622536,Sage Protection,Sage Protection,https://tcgplayer-cdn.tcgplayer.com/product/622536_200w.jpg,74,24070,https://cpt.tcgcsv.com/L0_6,2025-03-07T05:10:20,1,0.49,0.73,7.9,0.92,,Foil,Common,172,"Up to three target allies get +1 LIFE until end of turn.<br>
<br>
[Class Bonus] Put an enlighten counter on your champion. <em>(You may remove three enlighten counters from your champion to draw a card.)</em>",Action,Mage;Spell,Wind,Mage,,,,,,,2,Fast
622536,Sage Protection,Sage Protection,https://tcgplayer-cdn.tcgplayer.com/product/622536_200w.jpg,74,24070,https://cpt.tcgcsv.com/L0_6,2025-03-07T05:10:20,1,0.02,0.17,1.33,0.11,,Normal,Common,172,"Up to three target allies get +1 LIFE until end of turn.<br>
<br>
[Class Bonus] Put an enlighten counter on your champion. <em>(You may remove three enlighten counters from your champion to draw a card.)</em>",Action,Mage;Spell,Wind,Mage,,,,,,,2,Fast
622537,Squallbind Pounce,Squallbind Pounce,https://tcgplayer-cdn.tcgplayer.com/product/622537_200w.jpg,74,24070,https://cpt.tcgcsv.com/M0_6,2025-03-07T05:10:20,1,0.48,1.9,7.65,2.08,,Foil,Uncommon,173,"Imbue 2 <em>(You may reserve all cards revealed as you activate this card. If at least two of them are wind element, this card becomes imbued.)</em><br>
<br>
Up to one target Ranger unit becomes distant.<br>
<br>
If Squallbind Pounce is imbued, suppress up to one target attacking ally.",Action,Ranger;Skill;Reaction,Wind,Ranger,,,,,,,2,Fast
622537,Squallbind Pounce,Squallbind Pounce,https://tcgplayer-cdn.tcgplayer.com/product/622537_200w.jpg,74,24070,https://cpt.tcgcsv.com/M0_6,2025-03-07T05:10:20,1,0.11,0.2,1.5,0.2,,Normal,Uncommon,173,"Imbue 2 <em>(You may reserve all cards revealed as you activate this card. If at least two of them are wind element, this card becomes imbued.)</em><br>
<br>
Up to one target Ranger unit becomes distant.<br>
<br>
If Squallbind Pounce is imbued, suppress up to one target attacking ally.",Action,Ranger;Skill;Reaction,Wind,Ranger,,,,,,,2,Fast
622538,Stifling Trap,Stifling Trap,https://tcgplayer-cdn.tcgplayer.com/product/622538_200w.jpg,74,24070,https://cpt.tcgcsv.com/N0_6,2025-03-07T05:10:20,1,7.92,7.96,7.99,7.92,,Foil,Rare,174,"[Class Bonus] If it's not your turn, you may remove two preparation counters from your champion to activate this card from your memory without paying its reserve cost.<br>
<br>
Deal 2 damage to target ally, then negate all on enter triggers from that ally.",Action,Assassin;Skill;Reaction,Wind,Assassin,,,,,,,2,Fast
622538,Stifling Trap,Stifling Trap,https://tcgplayer-cdn.tcgplayer.com/product/622538_200w.jpg,74,24070,https://cpt.tcgcsv.com/N0_6,2025-03-07T05:10:20,1,0.45,0.82,2.0,0.75,,Normal,Rare,174,"[Class Bonus] If it's not your turn, you may remove two preparation counters from your champion to activate this card from your memory without paying its reserve cost.<br>
<br>
Deal 2 damage to target ally, then negate all on enter triggers from that ally.",Action,Assassin;Skill;Reaction,Wind,Assassin,,,,,,,2,Fast
622539,Sword Saint of Eveswind,Sword Saint of Eveswind,https://tcgplayer-cdn.tcgplayer.com/product/622539_200w.jpg,74,24070,https://cpt.tcgcsv.com/P0_6,2025-03-07T05:10:20,1,2.49,3.48,10.0,4.89,,Foil,Rare,175,"[Class Bonus] On Enter: If Sword Saint of Eveswind entered from a banishment, put two buff counters on it.",Ally,Warrior;Human,Wind,Warrior,,,2,"<em>When you feel the cool autumn breeze, I hope you will remember me.</em>",1,,2,
622539,Sword Saint of Eveswind,Sword Saint of Eveswind,https://tcgplayer-cdn.tcgplayer.com/product/622539_200w.jpg,74,24070,https://cpt.tcgcsv.com/P0_6,2025-03-07T05:10:20,1,0.18,0.77,6.5,0.76,,Normal,Rare,175,"[Class Bonus] On Enter: If Sword Saint of Eveswind entered from a banishment, put two buff counters on it.",Ally,Warrior;Human,Wind,Warrior,,,2,"<em>When you feel the cool autumn breeze, I hope you will remember me.</em>",1,,2,
622540,Sylph's Envelopment,Sylphs Envelopment,https://tcgplayer-cdn.tcgplayer.com/product/622540_200w.jpg,74,24070,https://cpt.tcgcsv.com/Q0_6,2025-03-07T05:10:20,1,0.13,0.25,1.52,0.29,,Normal,Uncommon,176,"Banish target ally you control, then return it to the field under its owner's control rested. If that ally is a phantasia, it enters the field with an additional buff counter on it.",Action,Cleric;Spell;Reaction,Wind,Cleric,,,,,,,2,Fast
622540,Sylph's Envelopment,Sylphs Envelopment,https://tcgplayer-cdn.tcgplayer.com/product/622540_200w.jpg,74,24070,https://cpt.tcgcsv.com/Q0_6,2025-03-07T05:10:20,1,0.79,0.95,4.39,1.18,,Foil,Uncommon,176,"Banish target ally you control, then return it to the field under its owner's control rested. If that ally is a phantasia, it enters the field with an additional buff counter on it.",Action,Cleric;Spell;Reaction,Wind,Cleric,,,,,,,2,Fast
622541,Usurp the Winds,Usurp the Winds,https://tcgplayer-cdn.tcgplayer.com/product/622541_200w.jpg,74,24070,https://cpt.tcgcsv.com/R0_6,2025-03-07T05:10:20,1,0.14,0.22,1.59,0.22,,Normal,Uncommon,177,"Up to one target ally gets +1 POWER and +1 LIFE until end of turn. <br>
[Kongming Bonus] You may change the direction of your Shifting Currents to a different direction of your choice. When you change it from facing West to South this way, draw a card.",Action,Mage;Spell,Wind,Mage,,,,,,,1,Fast
622541,Usurp the Winds,Usurp the Winds,https://tcgplayer-cdn.tcgplayer.com/product/622541_200w.jpg,74,24070,https://cpt.tcgcsv.com/R0_6,2025-03-07T05:10:20,1,1.84,3.89,9.85,4.72,,Foil,Uncommon,177,"Up to one target ally gets +1 POWER and +1 LIFE until end of turn. <br>
[Kongming Bonus] You may change the direction of your Shifting Currents to a different direction of your choice. When you change it from facing West to South this way, draw a card.",Action,Mage;Spell,Wind,Mage,,,,,,,1,Fast
622542,Whirlwind Reaper,Whirlwind Reaper,https://tcgplayer-cdn.tcgplayer.com/product/622542_200w.jpg,74,24070,https://cpt.tcgcsv.com/S0_6,2025-03-07T05:10:20,1,0.07,0.18,1.39,0.13,,Normal,Common,178,"At the beginning of your end phase, you may remove a preparation counter from your champion. If you do, wake up Whirlwind Reaper.",Ally,Assassin;Human,Wind,Assassin,,,2,"<em>“You may be able to read the winds, but can you ride them?”</em>",2,,3,
622542,Whirlwind Reaper,Whirlwind Reaper,https://tcgplayer-cdn.tcgplayer.com/product/622542_200w.jpg,74,24070,https://cpt.tcgcsv.com/S0_6,2025-03-07T05:10:20,1,0.46,1.06,6.3,1.11,,Foil,Common,178,"At the beginning of your end phase, you may remove a preparation counter from your champion. If you do, wake up Whirlwind Reaper.",Ally,Assassin;Human,Wind,Assassin,,,2,"<em>“You may be able to read the winds, but can you ride them?”</em>",2,,3,
622543,Whirlwind Threads,Whirlwind Threads,https://tcgplayer-cdn.tcgplayer.com/product/622543_200w.jpg,74,24070,https://cpt.tcgcsv.com/T0_6,2025-03-07T05:10:20,1,0.48,1.49,5.0,2.47,,Foil,Common,179,"Put a quest counter on your champion. <br>
If an object was suppressed this turn, put Whirlwind Threads into your memory.",Action,Tamer;Spell,Wind,Tamer,,,,<em>The windier the better!</em>,,,1,Fast
622543,Whirlwind Threads,Whirlwind Threads,https://tcgplayer-cdn.tcgplayer.com/product/622543_200w.jpg,74,24070,https://cpt.tcgcsv.com/T0_6,2025-03-07T05:10:20,1,0.08,0.15,1.42,0.15,,Normal,Common,179,"Put a quest counter on your champion. <br>
If an object was suppressed this turn, put Whirlwind Threads into your memory.",Action,Tamer;Spell,Wind,Tamer,,,,<em>The windier the better!</em>,,,1,Fast
622544,Wildgrowth Fatestone // Elder Mandrill,Wildgrowth Fatestone Elder Mandrill,https://tcgplayer-cdn.tcgplayer.com/product/622544_200w.jpg,74,24070,https://cpt.tcgcsv.com/V0_6,2025-03-07T05:10:20,2,0.15,0.28,1.59,0.31,,Normal,Uncommon,180,"[Guo Jia Bonus] Whenever another wind element object enters the field under your control, put a buff counter on Wildgrowth Fatestone. Then if there are six or more buff counters on Wildgrowth Fatestone, you may transform it.",Ally;Item,Beast;Tamer;Monkey;Fatebound;Fatestone,Wind,Tamer,,,1,<em>Mandrills live in groups with the strongest male as their leader. These experienced alphas help protect and guide the rest of their troop.</em>,1,,3,
622544,Wildgrowth Fatestone // Elder Mandrill,Wildgrowth Fatestone Elder Mandrill,https://tcgplayer-cdn.tcgplayer.com/product/622544_200w.jpg,74,24070,https://cpt.tcgcsv.com/V0_6,2025-03-07T05:10:20,2,0.39,4.0,9.99,6.83,,Foil,Uncommon,180,"[Guo Jia Bonus] Whenever another wind element object enters the field under your control, put a buff counter on Wildgrowth Fatestone. Then if there are six or more buff counters on Wildgrowth Fatestone, you may transform it.",Ally;Item,Beast;Tamer;Monkey;Fatebound;Fatestone,Wind,Tamer,,,1,<em>Mandrills live in groups with the strongest male as their leader. These experienced alphas help protect and guide the rest of their troop.</em>,1,,3,
622545,Wildheart Hymn,Wildheart Hymn,https://tcgplayer-cdn.tcgplayer.com/product/622545_200w.jpg,74,24070,https://cpt.tcgcsv.com/W0_6,2025-03-07T05:10:20,1,0.6,0.93,5.0,0.9,,Foil,Common,181,"Until end of turn, whenever an Animal enters the field under your control, put a buff counter on it. <em>(Allies get +1 POWER and +1 LIFE for each buff counter on them.)</em>",Action,Tamer;Skill;Melody,Wind,Tamer,,,,"<em>Music can connect hearts, regardless of species.</em>",,,2,Slow
622545,Wildheart Hymn,Wildheart Hymn,https://tcgplayer-cdn.tcgplayer.com/product/622545_200w.jpg,74,24070,https://cpt.tcgcsv.com/W0_6,2025-03-07T05:10:20,1,0.06,0.17,1.37,0.14,,Normal,Common,181,"Until end of turn, whenever an Animal enters the field under your control, put a buff counter on it. <em>(Allies get +1 POWER and +1 LIFE for each buff counter on them.)</em>",Action,Tamer;Skill;Melody,Wind,Tamer,,,,"<em>Music can connect hearts, regardless of species.</em>",,,2,Slow
622546,Winds of Destiny,Winds of Destiny,https://tcgplayer-cdn.tcgplayer.com/product/622546_200w.jpg,74,24070,https://cpt.tcgcsv.com/X0_6,2025-03-07T05:10:20,1,1.94,2.9,14.0,3.79,,Foil,Uncommon,182,"You may rest two Fatestones you control rather than pay this card's reserve cost.<br>
<br>
Suppress target ally, item, or weapon. <em>(To suppress an object, banish it and return it to the field under its owner's control at the beginning of the next end phase.)</em>",Action,Tamer;Spell,Wind,Tamer,,,,,,,3,Fast
622546,Winds of Destiny,Winds of Destiny,https://tcgplayer-cdn.tcgplayer.com/product/622546_200w.jpg,74,24070,https://cpt.tcgcsv.com/X0_6,2025-03-07T05:10:20,1,0.14,0.2,1.5,0.19,,Normal,Uncommon,182,"You may rest two Fatestones you control rather than pay this card's reserve cost.<br>
<br>
Suppress target ally, item, or weapon. <em>(To suppress an object, banish it and return it to the field under its owner's control at the beginning of the next end phase.)</em>",Action,Tamer;Spell,Wind,Tamer,,,,,,,3,Fast
622547,Wulin Lancer,Wulin Lancer,https://tcgplayer-cdn.tcgplayer.com/product/622547_200w.jpg,74,24070,https://cpt.tcgcsv.com/Z0_6,2025-03-07T05:10:20,1,0.13,0.2,1.5,0.19,,Normal,Uncommon,183,"Whenever your Shifting Currents change from facing North to West, Wulin Lancer gets +2 POWER until end of turn.",Ally,Warrior;Human,Wind,Warrior,,,3,"<em>When the winds call, I always answer.</em>",2,,3,
622547,Wulin Lancer,Wulin Lancer,https://tcgplayer-cdn.tcgplayer.com/product/622547_200w.jpg,74,24070,https://cpt.tcgcsv.com/Z0_6,2025-03-07T05:10:20,1,0.49,0.82,5.0,0.85,,Foil,Uncommon,183,"Whenever your Shifting Currents change from facing North to West, Wulin Lancer gets +2 POWER until end of turn.",Ally,Warrior;Human,Wind,Warrior,,,3,"<em>When the winds call, I always answer.</em>",2,,3,
622548,Arcane Blast,Arcane Blast,https://tcgplayer-cdn.tcgplayer.com/product/622548_200w.jpg,74,24070,https://cpt.tcgcsv.com/-0_6,2025-03-07T05:10:20,1,0.05,0.18,9.75,0.18,,Normal,Common,184,"Efficiency <em>(This card costs LV less to activate. LV refers to your champion's level.)</em><br>
<br>
Deal 11 damage to target champion.",Action,Mage;Spell,Arcane,Mage,,,,"<em>Power enough to level entire fortifications, only an arm's length away.</em>",,,11,Slow
622548,Arcane Blast,Arcane Blast,https://tcgplayer-cdn.tcgplayer.com/product/622548_200w.jpg,74,24070,https://cpt.tcgcsv.com/-0_6,2025-03-07T05:10:20,1,3.37,4.0,15.0,6.6,,Foil,Common,184,"Efficiency <em>(This card costs LV less to activate. LV refers to your champion's level.)</em><br>
<br>
Deal 11 damage to target champion.",Action,Mage;Spell,Arcane,Mage,,,,"<em>Power enough to level entire fortifications, only an arm's length away.</em>",,,11,Slow
622549,Harness Lightning,Harness Lightning,https://tcgplayer-cdn.tcgplayer.com/product/622549_200w.jpg,74,24070,https://cpt.tcgcsv.com/_0_6,2025-03-07T05:10:20,1,0.1,1.2,5.0,1.03,,Normal,Rare,186,"As long as you control an arcane element Shenju ally, ignore this card's elemental requirements as you activate it.<br>
<br>
Choose one—<br>
• Target ally gets +4 POWER until end of turn. Then banish Harness Lightning.<br>
• Empower 4. Then banish Harness Lightning.",Action,Mage;Tamer;Skill,Arcane,Mage;Tamer,,,,,,,1,Slow
622549,Harness Lightning,Harness Lightning,https://tcgplayer-cdn.tcgplayer.com/product/622549_200w.jpg,74,24070,https://cpt.tcgcsv.com/_0_6,2025-03-07T05:10:20,1,8.57,14.67,29.99,13.98,,Foil,Rare,186,"As long as you control an arcane element Shenju ally, ignore this card's elemental requirements as you activate it.<br>
<br>
Choose one—<br>
• Target ally gets +4 POWER until end of turn. Then banish Harness Lightning.<br>
• Empower 4. Then banish Harness Lightning.",Action,Mage;Tamer;Skill,Arcane,Mage;Tamer,,,,,,,1,Slow
622550,Seiryuu's Command,Seiryuus Command,https://tcgplayer-cdn.tcgplayer.com/product/622550_200w.jpg,74,24070,https://cpt.tcgcsv.com/02_6,2025-03-07T05:10:20,1,20.0,30.3,41.0,35.66,,Foil,Super Rare,187,"As long as you control an arcane element Shenju ally, ignore this card's elemental requirements as you activate it. <br>
<br>
Until end of turn, whenever target Beast attacks, trigger all of its on attack abilities twice.",Action,Tamer;Skill,Arcane,Tamer,,,,,,,2,Fast
622550,Seiryuu's Command,Seiryuus Command,https://tcgplayer-cdn.tcgplayer.com/product/622550_200w.jpg,74,24070,https://cpt.tcgcsv.com/02_6,2025-03-07T05:10:20,1,15.95,19.51,25.19,19.2,,Normal,Super Rare,187,"As long as you control an arcane element Shenju ally, ignore this card's elemental requirements as you activate it. <br>
<br>
Until end of turn, whenever target Beast attacks, trigger all of its on attack abilities twice.",Action,Tamer;Skill,Arcane,Tamer,,,,,,,2,Fast
622551,Shattering Discharge,Shattering Discharge,https://tcgplayer-cdn.tcgplayer.com/product/622551_200w.jpg,74,24070,https://cpt.tcgcsv.com/22_6,2025-03-07T05:10:20,1,0.73,1.16,5.5,0.91,,Normal,Super Rare,188,"You may activate this card from your banishment as long as there's a charge counter on it.<br>
<br>
[Class Bonus] Whenever this card is banished from your memory, put a charge counter on it. <br>
<br>
Deal 2 unpreventable damage to target champion. Banish Shattering Discharge.",Action,Mage;Spell;Reaction,Arcane,Mage,,,,,,,1,Fast
622551,Shattering Discharge,Shattering Discharge,https://tcgplayer-cdn.tcgplayer.com/product/622551_200w.jpg,74,24070,https://cpt.tcgcsv.com/22_6,2025-03-07T05:10:20,1,22.99,28.67,44.99,42.99,,Foil,Super Rare,188,"You may activate this card from your banishment as long as there's a charge counter on it.<br>
<br>
[Class Bonus] Whenever this card is banished from your memory, put a charge counter on it. <br>
<br>
Deal 2 unpreventable damage to target champion. Banish Shattering Discharge.",Action,Mage;Spell;Reaction,Arcane,Mage,,,,,,,1,Fast
622552,Stabilizing Capacitance,Stabilizing Capacitance,https://tcgplayer-cdn.tcgplayer.com/product/622552_200w.jpg,74,24070,https://cpt.tcgcsv.com/32_6,2025-03-07T05:10:20,1,0.18,0.52,2.0,0.51,,Normal,Rare,189,"Put any amount of cards from your memory on the bottom of your deck in any order. Then draw that many cards into your memory.<br>
<br>
[Class Bonus] [Level 7+] Draw a card.",Action,Mage;Spell,Arcane,Mage,,,,,,,1,Slow
622552,Stabilizing Capacitance,Stabilizing Capacitance,https://tcgplayer-cdn.tcgplayer.com/product/622552_200w.jpg,74,24070,https://cpt.tcgcsv.com/32_6,2025-03-07T05:10:20,1,0.6,4.5,16.0,4.5,,Foil,Rare,189,"Put any amount of cards from your memory on the bottom of your deck in any order. Then draw that many cards into your memory.<br>
<br>
[Class Bonus] [Level 7+] Draw a card.",Action,Mage;Spell,Arcane,Mage,,,,,,,1,Slow
622553,Bloodshroud Temper,Bloodshroud Temper,https://tcgplayer-cdn.tcgplayer.com/product/622553_200w.jpg,74,24070,https://cpt.tcgcsv.com/52_6,2025-03-07T05:10:20,1,0.19,0.34,2.49,0.35,,Normal,Rare,191,"Target weapon gains omnishroud until end of turn. <em>(An object with omnishroud can't be targeted by activations, materializations, or triggers.)</em><br>
<br>
[Damage 20+] Put two durability counters on that weapon. <em>(Apply this effect only if there are twenty or more damage counters on your champion.)</em>",Action,Warrior;Spell,Exia,Warrior,,,,,,,2,Fast
622553,Bloodshroud Temper,Bloodshroud Temper,https://tcgplayer-cdn.tcgplayer.com/product/622553_200w.jpg,74,24070,https://cpt.tcgcsv.com/52_6,2025-03-07T05:10:20,1,2.0,2.49,10.0,3.55,,Foil,Rare,191,"Target weapon gains omnishroud until end of turn. <em>(An object with omnishroud can't be targeted by activations, materializations, or triggers.)</em><br>
<br>
[Damage 20+] Put two durability counters on that weapon. <em>(Apply this effect only if there are twenty or more damage counters on your champion.)</em>",Action,Warrior;Spell,Exia,Warrior,,,,,,,2,Fast
622554,Savage Sunder,Savage Sunder,https://tcgplayer-cdn.tcgplayer.com/product/622554_200w.jpg,74,24070,https://cpt.tcgcsv.com/62_6,2025-03-07T05:10:20,1,0.01,0.39,1.99,0.39,,Normal,Rare,192,"[Class Bonus] On Hit: You may recover 5.<br>
<br>
[Class Bonus] Floating Memory",Attack,Warrior;Polearm,Exia,Warrior,,,,<em>Those that have never felt death's relentless shadow will never understand those who would give anything to hold onto life.</em>,3,,3,
622554,Savage Sunder,Savage Sunder,https://tcgplayer-cdn.tcgplayer.com/product/622554_200w.jpg,74,24070,https://cpt.tcgcsv.com/62_6,2025-03-07T05:10:20,1,3.69,5.0,17.21,4.04,,Foil,Rare,192,"[Class Bonus] On Hit: You may recover 5.<br>
<br>
[Class Bonus] Floating Memory",Attack,Warrior;Polearm,Exia,Warrior,,,,<em>Those that have never felt death's relentless shadow will never understand those who would give anything to hold onto life.</em>,3,,3,
622555,WrathfulSlime,WrathfulSlime,https://tcgplayer-cdn.tcgplayer.com/product/622555_200w.jpg,74,24070,https://cpt.tcgcsv.com/72_6,2025-03-07T05:10:20,1,0.18,0.4,4.0,0.32,,Normal,Rare,193,"Pride 4<br>
<br>
[Class Bonus] On Enter: For every five damage counters on your champion, put a damage counter on WrathfulSlime. <br>
<br>
As long as WrathfulSlime has six or more damage counters on it, it has immortality.",Ally,Tamer;Beast;Slime,Exia,Tamer,,,1,,1,,4,
622555,WrathfulSlime,WrathfulSlime,https://tcgplayer-cdn.tcgplayer.com/product/622555_200w.jpg,74,24070,https://cpt.tcgcsv.com/72_6,2025-03-07T05:10:20,1,4.99,7.19,12.0,8.99,,Foil,Rare,193,"Pride 4<br>
<br>
[Class Bonus] On Enter: For every five damage counters on your champion, put a damage counter on WrathfulSlime. <br>
<br>
As long as WrathfulSlime has six or more damage counters on it, it has immortality.",Ally,Tamer;Beast;Slime,Exia,Tamer,,,1,,1,,4,
622556,"Zhang Liao, Bloodmonger",Zhang Liao Bloodmonger,https://tcgplayer-cdn.tcgplayer.com/product/622556_200w.jpg,74,24070,https://cpt.tcgcsv.com/82_6,2025-03-07T05:10:20,1,4.65,6.09,9.51,5.01,,Foil,Super Rare,194,"Taunt<br>
<br>
On Enter: You may recover 3.<br>
<br>
[Class Bonus] At the beginning of your recollection phase, if your champion has zero damage counters on them, deal 20 unpreventable damage to your champion and draw three cards.",Unique;Ally,Cleric;Warrior;Human,Exia,Cleric;Warrior,,,4,,2,,3,
622556,"Zhang Liao, Bloodmonger",Zhang Liao Bloodmonger,https://tcgplayer-cdn.tcgplayer.com/product/622556_200w.jpg,74,24070,https://cpt.tcgcsv.com/82_6,2025-03-07T05:10:20,1,0.5,0.85,5.75,0.75,,Normal,Super Rare,194,"Taunt<br>
<br>
On Enter: You may recover 3.<br>
<br>
[Class Bonus] At the beginning of your recollection phase, if your champion has zero damage counters on them, deal 20 unpreventable damage to your champion and draw three cards.",Unique;Ally,Cleric;Warrior;Human,Exia,Cleric;Warrior,,,4,,2,,3,
622557,Felicitous Flock,Felicitous Flock,https://tcgplayer-cdn.tcgplayer.com/product/622557_200w.jpg,74,24070,https://cpt.tcgcsv.com/92_6,2025-03-07T05:10:20,1,0.17,0.65,2.04,0.65,,Normal,Rare,195,"Intercept<br>
<br>
[Element Bonus] [Class Bonus] Whenever you reveal Felicitous Flock from your memory, summon a Fledgling token with a buff counter on it. It gains intercept until end of turn.",Ally,Tamer;Animal;Bird,Luxem,Tamer,,,2,,1,,0,
622557,Felicitous Flock,Felicitous Flock,https://tcgplayer-cdn.tcgplayer.com/product/622557_200w.jpg,74,24070,https://cpt.tcgcsv.com/92_6,2025-03-07T05:10:20,1,2.42,2.42,4.8,8.22,,Foil,Rare,195,"Intercept<br>
<br>
[Element Bonus] [Class Bonus] Whenever you reveal Felicitous Flock from your memory, summon a Fledgling token with a buff counter on it. It gains intercept until end of turn.",Ally,Tamer;Animal;Bird,Luxem,Tamer,,,2,,1,,0,
622558,Lumen Borealis,Lumen Borealis,https://tcgplayer-cdn.tcgplayer.com/product/622558_200w.jpg,74,24070,https://cpt.tcgcsv.com/b2_6,2025-03-07T05:10:20,1,13.98,14.49,17.0,18.74,,Foil,Super Rare,197,"On Enter: You may reveal a card from your memory.<br>
<br>
[Class Bonus] Animal allies you control get +1 POWER and +1 LIFE. <br>
<br>
Whenever an Animal ally you control dies, you may reveal a card from your memory.",Phantasia,Tamer;Spell,Luxem,Tamer,,,,,,,3,
622558,Lumen Borealis,Lumen Borealis,https://tcgplayer-cdn.tcgplayer.com/product/622558_200w.jpg,74,24070,https://cpt.tcgcsv.com/b2_6,2025-03-07T05:10:20,1,0.24,1.98,9.99,1.21,,Normal,Super Rare,197,"On Enter: You may reveal a card from your memory.<br>
<br>
[Class Bonus] Animal allies you control get +1 POWER and +1 LIFE. <br>
<br>
Whenever an Animal ally you control dies, you may reveal a card from your memory.",Phantasia,Tamer;Spell,Luxem,Tamer,,,,,,,3,
622559,"Pang Tong, Young Phoenix",Pang Tong Young Phoenix,https://tcgplayer-cdn.tcgplayer.com/product/622559_200w.jpg,74,24070,https://cpt.tcgcsv.com/c2_6,2025-03-07T05:10:20,1,7.68,11.99,29.99,15.13,,Foil,Super Rare,198,"Balance — If damage would be dealt to a unit you control while the amount of cards in your hand and memory are equal, prevent all but 3 of that damage.",Unique;Ally,Cleric;Human,Luxem,Cleric,,,4,<em>May you see that all is balanced in the light.</em>,2,,3,
622559,"Pang Tong, Young Phoenix",Pang Tong Young Phoenix,https://tcgplayer-cdn.tcgplayer.com/product/622559_200w.jpg,74,24070,https://cpt.tcgcsv.com/c2_6,2025-03-07T05:10:20,1,0.18,0.61,11.0,0.58,,Normal,Super Rare,198,"Balance — If damage would be dealt to a unit you control while the amount of cards in your hand and memory are equal, prevent all but 3 of that damage.",Unique;Ally,Cleric;Human,Luxem,Cleric,,,4,<em>May you see that all is balanced in the light.</em>,2,,3,
622560,Striking Illuminance,Striking Illuminance,https://tcgplayer-cdn.tcgplayer.com/product/622560_200w.jpg,74,24070,https://cpt.tcgcsv.com/d2_6,2025-03-07T05:10:20,1,19.0,20.0,29.99,20.55,,Foil,Rare,199,"Prepare 2<br>
<br>
Whenever you reveal a luxem element card from your memory, Striking Illuminance gets +1 POWER. <em>(This ability triggers and resolves while this card is in an intent.)</em><br>
<br>
On Attack: If Striking Illuminance was prepared, reveal all cards in your memory.",Attack,Assassin;Dagger,Luxem,Assassin,,,,,4,,2,
622560,Striking Illuminance,Striking Illuminance,https://tcgplayer-cdn.tcgplayer.com/product/622560_200w.jpg,74,24070,https://cpt.tcgcsv.com/d2_6,2025-03-07T05:10:20,1,0.39,0.83,7.51,0.62,,Normal,Rare,199,"Prepare 2<br>
<br>
Whenever you reveal a luxem element card from your memory, Striking Illuminance gets +1 POWER. <em>(This ability triggers and resolves while this card is in an intent.)</em><br>
<br>
On Attack: If Striking Illuminance was prepared, reveal all cards in your memory.",Attack,Assassin;Dagger,Luxem,Assassin,,,,,4,,2,
622561,Sunblessed Gazelle,Sunblessed Gazelle,https://tcgplayer-cdn.tcgplayer.com/product/622561_200w.jpg,74,24070,https://cpt.tcgcsv.com/f2_6,2025-03-07T05:10:20,1,0.5,1.88,6.92,0.93,,Normal,Super Rare,200,"Taunt<br>
<br>
On Enter: If your influence is three or less, draw a card and recover 3.<br>
<br>
Sunblessed Gazelle gets +X LIFE where X is the highest influence among your opponents.",Ally,Tamer;Animal;Antelope,Luxem,Tamer,,,1,,1,,2,
622561,Sunblessed Gazelle,Sunblessed Gazelle,https://tcgplayer-cdn.tcgplayer.com/product/622561_200w.jpg,74,24070,https://cpt.tcgcsv.com/f2_6,2025-03-07T05:10:20,1,1.49,10.61,33.99,,,Foil,Super Rare,200,"Taunt<br>
<br>
On Enter: If your influence is three or less, draw a card and recover 3.<br>
<br>
Sunblessed Gazelle gets +X LIFE where X is the highest influence among your opponents.",Ally,Tamer;Animal;Antelope,Luxem,Tamer,,,1,,1,,2,
622562,Acerbica,Acerbica,https://tcgplayer-cdn.tcgplayer.com/product/622562_200w.jpg,74,24070,https://cpt.tcgcsv.com/g2_6,2025-03-07T05:10:20,1,0.93,1.38,8.73,3.0,,Foil,Common,201,Champions you control get -1 level.,Token;Phantasia,Cleric;Flower,Tera,Cleric,,,,<em>Begin again.</em>,,,,
622562,Acerbica,Acerbica,https://tcgplayer-cdn.tcgplayer.com/product/622562_200w.jpg,74,24070,https://cpt.tcgcsv.com/g2_6,2025-03-07T05:10:20,1,0.08,0.18,1.39,0.1,,Normal,Common,201,Champions you control get -1 level.,Token;Phantasia,Cleric;Flower,Tera,Cleric,,,,<em>Begin again.</em>,,,,
622563,Bagua of Vital Demise,Bagua of Vital Demise,https://tcgplayer-cdn.tcgplayer.com/product/622563_200w.jpg,74,24070,https://cpt.tcgcsv.com/h2_6,2025-03-07T05:10:20,1,10.0,21.99,25.0,14.94,,Foil,Super Rare,202,"As long as your Shifting Currents face West, you may activate this card from your material deck.<br>
<br>
Deal 4 damage to target unit. If your Shifting Currents face East, put this card into its owner's material deck preserved.",Action,Mage;Spell,Tera,Mage,,,,,,,2,Fast
622563,Bagua of Vital Demise,Bagua of Vital Demise,https://tcgplayer-cdn.tcgplayer.com/product/622563_200w.jpg,74,24070,https://cpt.tcgcsv.com/h2_6,2025-03-07T05:10:20,1,0.5,1.19,3.5,1.0,,Normal,Super Rare,202,"As long as your Shifting Currents face West, you may activate this card from your material deck.<br>
<br>
Deal 4 damage to target unit. If your Shifting Currents face East, put this card into its owner's material deck preserved.",Action,Mage;Spell,Tera,Mage,,,,,,,2,Fast
622564,Baihua,Baihua,https://tcgplayer-cdn.tcgplayer.com/product/622564_200w.jpg,74,24070,https://cpt.tcgcsv.com/j2_6,2025-03-07T05:10:20,1,0.05,0.18,1.42,0.1,,Normal,Common,203,"At the beginning of your recollection phase, each opponent recovers 1.",Token;Phantasia,Cleric;Flower,Tera,Cleric,,,,"<em>To save others, you must first save yourself.</em>",,,1,
622564,Baihua,Baihua,https://tcgplayer-cdn.tcgplayer.com/product/622564_200w.jpg,74,24070,https://cpt.tcgcsv.com/j2_6,2025-03-07T05:10:20,1,0.48,1.25,6.0,1.93,,Foil,Common,203,"At the beginning of your recollection phase, each opponent recovers 1.",Token;Phantasia,Cleric;Flower,Tera,Cleric,,,,"<em>To save others, you must first save yourself.</em>",,,1,
622565,Bloom: Autumn's Fall,Bloom Autumns Fall,https://tcgplayer-cdn.tcgplayer.com/product/622565_200w.jpg,74,24070,https://cpt.tcgcsv.com/k2_6,2025-03-07T05:10:20,1,0.2,0.37,7.99,0.3,,Normal,Rare,204,"[Class Bonus] Each opponent sacrifices all Flowerbuds. For each Flowerbud sacrificed this way, their controller summons your choice of an Acerbica or a Washuru token.<br>
<br>
[Element Bonus] (2), Discard this card from your hand: Empower 2. Draw a card.",Action,Cleric;Spell,Tera,Cleric,,,,,,,3,Slow
622565,Bloom: Autumn's Fall,Bloom Autumns Fall,https://tcgplayer-cdn.tcgplayer.com/product/622565_200w.jpg,74,24070,https://cpt.tcgcsv.com/k2_6,2025-03-07T05:10:20,1,2.49,4.99,22.5,4.02,,Foil,Rare,204,"[Class Bonus] Each opponent sacrifices all Flowerbuds. For each Flowerbud sacrificed this way, their controller summons your choice of an Acerbica or a Washuru token.<br>
<br>
[Element Bonus] (2), Discard this card from your hand: Empower 2. Draw a card.",Action,Cleric;Spell,Tera,Cleric,,,,,,,3,Slow
622566,Enervating Decay,Enervating Decay,https://tcgplayer-cdn.tcgplayer.com/product/622566_200w.jpg,74,24070,https://cpt.tcgcsv.com/l2_6,2025-03-07T05:10:20,1,0.17,0.48,1.77,0.4,,Normal,Rare,205,"[Class Bonus] [Level 5+] This card costs 2 less to activate.<br>
<br>
Destroy target attacking ally. If you do, recover X, where X is that ally's life stat.",Action,Cleric;Spell;Reaction,Tera,Cleric,,,,<em>Nature will endure long after mankind falls.</em>,,,4,Fast
622566,Enervating Decay,Enervating Decay,https://tcgplayer-cdn.tcgplayer.com/product/622566_200w.jpg,74,24070,https://cpt.tcgcsv.com/l2_6,2025-03-07T05:10:20,1,0.84,1.95,6.5,0.99,,Foil,Rare,205,"[Class Bonus] [Level 5+] This card costs 2 less to activate.<br>
<br>
Destroy target attacking ally. If you do, recover X, where X is that ally's life stat.",Action,Cleric;Spell;Reaction,Tera,Cleric,,,,<em>Nature will endure long after mankind falls.</em>,,,4,Fast
622567,Floodbloom,Floodbloom,https://tcgplayer-cdn.tcgplayer.com/product/622567_200w.jpg,74,24070,https://cpt.tcgcsv.com/m2_6,2025-03-07T05:10:20,1,1.47,3.39,14.99,7.74,,Foil,Common,206,"At the beginning of your recollection phase, banish the top two cards of your deck.",Token;Phantasia,Cleric;Flower,Tera,Cleric,,,,<em>See beyond mere appearances.</em>,,,1,
622567,Floodbloom,Floodbloom,https://tcgplayer-cdn.tcgplayer.com/product/622567_200w.jpg,74,24070,https://cpt.tcgcsv.com/m2_6,2025-03-07T05:10:20,1,0.1,0.18,1.41,0.1,,Normal,Common,206,"At the beginning of your recollection phase, banish the top two cards of your deck.",Token;Phantasia,Cleric;Flower,Tera,Cleric,,,,<em>See beyond mere appearances.</em>,,,1,
622568,Flowerbud,Flowerbud,https://tcgplayer-cdn.tcgplayer.com/product/622568_200w.jpg,74,24070,https://cpt.tcgcsv.com/n2_6,2025-03-07T05:10:20,1,0.1,0.18,1.42,0.13,,Normal,Common,207,,Token;Phantasia,Cleric;Flowerbud,Tera,Cleric,,,,<em>Isn't a flower the most beautiful before it blooms? Full of mystery and boundless possibility – before anyone knows what its petals will reveal.</em>,,,1,
622568,Flowerbud,Flowerbud,https://tcgplayer-cdn.tcgplayer.com/product/622568_200w.jpg,74,24070,https://cpt.tcgcsv.com/n2_6,2025-03-07T05:10:20,1,0.69,2.52,8.5,2.29,,Foil,Common,207,,Token;Phantasia,Cleric;Flowerbud,Tera,Cleric,,,,<em>Isn't a flower the most beautiful before it blooms? Full of mystery and boundless possibility – before anyone knows what its petals will reveal.</em>,,,1,
622569,Lycoria,Lycoria,https://tcgplayer-cdn.tcgplayer.com/product/622569_200w.jpg,74,24070,https://cpt.tcgcsv.com/p2_6,2025-03-07T05:10:20,1,0.1,0.18,1.42,0.11,,Normal,Common,209,"At the beginning of your recollection phase, deal 1 unpreventable damage to your champion.",Token;Phantasia,Cleric;Flower,Tera,Cleric,,,,"<em>To begin, it must first end.</em>",,,1,
622569,Lycoria,Lycoria,https://tcgplayer-cdn.tcgplayer.com/product/622569_200w.jpg,74,24070,https://cpt.tcgcsv.com/p2_6,2025-03-07T05:10:20,1,0.96,1.67,10.0,4.67,,Foil,Common,209,"At the beginning of your recollection phase, deal 1 unpreventable damage to your champion.",Token;Phantasia,Cleric;Flower,Tera,Cleric,,,,"<em>To begin, it must first end.</em>",,,1,
622570,Maiden of Primal Virtue,Maiden of Primal Virtue,https://tcgplayer-cdn.tcgplayer.com/product/622570_200w.jpg,74,24070,https://cpt.tcgcsv.com/q2_6,2025-03-07T05:10:20,1,0.18,0.73,8.0,0.44,,Normal,Rare,210,Maiden of Primal Virtue gets +1 POWER and +1 LIFE for each phantasia you control.,Phantasia;Ally,Cleric;Apparition,Tera,Cleric,,,0,<em>Relying on your senses alone will blind you to the currents of magic that constantly weave through the world around us.</em>,0,,3,
622570,Maiden of Primal Virtue,Maiden of Primal Virtue,https://tcgplayer-cdn.tcgplayer.com/product/622570_200w.jpg,74,24070,https://cpt.tcgcsv.com/q2_6,2025-03-07T05:10:20,1,4.99,8.15,19.99,7.8,,Foil,Rare,210,Maiden of Primal Virtue gets +1 POWER and +1 LIFE for each phantasia you control.,Phantasia;Ally,Cleric;Apparition,Tera,Cleric,,,0,<em>Relying on your senses alone will blind you to the currents of magic that constantly weave through the world around us.</em>,0,,3,
622571,Natural Order,Natural Order,https://tcgplayer-cdn.tcgplayer.com/product/622571_200w.jpg,74,24070,https://cpt.tcgcsv.com/r2_6,2025-03-07T05:10:20,1,0.2,0.5,2.0,0.33,,Normal,Super Rare,211,"[Class Bonus] Efficiency<br>
<br>
Put all cards from your hand and memory on the bottom of your deck in any order. Then put all preserved cards from your material deck into your memory.",Action,Mage;Spell,Tera,Mage,,,,,,,10,Slow
622571,Natural Order,Natural Order,https://tcgplayer-cdn.tcgplayer.com/product/622571_200w.jpg,74,24070,https://cpt.tcgcsv.com/r2_6,2025-03-07T05:10:20,1,9.99,9.99,18.5,12.19,,Foil,Super Rare,211,"[Class Bonus] Efficiency<br>
<br>
Put all cards from your hand and memory on the bottom of your deck in any order. Then put all preserved cards from your material deck into your memory.",Action,Mage;Spell,Tera,Mage,,,,,,,10,Slow
622572,Nightshade,Nightshade,https://tcgplayer-cdn.tcgplayer.com/product/622572_200w.jpg,74,24070,https://cpt.tcgcsv.com/s2_6,2025-03-07T05:10:20,1,0.1,0.17,1.42,0.12,,Normal,Common,212,"At the beginning of your recollection phase, put a wither counter on target non-champion non-token object you control. <em>(At the beginning of a player's main phase, if they control one or more objects with wither counters on them, for each of those objects, they sacrifice it unless they pay (1) for each wither counter on it, then remove wither counters.)</em>",Token;Phantasia,Cleric;Flower,Tera,Cleric,,,,,,,1,
622572,Nightshade,Nightshade,https://tcgplayer-cdn.tcgplayer.com/product/622572_200w.jpg,74,24070,https://cpt.tcgcsv.com/s2_6,2025-03-07T05:10:20,1,1.28,1.49,7.99,3.95,,Foil,Common,212,"At the beginning of your recollection phase, put a wither counter on target non-champion non-token object you control. <em>(At the beginning of a player's main phase, if they control one or more objects with wither counters on them, for each of those objects, they sacrifice it unless they pay (1) for each wither counter on it, then remove wither counters.)</em>",Token;Phantasia,Cleric;Flower,Tera,Cleric,,,,,,,1,
622573,Washuru,Washuru,https://tcgplayer-cdn.tcgplayer.com/product/622573_200w.jpg,74,24070,https://cpt.tcgcsv.com/t2_6,2025-03-07T05:10:20,1,0.11,0.18,1.42,0.12,,Normal,Common,213,"At the beginning of your recollection phase, banish a card from your graveyard.",Token;Phantasia,Cleric;Flower,Tera,Cleric,,,,<em>Let go of the past.</em>,,,1,
622573,Washuru,Washuru,https://tcgplayer-cdn.tcgplayer.com/product/622573_200w.jpg,74,24070,https://cpt.tcgcsv.com/t2_6,2025-03-07T05:10:20,1,2.33,2.86,10.0,6.16,,Foil,Common,213,"At the beginning of your recollection phase, banish a card from your graveyard.",Token;Phantasia,Cleric;Flower,Tera,Cleric,,,,<em>Let go of the past.</em>,,,1,
622649,"Diao Chan, Enchantress (CSR)",Diao Chan Enchantress CSR,https://tcgplayer-cdn.tcgplayer.com/product/622649_200w.jpg,74,24070,https://cpt.tcgcsv.com/_3_6,2025-03-07T05:10:20,1,874.99,875.45,876.22,599.99,,Foil,Collector Super Rare,004,"On Enter: Put two glimmer counters on Diao Chan.<br>
<br>
Inherited Effect — REST: Activate a Reaction Spell card from your memory. Pay its reserve cost only by removing that many glimmer counters from Diao Chan. Activate this ability only during an opponent's turn.",Champion,Cleric;Human,Norm,Cleric,1,1,19,,,,,
622650,"Diao Chan, Dreaming Wish (CSR)",Diao Chan Dreaming Wish CSR,https://tcgplayer-cdn.tcgplayer.com/product/622650_200w.jpg,74,24070,https://cpt.tcgcsv.com/05_6,2025-03-07T05:10:20,1,350.0,383.55,417.1,400.0,,Foil,Collector Super Rare,005,"Diao Chan Lineage<br>
<br>
Inherited Effect — At the beginning of your end phase, if the amount of glimmer counters on Diao Chan is less than the amount of phantasias you control, put an amount of glimmer counters on Diao Chan equal to the difference.",Champion,Cleric;Human,Norm,Cleric,2,2,22,,,,,
622651,"Diao Chan, Idyll Corsage (CSR)",Diao Chan Idyll Corsage CSR,https://tcgplayer-cdn.tcgplayer.com/product/622651_200w.jpg,74,24070,https://cpt.tcgcsv.com/25_6,2025-03-07T05:10:20,1,499.98,569.99,699.99,,,Foil,Collector Super Rare,006,"Diao Chan Lineage<br>
<br>
On Enter: Choose any amount of non-champion objects and put a wither counter on each of them.<br>
<br>
Whenever a non-token object an opponent controls is destroyed, you may banish it. If you do, that opponent summons a Flowerbud token.",Champion,Cleric;Human,Tera,Cleric,3,3,25,,,,,
622652,"Guo Jia, Chosen Disciple (CSR)",Guo Jia Chosen Disciple CSR,https://tcgplayer-cdn.tcgplayer.com/product/622652_200w.jpg,74,24070,https://cpt.tcgcsv.com/35_6,2025-03-07T05:10:20,1,899.99,899.99,899.99,508.03,,Foil,Collector Super Rare,007,"On Enter: If you don't control a Fatestone regalia, reveal all cards in your material deck. Then put a Fatestone regalia card with the lowest memory cost from among them onto the field.",Champion,Tamer;Human,Norm,Tamer,1,1,19,"<em>Despite what others may believe, the lily pad provides relief for many beneath its gentle shade, away from the sun's relentless blaze.</em>",,,,
622653,"Guo Jia, Blessed Scion (CSR)",Guo Jia Blessed Scion CSR,https://tcgplayer-cdn.tcgplayer.com/product/622653_200w.jpg,74,24070,https://cpt.tcgcsv.com/55_6,2025-03-07T05:10:20,1,649.21,649.21,649.21,483.99,,Foil,Collector Super Rare,008,"Guo Jia Lineage<br>
<br>
On Enter: You may put two quest counters on Guo Jia. If you don't, draw a card.<br>
<br>
Lineage Release — Negate target activation or trigger that targets a Fatestone or Fatebound object you control.",Champion,Tamer;Human,Norm,Tamer,2,2,22,,,,,
622654,"Guo Jia, Heaven's Favored (CSR)",Guo Jia Heavens Favored CSR,https://tcgplayer-cdn.tcgplayer.com/product/622654_200w.jpg,74,24070,https://cpt.tcgcsv.com/65_6,2025-03-07T05:10:20,1,597.0,598.74,599.21,449.99,,Foil,Collector Super Rare,009,"As long as you control a Shenju ally, this card costs 3 less to materialize.<br>
<br>
Guo Jia Lineage<br>
<br>
On Enter: You may put three quest counters on Guo Jia. If you don't, recover 3.",Champion,Tamer;Human,Luxem,Tamer,3,3,25,,,,,
622655,"Kongming, Erudite Strategist (CSR)",Kongming Erudite Strategist CSR,https://tcgplayer-cdn.tcgplayer.com/product/622655_200w.jpg,74,24070,https://cpt.tcgcsv.com/75_6,2025-03-07T05:10:20,1,290.0,321.98,349.95,333.31,,Foil,Collector Super Rare,010,"Kongming Lineage<br>
<br>
On Enter: Banish the top card of your deck. Until the beginning of your next turn, you may play it as long as your Shifting Currents face North. Repeat this process for East, South, and West.",Champion,Mage;Human,Norm,Mage,2,2,22,,,,,
622656,Art of War,Art of War,https://tcgplayer-cdn.tcgplayer.com/product/622656_200w.jpg,74,24070,https://cpt.tcgcsv.com/85_6,2025-03-07T05:10:20,1,42.18,50.0,88.21,40.84,,Normal,Ultra Rare,011,"Divine Relic<br>
<br>
Players can't declare attacks with allies that entered the field this turn.<br>
<br>
While paying for a memory cost, you may banish Art of War to pay for 1 of that cost.",Regalia;Item,Mage;Scripture,Norm,Mage,0,,,,,,,
622656,Art of War,Art of War,https://tcgplayer-cdn.tcgplayer.com/product/622656_200w.jpg,74,24070,https://cpt.tcgcsv.com/85_6,2025-03-07T05:10:20,1,249.99,275.0,699.99,399.99,,Foil,Ultra Rare,011,"Divine Relic<br>
<br>
Players can't declare attacks with allies that entered the field this turn.<br>
<br>
While paying for a memory cost, you may banish Art of War to pay for 1 of that cost.",Regalia;Item,Mage;Scripture,Norm,Mage,0,,,,,,,
622657,Huaji of Heaven's Rise // Huaji of Abyssal Fall,Huaji of Heavens Rise Huaji of Abyssal Fall,https://tcgplayer-cdn.tcgplayer.com/product/622657_200w.jpg,74,24070,https://cpt.tcgcsv.com/95_6,2025-03-20T18:33:33.413,2,35.0,36.36,42.5,36.05,,Normal,Ultra Rare,014,"[Class Bonus] Unique Warrior allies you control can attack using this weapon.<br>
<br>
[Class Bonus] At the beginning of your end phase, if your champion is exia element, you may pay (3). If you do, transform Huaji of Heaven's Rise.<br>
<br>
<strong>Huaji of Abyssal Fall</strong><br>
""[Class Bonus] Unique Warrior allies you control can attack using this weapon.<br>
<br>
On Attack: You may have Huaji of Abyssal Fall deal 10 unpreventable damage to the attacker. If you do, this attack gets +3 POWER.""",Weapon;Regalia,Warrior;Polearm,Norm,Warrior,0,,,,1,,,
622657,Huaji of Heaven's Rise // Huaji of Abyssal Fall,Huaji of Heavens Rise Huaji of Abyssal Fall,https://tcgplayer-cdn.tcgplayer.com/product/622657_200w.jpg,74,24070,https://cpt.tcgcsv.com/95_6,2025-03-20T18:33:33.413,2,240.0,240.0,240.0,140.44,,Foil,Ultra Rare,014,"[Class Bonus] Unique Warrior allies you control can attack using this weapon.<br>
<br>
[Class Bonus] At the beginning of your end phase, if your champion is exia element, you may pay (3). If you do, transform Huaji of Heaven's Rise.<br>
<br>
<strong>Huaji of Abyssal Fall</strong><br>
""[Class Bonus] Unique Warrior allies you control can attack using this weapon.<br>
<br>
On Attack: You may have Huaji of Abyssal Fall deal 10 unpreventable damage to the attacker. If you do, this attack gets +3 POWER.""",Weapon;Regalia,Warrior;Polearm,Norm,Warrior,0,,,,1,,,
622658,"Fabled Ruby Fatestone // Suzaku, Vermillion Phoenix",Fabled Ruby Fatestone Suzaku Vermillion Phoenix,https://tcgplayer-cdn.tcgplayer.com/product/622658_200w.jpg,74,24070,https://cpt.tcgcsv.com/b5_6,2025-03-07T05:10:20,2,35.4,39.98,59.99,38.54,,Normal,Ultra Rare,019,"Immortality, Spellshroud<br>
<br>
[Guo Jia Bonus] At the beginning of your recollection phase, deal 1 damage to each champion.<br>
<br>
[Guo Jia Bonus] Whenever non-combat damage is dealt to one or more units by a fire element source you control, put a quest counter on your champion.<br>
<br>
REST: You may remove seven quest counters from your champion. If you do, wake up and transform Fabled Ruby Fatestone.<br>
<br>
<strong>Suzaku, Vermillion Phoenix</strong><br>
<br>
Spellshroud<br>
<br>
[Guo Jia Bonus] On Banish: You may banish three fire element cards from your graveyard. If you do, return Suzaku to the field transformed. (It enters as Suzaku, Vermillion Phoenix.)",Ally;Item;Regalia,Beast;Phoenix;Tamer;Fatebound;Fatestone;Shenju,Fire,Tamer,7,,3,,4,,7,
622659,"Fabled Ruby Fatestone // Suzaku, Vermillion Phoenix (CSR)",Fabled Ruby Fatestone Suzaku Vermillion Phoenix CSR,https://tcgplayer-cdn.tcgplayer.com/product/622659_200w.jpg,74,24070,https://cpt.tcgcsv.com/c5_6,2025-03-07T05:10:20,2,343.69,345.0,350.0,287.49,,Foil,Collector Super Rare,019,"Immortality, Spellshroud<br>
<br>
[Guo Jia Bonus] At the beginning of your recollection phase, deal 1 damage to each champion.<br>
<br>
[Guo Jia Bonus] Whenever non-combat damage is dealt to one or more units by a fire element source you control, put a quest counter on your champion.<br>
<br>
REST: You may remove seven quest counters from your champion. If you do, wake up and transform Fabled Ruby Fatestone.<br>
<br>
<strong>Suzaku, Vermillion Phoenix</strong><br>
<br>
Spellshroud<br>
<br>
[Guo Jia Bonus] On Banish: You may banish three fire element cards from your graveyard. If you do, return Suzaku to the field transformed. (It enters as Suzaku, Vermillion Phoenix.)",Ally;Item;Regalia,Beast;Phoenix;Tamer;Fatebound;Fatestone;Shenju,Fire,Tamer,7,,3,,4,,7,
622660,"Fabled Sapphire Fatestone // Genbu, Black Tortoise",Fabled Sapphire Fatestone Genbu Black Tortoise,https://tcgplayer-cdn.tcgplayer.com/product/622660_200w.jpg,74,24070,https://cpt.tcgcsv.com/d5_6,2025-03-07T05:10:20,2,28.0,31.03,70.97,29.99,,Normal,Ultra Rare,021,"Immortality, Spellshroud<br>
[Guo Jia Bonus] At the beginning of your recollection phase, each player puts the top card of their deck into their graveyard.<br>
<br>
[Guo Jia Bonus] Whenever one or more cards are put into your graveyard from your deck, put a quest counter on your champion.<br>
<br>
REST: You may remove nine quest counters from your champion. If you do, wake up and transform Fabled Sapphire Fatestone.<br>
<br>
<strong>Genbu, Black Tortoise</strong><br>
Spellshroud, Taunt<br>
<br>
[Guo Jia Bonus] (3): Genbu gets +X LIFE until end of turn, where X is the amount of water element cards in your graveyard. Activate this ability only once per turn.",Ally;Item;Regalia,Beast;Tamer;Turtle;Fatebound;Fatestone;Shenju,Water,Tamer,9,,9,,3,,9,
622661,"Fabled Sapphire Fatestone // Genbu, Black Tortoise (CSR)",Fabled Sapphire Fatestone Genbu Black Tortoise CSR,https://tcgplayer-cdn.tcgplayer.com/product/622661_200w.jpg,74,24070,https://cpt.tcgcsv.com/f5_6,2025-03-07T05:10:20,2,279.0,279.99,449.21,284.74,,Foil,Collector Super Rare,021,"Immortality, Spellshroud<br>
[Guo Jia Bonus] At the beginning of your recollection phase, each player puts the top card of their deck into their graveyard.<br>
<br>
[Guo Jia Bonus] Whenever one or more cards are put into your graveyard from your deck, put a quest counter on your champion.<br>
<br>
REST: You may remove nine quest counters from your champion. If you do, wake up and transform Fabled Sapphire Fatestone.<br>
<br>
<strong>Genbu, Black Tortoise</strong><br>
Spellshroud, Taunt<br>
<br>
[Guo Jia Bonus] (3): Genbu gets +X LIFE until end of turn, where X is the amount of water element cards in your graveyard. Activate this ability only once per turn.",Ally;Item;Regalia,Beast;Tamer;Turtle;Fatebound;Fatestone;Shenju,Water,Tamer,9,,9,,3,,9,
622662,"Fabled Emerald Fatestone // Byakko, White Tiger",Fabled Emerald Fatestone Byakko White Tiger,https://tcgplayer-cdn.tcgplayer.com/product/622662_200w.jpg,74,24070,https://cpt.tcgcsv.com/g5_6,2025-03-07T05:10:20,2,20.0,26.28,40.0,27.64,,Normal,Ultra Rare,025,"Immortality, Spellshroud<br>
<br>
[Guo Jia Bonus] (4), REST: As a Spell, suppress another target item, weapon, or ally. Activate this ability only once.<br>
<br>
[Guo Jia Bonus] Whenever you suppress an object, put a quest counter on your champion.<br>
<br>
REST: You may remove eight quest counters from your champion. If you do, wake up and transform Fabled Emerald Fatestone.<br>
<br>
<strong>Byakko, White Tiger</strong><br>
Spellshroud, Vigor<br>
<br>
[Guo Jia Bonus] The first Animal or Beast ally card you activate each turn costs 2 less to activate.<br>
<br>
[Guo Jia Bonus] Beast allies you control lose pride.",Ally;Item;Regalia,Beast;Tamer;Tiger;Fatebound;Fatestone;Shenju,Wind,Tamer,8,,6,,6,,8,
622663,"Fabled Emerald Fatestone // Byakko, White Tiger (CSR)",Fabled Emerald Fatestone Byakko White Tiger CSR,https://tcgplayer-cdn.tcgplayer.com/product/622663_200w.jpg,74,24070,https://cpt.tcgcsv.com/h5_6,2025-03-07T05:10:20,2,424.99,424.99,424.99,202.0,,Foil,Collector Super Rare,025,"Immortality, Spellshroud<br>
<br>
[Guo Jia Bonus] (4), REST: As a Spell, suppress another target item, weapon, or ally. Activate this ability only once.<br>
<br>
[Guo Jia Bonus] Whenever you suppress an object, put a quest counter on your champion.<br>
<br>
REST: You may remove eight quest counters from your champion. If you do, wake up and transform Fabled Emerald Fatestone.<br>
<br>
<strong>Byakko, White Tiger</strong><br>
Spellshroud, Vigor<br>
<br>
[Guo Jia Bonus] The first Animal or Beast ally card you activate each turn costs 2 less to activate.<br>
<br>
[Guo Jia Bonus] Beast allies you control lose pride.",Ally;Item;Regalia,Beast;Tamer;Tiger;Fatebound;Fatestone;Shenju,Wind,Tamer,8,,6,,6,,8,
622664,"Fabled Azurite Fatestone // Seiryuu, Azure Dragon (CSR)",Fabled Azurite Fatestone Seiryuu Azure Dragon CSR,https://tcgplayer-cdn.tcgplayer.com/product/622664_200w.jpg,74,24070,https://cpt.tcgcsv.com/j5_6,2025-03-07T05:10:20,2,499.99,499.99,499.99,484.84,,Foil,Collector Super Rare,027,"Immortality, Spellshroud<br>
<br>
[Guo Jia Bonus] At the beginning of your end phase, you may banish a card at random from your memory. If you do, draw a card.<br>
<br>
[Guo Jia Bonus] Whenever you banish a card from your memory, put a quest counter on your champion. <br>
<br>
REST: You may remove ten quest counters from your champion. If you do, wake up and transform Fabled Azurite Fatestone.<br>
<br>
<strong>Seiryuu, Azure Dragon</strong><br>
""Spellshroud, Taunt<br>
<br>
[Guo Jia Bonus] On Attack: Choose one— <br>
• Generate an Arcane Blast card and banish it. As long as it's banished, you may activate it, ignoring its elemental requirements.<br>
• Empower X+2, where X is the amount of arcane element cards in your banishment.""",Ally;Item;Regalia,Beast;Tamer;Dragon;Fatebound;Fatestone;Shenju,Arcane,Tamer,10,,12,,4,,,
622665,Scepter of Awakening,Scepter of Awakening,https://tcgplayer-cdn.tcgplayer.com/product/622665_200w.jpg,74,24070,https://cpt.tcgcsv.com/k5_6,2025-03-07T05:10:20,1,79.98,79.99,89.99,94.99,,Foil,Ultra Rare,029,"[Diao Chan Bonus] As long as you control four or more phantasias, you may activate this card from your material deck.<br>
<br>
(2), REST: Target phantasia you control becomes an ally in addition to its other types with base power and life equal to its reserve cost until end of turn. Put a buff counter on it.",Regalia;Item,Cleric;Scepter,Tera,Cleric,0,,,,,,,
622665,Scepter of Awakening,Scepter of Awakening,https://tcgplayer-cdn.tcgplayer.com/product/622665_200w.jpg,74,24070,https://cpt.tcgcsv.com/k5_6,2025-03-07T05:10:20,1,6.67,10.99,36.0,9.35,,Normal,Ultra Rare,029,"[Diao Chan Bonus] As long as you control four or more phantasias, you may activate this card from your material deck.<br>
<br>
(2), REST: Target phantasia you control becomes an ally in addition to its other types with base power and life equal to its reserve cost until end of turn. Put a buff counter on it.",Regalia;Item,Cleric;Scepter,Tera,Cleric,0,,,,,,,
622666,"Shangxiang, Fierce Princess (CSR)",Shangxiang Fierce Princess CSR,https://tcgplayer-cdn.tcgplayer.com/product/622666_200w.jpg,74,24070,https://cpt.tcgcsv.com/l5_6,2025-03-07T05:10:20,1,228.74,230.0,278.65,247.27,,Foil,Collector Super Rare,062,"Imbue 3 (You may reserve all cards revealed as you activate this card. If at least three of them are norm element, this card becomes imbued.)<br>
<br>
If damage would be dealt to Shangxiang from a non-norm element source while Shangxiang is imbued, prevent 2 of that damage.",Unique;Ally,Warrior;Human,Norm,Warrior,,,3,,2,,3,
622667,"Sun Ce, Weaponsmaster (CSR)",Sun Ce Weaponsmaster CSR,https://tcgplayer-cdn.tcgplayer.com/product/622667_200w.jpg,74,24070,https://cpt.tcgcsv.com/m5_6,2025-03-07T05:10:20,1,120.0,127.99,189.99,130.25,,Foil,Collector Super Rare,066,"[Class Bonus] On Enter: Put a durability counter on target Warrior weapon you control. <br>
<br>
[Class Bonus] Warrior weapons you control get +1 POWER.",Unique;Ally,Warrior;Human,Norm,Warrior,,,4,,1,,3,
622668,"Yuan Shao, Crown General (CSR)",Yuan Shao Crown General CSR,https://tcgplayer-cdn.tcgplayer.com/product/622668_200w.jpg,74,24070,https://cpt.tcgcsv.com/n5_6,2025-03-07T05:10:20,1,129.98,139.99,199.99,107.61,,Foil,Collector Super Rare,071,"Unique allies your opponents control have pride 2.<br>
<br>
[Level 2+] (3), REST: As a Spell, gain control of target unique ally. Activate this ability only if there are three or more unique allies on the field you don't control.",Ally;Unique,Human;Tamer,Norm,Tamer,,,3,,1,,3,
622669,"Zhang Jiao, Way of Peace (CSR)",Zhang Jiao Way of Peace CSR,https://tcgplayer-cdn.tcgplayer.com/product/622669_200w.jpg,74,24070,https://cpt.tcgcsv.com/p5_6,2025-03-07T05:10:20,1,299.99,300.0,599.21,393.74,,Foil,Collector Super Rare,072,"On Enter: Depending on the amount of cards in your memory—<br>
• 0— Draw two cards.<br>
• 1 to 3— Recover 4.<br>
• 4 to 6— Glimpse 4.<br>
• 7 or more— Each opponent discards a card at random from their memory.",Unique;Ally,Cleric;Human,Norm,Cleric,,,2,,1,,3,
622670,"Da Qiao, Cinderbinder (CSR)",Da Qiao Cinderbinder CSR,https://tcgplayer-cdn.tcgplayer.com/product/622670_200w.jpg,74,24070,https://cpt.tcgcsv.com/q5_6,2025-03-07T05:10:20,1,299.99,334.99,600.0,324.99,,Foil,Collector Super Rare,079,"Allies with frenzy counters on them don't obey their controller. (They can't attack and intercept, and their activated abilities can't be activated.)<br>
<br>
[Class Bonus] REST: Choose one— <br>
• Put a frenzy counter on target ally.<br>
• Empower X, where X is the amount of allies on the field with a frenzy counter on them.",Unique;Ally,Mage;Tamer;Animal;Human;Fox,Fire,Mage;Tamer,,,4,,0,,3,
622671,"Dian Wei, Valorant Fury (CSR)",Dian Wei Valorant Fury CSR,https://tcgplayer-cdn.tcgplayer.com/product/622671_200w.jpg,74,24070,https://cpt.tcgcsv.com/r5_6,2025-03-07T05:10:20,1,150.0,199.99,512.5,199.99,,Foil,Collector Super Rare,117,"[Class Bonus] On Enter: For each Human ally you control, put the top card of your deck into your graveyard.<br>
<br>
[Class Bonus] Deluge 6 — As long as you have six or more water element cards in your graveyard, other Human allies you control get +1 POWER.",Unique;Ally,Warrior;Human,Water,Warrior,,,2,,2,,3,
622672,"Jianyu, Fate's Premonition",Jianyu Fates Premonition,https://tcgplayer-cdn.tcgplayer.com/product/622672_200w.jpg,74,24070,https://cpt.tcgcsv.com/s5_6,2025-03-07T05:10:20,1,1.48,4.74,19.99,1.68,,Normal,Ultra Rare,127,"[Class Bonus] This card costs 2 less to activate.<br>
<br>
As Jianyu enters the field, choose a card name.<br>
<br>
Cards with the chosen name cost (2+X) more to activate, where X is the amount of phantasias you control.",Unique;Phantasia,Cleric;Spell,Water,Cleric,,,,,,,4,
622672,"Jianyu, Fate's Premonition",Jianyu Fates Premonition,https://tcgplayer-cdn.tcgplayer.com/product/622672_200w.jpg,74,24070,https://cpt.tcgcsv.com/s5_6,2025-03-07T05:10:20,1,89.0,95.48,359.99,89.97,,Foil,Ultra Rare,127,"[Class Bonus] This card costs 2 less to activate.<br>
<br>
As Jianyu enters the field, choose a card name.<br>
<br>
Cards with the chosen name cost (2+X) more to activate, where X is the amount of phantasias you control.",Unique;Phantasia,Cleric;Spell,Water,Cleric,,,,,,,4,
622673,Harbinger of Lightning,Harbinger of Lightning,https://tcgplayer-cdn.tcgplayer.com/product/622673_200w.jpg,74,24070,https://cpt.tcgcsv.com/t5_6,2025-03-07T05:10:20,1,1.91,3.0,20.0,2.16,,Normal,Ultra Rare,185,"As long as you control an arcane element Shenju ally, ignore this card's elemental requirements as you activate it. <br>
<br>
[Class Bonus] On Death: Banish Harbinger of Lightning, and a card at random from your memory. When you do, as a Spell, deal X damage to target champion where X is the total reserve cost of the banished cards.",Ally,Mage;Tamer;Human,Arcane,Mage;Tamer,,,2,,2,,2,
622673,Harbinger of Lightning,Harbinger of Lightning,https://tcgplayer-cdn.tcgplayer.com/product/622673_200w.jpg,74,24070,https://cpt.tcgcsv.com/t5_6,2025-03-07T05:10:20,1,99.99,99.99,99.99,99.99,,Foil,Ultra Rare,185,"As long as you control an arcane element Shenju ally, ignore this card's elemental requirements as you activate it. <br>
<br>
[Class Bonus] On Death: Banish Harbinger of Lightning, and a card at random from your memory. When you do, as a Spell, deal X damage to target champion where X is the total reserve cost of the banished cards.",Ally,Mage;Tamer;Human,Arcane,Mage;Tamer,,,2,,2,,2,
622674,Annihilation,Annihilation,https://tcgplayer-cdn.tcgplayer.com/product/622674_200w.jpg,74,24070,https://cpt.tcgcsv.com/v5_6,2025-03-07T05:10:20,1,0.41,2.0,17.99,1.52,,Normal,Ultra Rare,190,"[Damage 35+] Fast Activation<br>
<br>
[Class Bonus] Deal up to 7 damage to your champion. Destroy all non-champion objects with reserve cost equal to the amount of damage dealt to your champion this way.",Action,Warrior;Skill,Exia,Warrior,,,,,,,3,Slow
622674,Annihilation,Annihilation,https://tcgplayer-cdn.tcgplayer.com/product/622674_200w.jpg,74,24070,https://cpt.tcgcsv.com/v5_6,2025-03-07T05:10:20,1,148.5,150.0,250.0,150.0,,Foil,Ultra Rare,190,"[Damage 35+] Fast Activation<br>
<br>
[Class Bonus] Deal up to 7 damage to your champion. Destroy all non-champion objects with reserve cost equal to the amount of damage dealt to your champion this way.",Action,Warrior;Skill,Exia,Warrior,,,,,,,3,Slow
622675,Glorious Presence,Glorious Presence,https://tcgplayer-cdn.tcgplayer.com/product/622675_200w.jpg,74,24070,https://cpt.tcgcsv.com/w5_6,2025-03-07T05:10:20,1,39.21,80.0,160.0,100.0,,Foil,Ultra Rare,196,"As long as you control a Shenju ally, advanced element cards your opponents activate cost 2 more to activate.",Unique;Phantasia,Tamer;Spell,Luxem,Tamer,,,,"<em>While the Shenju are revered throughout Sanguo, legends tell of few encounters–none with happy ends.</em>",,,2,
622675,Glorious Presence,Glorious Presence,https://tcgplayer-cdn.tcgplayer.com/product/622675_200w.jpg,74,24070,https://cpt.tcgcsv.com/w5_6,2025-03-07T05:10:20,1,0.1,1.0,5.0,0.78,,Normal,Ultra Rare,196,"As long as you control a Shenju ally, advanced element cards your opponents activate cost 2 more to activate.",Unique;Phantasia,Tamer;Spell,Luxem,Tamer,,,,"<em>While the Shenju are revered throughout Sanguo, legends tell of few encounters–none with happy ends.</em>",,,2,
622676,"Lu Bu, Indomitable Titan // Lu Bu, Wrath Incarnate",Lu Bu Indomitable Titan Lu Bu Wrath Incarnate,https://tcgplayer-cdn.tcgplayer.com/product/622676_200w.jpg,74,24070,https://cpt.tcgcsv.com/x5_6,2025-03-20T13:43:27.253,1,2.28,3.99,17.0,3.81,,Normal,Ultra Rare,208,"Taunt, Vigor<br>
<br>
On Attack: If this is Lu Bu's first attack this turn, you may pay (2). If you do, wake up Lu Bu.<br>
<br>
[Diao Chan Bonus] If your champion would die with exactly thirty-two damage counters on them, banish them, transform Lu Bu, and destroy all other objects you control instead.",Ally;Unique,Human;Warrior,Tera,Warrior,,4,4,,4,,4,
622678,"Lu Bu, Indomitable Titan (CUR)",Lu Bu Indomitable Titan CUR,https://tcgplayer-cdn.tcgplayer.com/product/622678_200w.jpg,74,24070,https://cpt.tcgcsv.com/B5_6,2025-03-20T13:44:39.55,2,,,,,,,Collector Ultra Rare,208,"Taunt, Vigor<br>
<br>
On Attack: If this is Lu Bu's first attack this turn, you may pay (2). If you do, wake up Lu Bu.<br>
<br>
[Diao Chan Bonus] If your champion would die with exactly thirty-two damage counters on them, banish them, transform Lu Bu, and destroy all other objects you control instead.",Ally;Unique,Human;Warrior,Tera,Warrior,,,4,,4,,4,
