productId,name,cleanName,imageUrl,categoryId,groupId,url,modifiedOn,imageCount,lowPrice,midPrice,highPrice,marketPrice,directLowPrice,subTypeName,extRarity,extNumber,extDescription,extCardType,extCardSubtype,extElement,extClass,extMemoryCost,extLevel,extLife,extFlavorText,extPower,extDurability,extReserveCost,extSpeed
542351,Mercurial Heart 1st Edition Booster Pack,Mercurial Heart 1st Edition Booster Pack,https://tcgplayer-cdn.tcgplayer.com/product/542351_200w.jpg,74,23456,https://cpt.tcgcsv.com/2Zl6,2024-05-17T04:03:26.67,1,,,,,,,,,,,,,,,,,,,,,
542352,Mercurial Heart 1st Edition Booster Box,Mercurial Heart 1st Edition Booster Box,https://tcgplayer-cdn.tcgplayer.com/product/542352_200w.jpg,74,23456,https://cpt.tcgcsv.com/3Zl6,2024-05-17T04:03:26.67,1,180.0,213.5,279.96,209.35,,Normal,,,,,,,,,,,,,,,
542353,Mercurial Heart 1st Edition Booster Box Case,Mercurial Heart 1st Edition Booster Box Case,https://tcgplayer-cdn.tcgplayer.com/product/542353_200w.jpg,74,23456,https://cpt.tcgcsv.com/5Zl6,2024-05-17T04:03:26.67,1,1200.0,1200.0,1200.0,1000.0,,Normal,,,,,,,,,,,,,,,
545001,Re:Collection Mercurial Heart Booster Pack,ReCollection Mercurial Heart Booster Pack,https://tcgplayer-cdn.tcgplayer.com/product/545001_200w.jpg,74,23456,https://cpt.tcgcsv.com/20n6,2024-05-17T04:03:26.67,1,,,,,,,,,,,,,,,,,,,,,
549761,Fragmented Spirit of Fire,Fragmented Spirit of Fire,https://tcgplayer-cdn.tcgplayer.com/product/549761_200w.jpg,74,23456,https://cpt.tcgcsv.com/fWp6,2024-05-17T04:03:26.67,1,24.68,25.84,49.99,47.52,,Normal,Ultra Rare,001,On Enter: Glimpse 6. Draw six cards. Then summon a Spirit Shard token.,Champion,Spirit,Fire,Spirit,0,0,15,<em>Fissues skate across Flagma's mantle. Gouts of flame torch the Oasis. Uncontrollable manga spills forth as the fragmented leyline burns itself to a cinder.</em>,,,,
549761,Fragmented Spirit of Fire,Fragmented Spirit of Fire,https://tcgplayer-cdn.tcgplayer.com/product/549761_200w.jpg,74,23456,https://cpt.tcgcsv.com/fWp6,2024-05-17T04:03:26.67,1,109.99,110.49,110.98,101.59,,Foil,Ultra Rare,001,On Enter: Glimpse 6. Draw six cards. Then summon a Spirit Shard token.,Champion,Spirit,Fire,Spirit,0,0,15,<em>Fissues skate across Flagma's mantle. Gouts of flame torch the Oasis. Uncontrollable manga spills forth as the fragmented leyline burns itself to a cinder.</em>,,,,
549762,Fragmented Spirit of Water,Fragmented Spirit of Water,https://tcgplayer-cdn.tcgplayer.com/product/549762_200w.jpg,74,23456,https://cpt.tcgcsv.com/gWp6,2024-05-17T04:03:26.67,1,39.26,42.5,89.99,46.32,,Normal,Ultra Rare,002,On Enter: Glimpse 6. Draw six cards. Then summon a Spirit Shard token.,Champion,Spirit,Water,Spirit,0,0,15,<em>Relentless hail stabs the frozen air. Hoarfrost chokes Krustal of life. Crystalline daggers of ice form from the deluge of rain as the fragmented leyline shatters.</em>,,,,
549762,Fragmented Spirit of Water,Fragmented Spirit of Water,https://tcgplayer-cdn.tcgplayer.com/product/549762_200w.jpg,74,23456,https://cpt.tcgcsv.com/gWp6,2024-05-17T04:03:26.67,1,84.98,129.5,229.99,84.99,,Foil,Ultra Rare,002,On Enter: Glimpse 6. Draw six cards. Then summon a Spirit Shard token.,Champion,Spirit,Water,Spirit,0,0,15,<em>Relentless hail stabs the frozen air. Hoarfrost chokes Krustal of life. Crystalline daggers of ice form from the deluge of rain as the fragmented leyline shatters.</em>,,,,
549763,Fragmented Spirit of Wind,Fragmented Spirit of Wind,https://tcgplayer-cdn.tcgplayer.com/product/549763_200w.jpg,74,23456,https://cpt.tcgcsv.com/hWp6,2024-05-17T04:03:26.67,1,39.0,49.87,70.0,61.53,,Normal,Ultra Rare,003,On Enter: Glimpse 6. Draw six cards. Then summon a Spirit Shard token.,Champion,Spirit,Wind,Spirit,0,0,15,<em>The thunderclouds darken above. Windscream pierces through the barriers of Winbless. Tempests of madness drive the fragmented leyline to the brink.</em>,,,,
549763,Fragmented Spirit of Wind,Fragmented Spirit of Wind,https://tcgplayer-cdn.tcgplayer.com/product/549763_200w.jpg,74,23456,https://cpt.tcgcsv.com/hWp6,2024-05-17T04:03:26.67,1,69.99,74.9,100.0,99.51,,Foil,Ultra Rare,003,On Enter: Glimpse 6. Draw six cards. Then summon a Spirit Shard token.,Champion,Spirit,Wind,Spirit,0,0,15,<em>The thunderclouds darken above. Windscream pierces through the barriers of Winbless. Tempests of madness drive the fragmented leyline to the brink.</em>,,,,
549764,"Tristan, Underhanded",Tristan Underhanded,https://tcgplayer-cdn.tcgplayer.com/product/549764_200w.jpg,74,23456,https://cpt.tcgcsv.com/jWp6,2024-05-17T04:03:26.67,1,0.09,0.18,1.35,0.14,,Normal,Common,004,"On Enter: You may put a preparation counter on Tristan. If you don’t, you gain agility 3 for this turn. <em>(Agility 3 — Return three cards from your memory to your hand at the beginning of the end phase.)</em>",Champion,Assassin;Human,Norm,Assassin,1,1,19,<em>“Consider it done. Just worry about my payment.”</em>,,,,
549764,"Tristan, Underhanded",Tristan Underhanded,https://tcgplayer-cdn.tcgplayer.com/product/549764_200w.jpg,74,23456,https://cpt.tcgcsv.com/jWp6,2024-05-17T04:03:26.67,1,23.72,24.97,34.74,10.9,,Foil,Common,004,"On Enter: You may put a preparation counter on Tristan. If you don’t, you gain agility 3 for this turn. <em>(Agility 3 — Return three cards from your memory to your hand at the beginning of the end phase.)</em>",Champion,Assassin;Human,Norm,Assassin,1,1,19,<em>“Consider it done. Just worry about my payment.”</em>,,,,
549765,"Tristan, Underhanded (CSR)",Tristan Underhanded CSR,https://tcgplayer-cdn.tcgplayer.com/product/549765_200w.jpg,74,23456,https://cpt.tcgcsv.com/kWp6,2024-05-17T04:03:26.67,1,1800.0,1800.0,1800.0,1199.99,,Foil,Collector Super Rare,004,"On Enter: You may put a preparation counter on Tristan. If you don’t, you gain agility 3 for this turn.",Champion,Assassin;Human,Norm,Assassin,1,1,19,<em>“Consider it done. Just worry about my payment.”</em>,,,,
549766,"Tristan, Hired Blade",Tristan Hired Blade,https://tcgplayer-cdn.tcgplayer.com/product/549766_200w.jpg,74,23456,https://cpt.tcgcsv.com/lWp6,2024-05-17T04:03:26.67,1,0.1,0.2,0.75,0.15,,Normal,Common,005,"Tristan Lineage<br>
On Enter: If Tristan has two or more preparation counters on her, draw a card. Then if Tristan has four or more preparation counters on her, draw an additional card.",Champion,Assassin;Human,Norm,Assassin,2,2,22,,,,,
549766,"Tristan, Hired Blade",Tristan Hired Blade,https://tcgplayer-cdn.tcgplayer.com/product/549766_200w.jpg,74,23456,https://cpt.tcgcsv.com/lWp6,2024-05-17T04:03:26.67,1,8.95,12.99,34.78,7.28,,Foil,Common,005,"Tristan Lineage<br>
On Enter: If Tristan has two or more preparation counters on her, draw a card. Then if Tristan has four or more preparation counters on her, draw an additional card.",Champion,Assassin;Human,Norm,Assassin,2,2,22,,,,,
549767,"Tristan, Hired Blade (CSR)",Tristan Hired Blade CSR,https://tcgplayer-cdn.tcgplayer.com/product/549767_200w.jpg,74,23456,https://cpt.tcgcsv.com/mWp6,2024-05-17T04:03:26.67,1,,,,,,,Collector Super Rare,005,"Tristan Lineage<br>
On Enter: If Tristan has two or more preparation counters on her, draw a card. Then if Tristan has four or more preparation counters on her, draw an additional card.",Champion,Assassin;Human,Norm,Assassin,2,2,22,,,,,
549768,"Tristan, Shadowreaver",Tristan Shadowreaver,https://tcgplayer-cdn.tcgplayer.com/product/549768_200w.jpg,74,23456,https://cpt.tcgcsv.com/nWp6,2024-05-17T04:03:26.67,1,59.99,65.99,89.99,67.24,,Foil,Super Rare,006,"Tristan Lineage<br>
Tristan can level up into champions of the same base level. When she does, draw two cards.<br>
On Enter: Banish the top four cards of target opponent’s deck face down. As long as they’re banished, you may play those cards, ignoring their elemental requirements.",Champion,Assassin;Human,Umbra,Assassin,3,3,25,,,,,
549768,"Tristan, Shadowreaver",Tristan Shadowreaver,https://tcgplayer-cdn.tcgplayer.com/product/549768_200w.jpg,74,23456,https://cpt.tcgcsv.com/nWp6,2024-05-17T04:03:26.67,1,10.39,13.13,54.49,15.26,,Normal,Super Rare,006,"Tristan Lineage<br>
Tristan can level up into champions of the same base level. When she does, draw two cards.<br>
On Enter: Banish the top four cards of target opponent’s deck face down. As long as they’re banished, you may play those cards, ignoring their elemental requirements.",Champion,Assassin;Human,Umbra,Assassin,3,3,25,,,,,
549769,"Tristan, Shadowreaver (CUR)",Tristan Shadowreaver CUR,https://tcgplayer-cdn.tcgplayer.com/product/549769_200w.jpg,74,23456,https://cpt.tcgcsv.com/pWp6,2024-05-17T04:03:26.67,1,2899.98,2899.99,3500.0,,,Foil,Collector Ultra Rare,006,"Tristan Lineage<br>
Tristan can level up into champions of the same base level. When she does, draw two cards.<br>
On Enter: Banish the top four cards of target opponent’s deck face down. As long as they’re banished, you may play those cards, ignoring their elemental requirements.",Champion,Assassin;Human,Umbra,Assassin,3,3,25,,,,,
549770,Alkahest,Alkahest,https://tcgplayer-cdn.tcgplayer.com/product/549770_200w.jpg,74,23456,https://cpt.tcgcsv.com/qWp6,2024-05-17T04:03:26.67,1,3.49,3.77,14.8,4.38,,Foil,Rare,007,"At the beginning of your recollection phase, put an age counter on a Potion item you control.<br>
[Level 4+] Banish Alkahest: Destroy target item or weapon with memory cost 0 or reserve cost 4 or less.",Regalia;Item,Cleric;Solvent,Norm,Cleric,0,,,<em>The universal solvent and a corrosive solution.</em>,,,,
549770,Alkahest,Alkahest,https://tcgplayer-cdn.tcgplayer.com/product/549770_200w.jpg,74,23456,https://cpt.tcgcsv.com/qWp6,2024-05-17T04:03:26.67,1,0.49,0.99,2.22,0.9,,Normal,Rare,007,"At the beginning of your recollection phase, put an age counter on a Potion item you control.<br>
[Level 4+] Banish Alkahest: Destroy target item or weapon with memory cost 0 or reserve cost 4 or less.",Regalia;Item,Cleric;Solvent,Norm,Cleric,0,,,<em>The universal solvent and a corrosive solution.</em>,,,,
549771,Backup Charger,Backup Charger,https://tcgplayer-cdn.tcgplayer.com/product/549771_200w.jpg,74,23456,https://cpt.tcgcsv.com/rWp6,2024-05-17T04:03:26.67,1,69.29,78.45,179.99,98.71,,Foil,Rare,008,"(3), Banish Backup Charger: Summon a Powercell token rested. Draw a card into your memory.",Regalia;Item,Cleric;Accessory,Norm,Cleric,0,,,"<em>“Running out of energy too fast? In a pinch? Our prototype failsafe will guarantee you a fresh charge!”
— Gearstride Automatics Advert</em>",,,,
549771,Backup Charger,Backup Charger,https://tcgplayer-cdn.tcgplayer.com/product/549771_200w.jpg,74,23456,https://cpt.tcgcsv.com/rWp6,2024-05-17T04:03:26.67,1,29.99,48.45,84.0,32.69,,Normal,Rare,008,"(3), Banish Backup Charger: Summon a Powercell token rested. Draw a card into your memory.",Regalia;Item,Cleric;Accessory,Norm,Cleric,0,,,"<em>“Running out of energy too fast? In a pinch? Our prototype failsafe will guarantee you a fresh charge!”
— Gearstride Automatics Advert</em>",,,,
549772,Clockwork Musicbox,Clockwork Musicbox,https://tcgplayer-cdn.tcgplayer.com/product/549772_200w.jpg,74,23456,https://cpt.tcgcsv.com/sWp6,2024-05-17T04:03:26.67,1,16.99,18.9,39.98,13.22,,Foil,Super Rare,009,"Hindered <em>(This object enters the field rested.)</em><br>
[Class Bonus] Whenever you activate a Harmony or Melody card from your hand, you may banish it as it resolves.<br>
[REST]: You may activate a card banished by Clockwork Musicbox. <em>(You still pay its costs.)</em>",Regalia;Item,Tamer;Artifact,Norm,Tamer,0,,,,,,,
549772,Clockwork Musicbox,Clockwork Musicbox,https://tcgplayer-cdn.tcgplayer.com/product/549772_200w.jpg,74,23456,https://cpt.tcgcsv.com/sWp6,2024-05-17T04:03:26.67,1,7.66,9.45,14.99,9.9,,Normal,Super Rare,009,"Hindered <em>(This object enters the field rested.)</em><br>
[Class Bonus] Whenever you activate a Harmony or Melody card from your hand, you may banish it as it resolves.<br>
[REST]: You may activate a card banished by Clockwork Musicbox. <em>(You still pay its costs.)</em>",Regalia;Item,Tamer;Artifact,Norm,Tamer,0,,,,,,,
549773,Framework Sidearm,Framework Sidearm,https://tcgplayer-cdn.tcgplayer.com/product/549773_200w.jpg,74,23456,https://cpt.tcgcsv.com/tWp6,2024-05-17T04:03:26.67,1,0.25,0.51,3.0,0.45,,Normal,Rare,010,"<em>(Gun — Must be loaded to use for an attack and can’t be used with an attack card.)</em><br>
[Class Bonus] You may pay (3) to activate this card from your material deck.",Regalia;Weapon,Ranger;Gun,Norm,Ranger,0,,,<em>A lightweight frame for covert operations.</em>,1,1,,
549773,Framework Sidearm,Framework Sidearm,https://tcgplayer-cdn.tcgplayer.com/product/549773_200w.jpg,74,23456,https://cpt.tcgcsv.com/tWp6,2024-05-17T04:03:26.67,1,4.99,5.99,9.98,6.49,,Foil,Rare,010,"<em>(Gun — Must be loaded to use for an attack and can’t be used with an attack card.)</em><br>
[Class Bonus] You may pay (3) to activate this card from your material deck.",Regalia;Weapon,Ranger;Gun,Norm,Ranger,0,,,<em>A lightweight frame for covert operations.</em>,1,1,,
549774,Mercenary's Blade,Mercenarys Blade,https://tcgplayer-cdn.tcgplayer.com/product/549774_200w.jpg,74,23456,https://cpt.tcgcsv.com/vWp6,2024-05-17T04:03:26.67,1,13.99,17.5,29.99,16.96,,Foil,Rare,011,[Class Bonus] You may remove a preparation counter from your champion to activate this card from your material deck. <em>(Apply this effect only if your champion’s class matches this card’s class.)</em>,Regalia;Weapon,Assassin;Dagger,Norm,Assassin,0,,,<em>A razor-sharp shiv prepared at a moment's notice.</em>,1,1,,
549774,Mercenary's Blade,Mercenarys Blade,https://tcgplayer-cdn.tcgplayer.com/product/549774_200w.jpg,74,23456,https://cpt.tcgcsv.com/vWp6,2024-05-17T04:03:26.67,1,0.6,1.0,9.99,2.45,,Normal,Rare,011,[Class Bonus] You may remove a preparation counter from your champion to activate this card from your material deck. <em>(Apply this effect only if your champion’s class matches this card’s class.)</em>,Regalia;Weapon,Assassin;Dagger,Norm,Assassin,0,,,<em>A razor-sharp shiv prepared at a moment's notice.</em>,1,1,,
549775,Mercurial Heart,Mercurial Heart,https://tcgplayer-cdn.tcgplayer.com/product/549775_200w.jpg,74,23456,https://cpt.tcgcsv.com/wWp6,2024-05-17T04:03:26.67,1,23.99,26.47,49.99,26.18,,Normal,Ultra Rare,012,"Divine Relic <em>(You can only have one card with this keyword in your material deck.)</em><br>
On Enter: Put a buff counter on target Automaton ally you control.",Regalia;Item,Guardian;Artifact;Powercell,Norm,Guardian,0,,,<em>The first heartbeat began the downfall of Azoth.</em>,,,,
549775,Mercurial Heart,Mercurial Heart,https://tcgplayer-cdn.tcgplayer.com/product/549775_200w.jpg,74,23456,https://cpt.tcgcsv.com/wWp6,2024-05-17T04:03:26.67,1,39.99,79.49,118.99,39.01,,Foil,Ultra Rare,012,"Divine Relic <em>(You can only have one card with this keyword in your material deck.)</em><br>
On Enter: Put a buff counter on target Automaton ally you control.",Regalia;Item,Guardian;Artifact;Powercell,Norm,Guardian,0,,,<em>The first heartbeat began the downfall of Azoth.</em>,,,,
549776,Prototype Shield,Prototype Shield,https://tcgplayer-cdn.tcgplayer.com/product/549776_200w.jpg,74,23456,https://cpt.tcgcsv.com/xWp6,2024-05-17T04:03:26.67,1,2.99,3.75,12.25,4.33,,Foil,Rare,013,"Unit Link <em>(This object enters the field linked to target unit. If the link is broken, sacrifice this object.)</em><br>
[Class Bonus] If damage would be dealt to linked unit while it’s attacking, prevent 3 of that damage. <em>(This also prevents damage that would be dealt by a retaliating defender.)</em>",Regalia;Item,Guardian;Shield,Norm,Guardian,0,,,,,,,
549776,Prototype Shield,Prototype Shield,https://tcgplayer-cdn.tcgplayer.com/product/549776_200w.jpg,74,23456,https://cpt.tcgcsv.com/xWp6,2024-05-17T04:03:26.67,1,0.25,0.49,1.76,0.49,,Normal,Rare,013,"Unit Link <em>(This object enters the field linked to target unit. If the link is broken, sacrifice this object.)</em><br>
[Class Bonus] If damage would be dealt to linked unit while it’s attacking, prevent 3 of that damage. <em>(This also prevents damage that would be dealt by a retaliating defender.)</em>",Regalia;Item,Guardian;Shield,Norm,Guardian,0,,,,,,,
549777,Steel Slug,Steel Slug,https://tcgplayer-cdn.tcgplayer.com/product/549777_200w.jpg,74,23456,https://cpt.tcgcsv.com/zWp6,2024-05-17T04:03:26.67,1,0.25,0.43,2.18,0.36,,Normal,Rare,014,"Renewable <em>(If this card would be banished from the field or an intent, put it into its owner’s material deck instead.)</em><br>
[REST]: Load Steel Slug into target unloaded Gun weapon you control. <em>(As a weapon is used for an attack, all of its loaded cards are put into the attacker’s intent.)</em>",Regalia;Item,Ranger;Bullet,Norm,Ranger,1,,,,3,,,
549777,Steel Slug,Steel Slug,https://tcgplayer-cdn.tcgplayer.com/product/549777_200w.jpg,74,23456,https://cpt.tcgcsv.com/zWp6,2024-05-17T04:03:26.67,1,1.25,4.97,6.0,5.0,,Foil,Rare,014,"Renewable <em>(If this card would be banished from the field or an intent, put it into its owner’s material deck instead.)</em><br>
[REST]: Load Steel Slug into target unloaded Gun weapon you control. <em>(As a weapon is used for an attack, all of its loaded cards are put into the attacker’s intent.)</em>",Regalia;Item,Ranger;Bullet,Norm,Ranger,1,,,,3,,,
549778,Worn Diary,Worn Diary,https://tcgplayer-cdn.tcgplayer.com/product/549778_200w.jpg,74,23456,https://cpt.tcgcsv.com/BWp6,2024-05-17T04:03:26.67,1,0.79,1.78,7.08,0.99,,Foil,Rare,015,"[REST]: Put a page counter on Worn Diary for each card in your memory.<br>
[REST], Banish Worn Diary: Draw a card. Activate this ability only if there are ten or more page counters on Worn Diary.",Regalia;Item,Cleric;Book,Norm,Cleric,0,,,,,,,
549778,Worn Diary,Worn Diary,https://tcgplayer-cdn.tcgplayer.com/product/549778_200w.jpg,74,23456,https://cpt.tcgcsv.com/BWp6,2024-05-17T04:03:26.67,1,0.15,0.25,2.99,0.26,,Normal,Rare,015,"[REST]: Put a page counter on Worn Diary for each card in your memory.<br>
[REST], Banish Worn Diary: Draw a card. Activate this ability only if there are ten or more page counters on Worn Diary.",Regalia;Item,Cleric;Book,Norm,Cleric,0,,,,,,,
549779,Blast Shield,Blast Shield,https://tcgplayer-cdn.tcgplayer.com/product/549779_200w.jpg,74,23456,https://cpt.tcgcsv.com/CWp6,2024-05-17T04:03:26.67,1,0.1,0.25,1.37,0.31,,Normal,Rare,016,"Ally Link <em>(This object enters the field linked to target ally. If the link is broken, sacrifice this object.)</em><br>
At the beginning of your recollection phase, deal 2 damage to your champion.<br>
[Class Bonus] Linked ally gets +2 power.",Regalia;Item,Guardian;Shield,Fire,Guardian,0,,,,,,,
549779,Blast Shield,Blast Shield,https://tcgplayer-cdn.tcgplayer.com/product/549779_200w.jpg,74,23456,https://cpt.tcgcsv.com/CWp6,2024-05-17T04:03:26.67,1,0.68,1.84,5.98,1.91,,Foil,Rare,016,"Ally Link <em>(This object enters the field linked to target ally. If the link is broken, sacrifice this object.)</em><br>
At the beginning of your recollection phase, deal 2 damage to your champion.<br>
[Class Bonus] Linked ally gets +2 power.",Regalia;Item,Guardian;Shield,Fire,Guardian,0,,,,,,,
549780,Contraband Revolver,Contraband Revolver,https://tcgplayer-cdn.tcgplayer.com/product/549780_200w.jpg,74,23456,https://cpt.tcgcsv.com/DWp6,2024-05-17T04:03:26.67,1,0.24,0.52,2.15,0.44,,Normal,Rare,017,"<em>(Gun — Must be loaded to use for an attack and can’t be used with an attack card.)</em><br>
[Class Bonus] On Attack: If the attacker is attacking a champion, Contraband Revolver gets +2 power for this attack.",Regalia;Weapon,Ranger;Gun,Fire,Ranger,0,,,,1,1,,
549780,Contraband Revolver,Contraband Revolver,https://tcgplayer-cdn.tcgplayer.com/product/549780_200w.jpg,74,23456,https://cpt.tcgcsv.com/DWp6,2024-05-17T04:03:26.67,1,1.0,1.69,5.99,2.62,,Foil,Rare,017,"<em>(Gun — Must be loaded to use for an attack and can’t be used with an attack card.)</em><br>
[Class Bonus] On Attack: If the attacker is attacking a champion, Contraband Revolver gets +2 power for this attack.",Regalia;Weapon,Ranger;Gun,Fire,Ranger,0,,,,1,1,,
549781,Forgelight Blade,Forgelight Blade,https://tcgplayer-cdn.tcgplayer.com/product/549781_200w.jpg,74,23456,https://cpt.tcgcsv.com/FWp6,2024-05-17T04:03:26.67,1,0.18,0.75,2.99,0.77,,Normal,Rare,018,"[Class Bonus] Forgelight Blade gets +1 power. <em>(Apply this effect only if your champion’s class matches this card’s class.)</em><br>
On Enter: Deal 4 damage to your champion.",Regalia;Weapon,Warrior;Sword,Fire,Warrior,0,,,<em>Molten power radiates from within.</em>,1,2,,
549781,Forgelight Blade,Forgelight Blade,https://tcgplayer-cdn.tcgplayer.com/product/549781_200w.jpg,74,23456,https://cpt.tcgcsv.com/FWp6,2024-05-17T04:03:26.67,1,2.99,3.3,4.01,4.13,,Foil,Rare,018,"[Class Bonus] Forgelight Blade gets +1 power. <em>(Apply this effect only if your champion’s class matches this card’s class.)</em><br>
On Enter: Deal 4 damage to your champion.",Regalia;Weapon,Warrior;Sword,Fire,Warrior,0,,,<em>Molten power radiates from within.</em>,1,2,,
549782,Impact Hammer,Impact Hammer,https://tcgplayer-cdn.tcgplayer.com/product/549782_200w.jpg,74,23456,https://cpt.tcgcsv.com/GWp6,2024-05-17T04:03:26.67,1,2.48,2.69,3.99,2.91,,Normal,Rare,019,"[Class Bonus] Impact Hammer gets +1 power. <em>(Apply this effect only if your champion’s class matches this card’s class.)</em><br>
Whenever a unit uses this weapon for an attack, deal 3 damage to it.",Regalia;Weapon,Guardian;Hammer,Fire,Guardian,0,,,,2,2,,
549782,Impact Hammer,Impact Hammer,https://tcgplayer-cdn.tcgplayer.com/product/549782_200w.jpg,74,23456,https://cpt.tcgcsv.com/GWp6,2024-05-17T04:03:26.67,1,12.99,14.49,14.99,6.0,,Foil,Rare,019,"[Class Bonus] Impact Hammer gets +1 power. <em>(Apply this effect only if your champion’s class matches this card’s class.)</em><br>
Whenever a unit uses this weapon for an attack, deal 3 damage to it.",Regalia;Weapon,Guardian;Hammer,Fire,Guardian,0,,,,2,2,,
549783,Krustallan Longsword,Krustallan Longsword,https://tcgplayer-cdn.tcgplayer.com/product/549783_200w.jpg,74,23456,https://cpt.tcgcsv.com/HWp6,2024-05-17T04:03:26.67,1,3.99,5.12,11.99,4.2,,Foil,Rare,020,"[Class Bonus] As long as you have four or more water element cards in your graveyard, Kustallan Longsword gets +1 power. <em>(Apply this effect only if your champion’s class matches this card’s class.)</em>",Regalia;Weapon,Warrior;Sword,Water,Warrior,0,,,<em>Forged from ancestral Krusteel and sheathed in frost.</em>,1,2,,
549783,Krustallan Longsword,Krustallan Longsword,https://tcgplayer-cdn.tcgplayer.com/product/549783_200w.jpg,74,23456,https://cpt.tcgcsv.com/HWp6,2024-05-17T04:03:26.67,1,0.29,0.69,2.21,0.67,,Normal,Rare,020,"[Class Bonus] As long as you have four or more water element cards in your graveyard, Kustallan Longsword gets +1 power. <em>(Apply this effect only if your champion’s class matches this card’s class.)</em>",Regalia;Weapon,Warrior;Sword,Water,Warrior,0,,,<em>Forged from ancestral Krusteel and sheathed in frost.</em>,1,2,,
549784,Loaded Thoughts,Loaded Thoughts,https://tcgplayer-cdn.tcgplayer.com/product/549784_200w.jpg,74,23456,https://cpt.tcgcsv.com/JWp6,2024-05-17T04:03:26.67,1,2.99,4.59,8.99,4.59,,Foil,Rare,021,"<em>(Gun — Must be loaded to use for an attack and can’t be used with an attack card.)</em><br>
[Class Bonus] Whenever Loaded Thoughts becomes loaded, you may put the top card of your deck into your graveyard.",Regalia;Weapon,Ranger;Gun,Water,Ranger,0,,,,1,3,,
549784,Loaded Thoughts,Loaded Thoughts,https://tcgplayer-cdn.tcgplayer.com/product/549784_200w.jpg,74,23456,https://cpt.tcgcsv.com/JWp6,2024-05-17T04:03:26.67,1,0.25,0.5,2.0,0.44,,Normal,Rare,021,"<em>(Gun — Must be loaded to use for an attack and can’t be used with an attack card.)</em><br>
[Class Bonus] Whenever Loaded Thoughts becomes loaded, you may put the top card of your deck into your graveyard.",Regalia;Weapon,Ranger;Gun,Water,Ranger,0,,,,1,3,,
549785,Tideholder Claymore,Tideholder Claymore,https://tcgplayer-cdn.tcgplayer.com/product/549785_200w.jpg,74,23456,https://cpt.tcgcsv.com/KWp6,2024-05-17T04:03:26.67,1,34.99,39.59,51.2,38.58,,Foil,Super Rare,022,"[Class Bonus] This card costs 1 less to materialize.<br>
As an additional cost to use this weapon for an attack, pay (10), reduced by (1) for each water element card in your graveyard.",Regalia;Weapon,Guardian;Sword,Water,Guardian,2,,,<em>A tidal wave of unrelenting force.</em>,5,3,,
549785,Tideholder Claymore,Tideholder Claymore,https://tcgplayer-cdn.tcgplayer.com/product/549785_200w.jpg,74,23456,https://cpt.tcgcsv.com/KWp6,2024-05-17T04:03:26.67,1,10.94,19.44,59.99,18.03,,Normal,Super Rare,022,"[Class Bonus] This card costs 1 less to materialize.<br>
As an additional cost to use this weapon for an attack, pay (10), reduced by (1) for each water element card in your graveyard.",Regalia;Weapon,Guardian;Sword,Water,Guardian,2,,,<em>A tidal wave of unrelenting force.</em>,5,3,,
549786,Vaporjet Shield,Vaporjet Shield,https://tcgplayer-cdn.tcgplayer.com/product/549786_200w.jpg,74,23456,https://cpt.tcgcsv.com/LWp6,2024-05-17T04:03:26.67,1,13.96,14.7,44.99,14.45,,Foil,Rare,023,"Unit Link <em>(This object enters the field linked to target unit. If the link is broken, sacrifice this object.)</em><br>
[Class Bonus] If damage would be dealt to linked unit, prevent 1 of that damage.",Regalia;Item,Guardian;Shield,Water,Guardian,2,,,,,,,
549786,Vaporjet Shield,Vaporjet Shield,https://tcgplayer-cdn.tcgplayer.com/product/549786_200w.jpg,74,23456,https://cpt.tcgcsv.com/LWp6,2024-05-17T04:03:26.67,1,0.3,0.99,3.0,0.87,,Normal,Rare,023,"Unit Link <em>(This object enters the field linked to target unit. If the link is broken, sacrifice this object.)</em><br>
[Class Bonus] If damage would be dealt to linked unit, prevent 1 of that damage.",Regalia;Item,Guardian;Shield,Water,Guardian,2,,,,,,,
549787,Ceremonial Stormblade,Ceremonial Stormblade,https://tcgplayer-cdn.tcgplayer.com/product/549787_200w.jpg,74,23456,https://cpt.tcgcsv.com/MWp6,2024-05-17T04:03:26.67,1,0.73,1.95,5.99,2.06,,Foil,Rare,024,[Class Bonus] On Enter: Put a durability counter on Ceremonial Stormblade for each wind ally you control. <em>(Apply this effect only if your champion’s class matches this card’s class.)</em>,Regalia;Weapon,Warrior;Sword,Wind,Warrior,0,,,<em>An ornamental sword that rallies the winds.</em>,1,1,,
549787,Ceremonial Stormblade,Ceremonial Stormblade,https://tcgplayer-cdn.tcgplayer.com/product/549787_200w.jpg,74,23456,https://cpt.tcgcsv.com/MWp6,2024-05-17T04:03:26.67,1,0.18,0.5,3.64,0.33,,Normal,Rare,024,[Class Bonus] On Enter: Put a durability counter on Ceremonial Stormblade for each wind ally you control. <em>(Apply this effect only if your champion’s class matches this card’s class.)</em>,Regalia;Weapon,Warrior;Sword,Wind,Warrior,0,,,<em>An ornamental sword that rallies the winds.</em>,1,1,,
549788,Emerald Pistol,Emerald Pistol,https://tcgplayer-cdn.tcgplayer.com/product/549788_200w.jpg,74,23456,https://cpt.tcgcsv.com/NWp6,2024-05-17T04:03:26.67,1,2.49,2.99,8.9,2.99,,Foil,Rare,025,[Class Bonus] On Enter: Materialize a Bullet card with memory cost 0 from your material deck. <em>(Apply this effect only if your champion’s class matches this card’s class.)</em>,Regalia;Weapon,Ranger;Gun,Wind,Ranger,1,,,<em>Preloaded with whatever you deem necessary.</em>,1,2,,
549788,Emerald Pistol,Emerald Pistol,https://tcgplayer-cdn.tcgplayer.com/product/549788_200w.jpg,74,23456,https://cpt.tcgcsv.com/NWp6,2024-05-17T04:03:26.67,1,0.24,0.54,1.99,0.5,,Normal,Rare,025,[Class Bonus] On Enter: Materialize a Bullet card with memory cost 0 from your material deck. <em>(Apply this effect only if your champion’s class matches this card’s class.)</em>,Regalia;Weapon,Ranger;Gun,Wind,Ranger,1,,,<em>Preloaded with whatever you deem necessary.</em>,1,2,,
549789,Mechanized Smasher,Mechanized Smasher,https://tcgplayer-cdn.tcgplayer.com/product/549789_200w.jpg,74,23456,https://cpt.tcgcsv.com/PWp6,2024-05-17T04:03:26.67,1,0.96,2.02,18.0,2.8,,Normal,Super Rare,026,"[Class Bonus] This card costs 1 less to materialize.<br>
Mechanized Smasher can’t be used with attack cards.<br>
As an additional cost to use Mechanized Smasher for an attack, reveal four wind element cards from your memory.",Regalia;Weapon,Guardian;Fist,Wind,Guardian,2,,,,4,2,,
549789,Mechanized Smasher,Mechanized Smasher,https://tcgplayer-cdn.tcgplayer.com/product/549789_200w.jpg,74,23456,https://cpt.tcgcsv.com/PWp6,2024-05-17T04:03:26.67,1,3.99,4.62,17.99,4.8,,Foil,Super Rare,026,"[Class Bonus] This card costs 1 less to materialize.<br>
Mechanized Smasher can’t be used with attack cards.<br>
As an additional cost to use Mechanized Smasher for an attack, reveal four wind element cards from your memory.",Regalia;Weapon,Guardian;Fist,Wind,Guardian,2,,,,4,2,,
549790,Winbless Kiteshield,Winbless Kiteshield,https://tcgplayer-cdn.tcgplayer.com/product/549790_200w.jpg,74,23456,https://cpt.tcgcsv.com/QWp6,2024-05-17T04:03:26.67,1,3.99,7.0,19.99,9.11,,Foil,Rare,027,"[Class Bonus] This card costs 1 less to materialize.<br>
Unit Link <em>(This object enters the field linked to target unit. If the link is broken, sacrifice this object.)</em><br>
Linked unit has vigor.",Regalia;Item,Guardian;Shield,Wind,Guardian,1,,,,,,,
549790,Winbless Kiteshield,Winbless Kiteshield,https://tcgplayer-cdn.tcgplayer.com/product/549790_200w.jpg,74,23456,https://cpt.tcgcsv.com/QWp6,2024-05-17T04:03:26.67,1,0.15,0.39,1.5,0.34,,Normal,Rare,027,"[Class Bonus] This card costs 1 less to materialize.<br>
Unit Link <em>(This object enters the field linked to target unit. If the link is broken, sacrifice this object.)</em><br>
Linked unit has vigor.",Regalia;Item,Guardian;Shield,Wind,Guardian,1,,,,,,,
549791,Windpiercer,Windpiercer,https://tcgplayer-cdn.tcgplayer.com/product/549791_200w.jpg,74,23456,https://cpt.tcgcsv.com/RWp6,2024-05-17T04:03:26.67,1,8.99,10.95,69.69,11.28,,Normal,Super Rare,028,"Renewable<br>
[REST]: Load Windpiercer into target unloaded Gun weapon you control.<br>
On Attack: Glimpse 1, then reveal the top card of your deck. If that card is wind element, Windpiercer gets +2 power.",Regalia;Item,Ranger;Bullet,Wind,Ranger,0,,,,1,,,
549791,Windpiercer,Windpiercer,https://tcgplayer-cdn.tcgplayer.com/product/549791_200w.jpg,74,23456,https://cpt.tcgcsv.com/RWp6,2024-05-17T04:03:26.67,1,14.68,17.85,54.97,17.99,,Foil,Super Rare,028,"Renewable<br>
[REST]: Load Windpiercer into target unloaded Gun weapon you control.<br>
On Attack: Glimpse 1, then reveal the top card of your deck. If that card is wind element, Windpiercer gets +2 power.",Regalia;Item,Ranger;Bullet,Wind,Ranger,0,,,,1,,,
549792,Lunar Conduit,Lunar Conduit,https://tcgplayer-cdn.tcgplayer.com/product/549792_200w.jpg,74,23456,https://cpt.tcgcsv.com/SWp6,2024-05-17T04:03:26.67,1,2.99,4.3,20.0,5.56,,Foil,Rare,029,"[Class Bonus] This card costs 1 less to materialize.<br>
Whenever you activate an astra element card, put a charge counter on Lunar Conduit.<br>
(3), [REST]: As a Spell, deal an amount of damage to target unit equal to the amount of charge counters on Lunar Conduit. Then remove a charge counter from Lunar Conduit.",Regalia;Item,Cleric;Staff,Astra,Cleric,1,,,,,,,
549792,Lunar Conduit,Lunar Conduit,https://tcgplayer-cdn.tcgplayer.com/product/549792_200w.jpg,74,23456,https://cpt.tcgcsv.com/SWp6,2024-05-17T04:03:26.67,1,0.49,0.99,1.99,0.98,,Normal,Rare,029,"[Class Bonus] This card costs 1 less to materialize.<br>
Whenever you activate an astra element card, put a charge counter on Lunar Conduit.<br>
(3), [REST]: As a Spell, deal an amount of damage to target unit equal to the amount of charge counters on Lunar Conduit. Then remove a charge counter from Lunar Conduit.",Regalia;Item,Cleric;Staff,Astra,Cleric,1,,,,,,,
549793,Aegis of Dawn,Aegis of Dawn,https://tcgplayer-cdn.tcgplayer.com/product/549793_200w.jpg,74,23456,https://cpt.tcgcsv.com/TWp6,2024-05-17T04:03:26.67,1,1.25,2.0,18.0,2.02,,Normal,Super Rare,030,"[Class Bonus] This card costs 1 less to materialize.<br>
Whenever your champion is dealt four or more damage, summon an Automaton Drone token.",Regalia;Item,Guardian;Shield,Neos,Guardian,1,,,"<em>The Dawn Vanguard stride into battle, fearless of death or destruction as another will always rise.</em>",,,,
549793,Aegis of Dawn,Aegis of Dawn,https://tcgplayer-cdn.tcgplayer.com/product/549793_200w.jpg,74,23456,https://cpt.tcgcsv.com/TWp6,2024-05-17T04:03:26.67,1,5.49,7.6,9.99,9.73,,Foil,Super Rare,030,"[Class Bonus] This card costs 1 less to materialize.<br>
Whenever your champion is dealt four or more damage, summon an Automaton Drone token.",Regalia;Item,Guardian;Shield,Neos,Guardian,1,,,"<em>The Dawn Vanguard stride into battle, fearless of death or destruction as another will always rise.</em>",,,,
549794,Alchemical Scripture,Alchemical Scripture,https://tcgplayer-cdn.tcgplayer.com/product/549794_200w.jpg,74,23456,https://cpt.tcgcsv.com/VWp6,2024-05-17T04:03:26.67,1,11.99,13.49,24.99,4.64,,Foil,Rare,031,"At the beginning of your end phase, if you control four or more tokens, draw a card into your memory.",Regalia;Item,Cleric;Book,Neos,Cleric,1,,,<em>“The theoretics of consumptive alchemy suggest that the energy density of soul matter can be condensed into a hypothetical jewel of limitless potential.”</em>,,,,
549794,Alchemical Scripture,Alchemical Scripture,https://tcgplayer-cdn.tcgplayer.com/product/549794_200w.jpg,74,23456,https://cpt.tcgcsv.com/VWp6,2024-05-17T04:03:26.67,1,0.38,0.5,4.99,0.69,,Normal,Rare,031,"At the beginning of your end phase, if you control four or more tokens, draw a card into your memory.",Regalia;Item,Cleric;Book,Neos,Cleric,1,,,<em>“The theoretics of consumptive alchemy suggest that the energy density of soul matter can be condensed into a hypothetical jewel of limitless potential.”</em>,,,,
549795,Gloamspire Mantle,Gloamspire Mantle,https://tcgplayer-cdn.tcgplayer.com/product/549795_200w.jpg,74,23456,https://cpt.tcgcsv.com/WWp6,2024-05-17T04:03:26.67,1,9.5,15.5,45.97,18.73,,Normal,Super Rare,032,"[Tristan Bonus] On Enter: You may pay (3). If you do, summon an Ominous Shadow token.<br>
Umbra element phantasia allies you control have ambush. <em>(They may retaliate against attackers while not defending.)</em>",Regalia;Item,Assassin;Accessory,Umbra,Assassin,0,,,,,,,
549795,Gloamspire Mantle,Gloamspire Mantle,https://tcgplayer-cdn.tcgplayer.com/product/549795_200w.jpg,74,23456,https://cpt.tcgcsv.com/WWp6,2024-05-17T04:03:26.67,1,9.99,24.17,121.63,13.0,,Foil,Super Rare,032,"[Tristan Bonus] On Enter: You may pay (3). If you do, summon an Ominous Shadow token.<br>
Umbra element phantasia allies you control have ambush. <em>(They may retaliate against attackers while not defending.)</em>",Regalia;Item,Assassin;Accessory,Umbra,Assassin,0,,,,,,,
549796,Memento Mori,Memento Mori,https://tcgplayer-cdn.tcgplayer.com/product/549796_200w.jpg,74,23456,https://cpt.tcgcsv.com/XWp6,2024-05-17T04:03:26.67,1,0.17,0.5,2.23,0.56,,Normal,Rare,033,"Whenever an ally dies, put a prize counter on Memento Mori.<br>
Banish Memento Mori: Draw three cards. Activate this ability only at slow speed and only if there are six or more prize counters on Memento Mori.",Regalia;Item,Guardian;Ranger;Accessory,Umbra,Guardian;Ranger,0,,,,,,,
549796,Memento Mori,Memento Mori,https://tcgplayer-cdn.tcgplayer.com/product/549796_200w.jpg,74,23456,https://cpt.tcgcsv.com/XWp6,2024-05-17T04:03:26.67,1,11.0,13.99,19.99,4.09,,Foil,Rare,033,"Whenever an ally dies, put a prize counter on Memento Mori.<br>
Banish Memento Mori: Draw three cards. Activate this ability only at slow speed and only if there are six or more prize counters on Memento Mori.",Regalia;Item,Guardian;Ranger;Accessory,Umbra,Guardian;Ranger,0,,,,,,,
549797,Shadow's Claw,Shadows Claw,https://tcgplayer-cdn.tcgplayer.com/product/549797_200w.jpg,74,23456,https://cpt.tcgcsv.com/ZWp6,2024-05-17T04:03:26.67,1,33.98,42.01,89.99,42.29,,Normal,Ultra Rare,034,"As long as you have four or more preparation counters on your champion, you may activate this card from your material deck.<br>
[Tristan Bonus] Phantasia allies you control can attack using Shadow’s Claw. When they do, put a durability counter on Shadow’s Claw.",Regalia;Weapon,Assassin;Dagger,Umbra,Assassin,0,,,,1,3,,
549797,Shadow's Claw,Shadows Claw,https://tcgplayer-cdn.tcgplayer.com/product/549797_200w.jpg,74,23456,https://cpt.tcgcsv.com/ZWp6,2024-05-17T04:03:26.67,1,72.75,105.0,179.99,149.99,,Foil,Ultra Rare,034,"As long as you have four or more preparation counters on your champion, you may activate this card from your material deck.<br>
[Tristan Bonus] Phantasia allies you control can attack using Shadow’s Claw. When they do, put a durability counter on Shadow’s Claw.",Regalia;Weapon,Assassin;Dagger,Umbra,Assassin,0,,,,1,3,,
549798,Sorrowcaller,Sorrowcaller,https://tcgplayer-cdn.tcgplayer.com/product/549798_200w.jpg,74,23456,https://cpt.tcgcsv.com/-Wp6,2024-05-22T15:19:28.777,1,1.94,2.5,30.0,2.34,,Normal,Super Rare,035,[Class Bonus] On Champion Hit: Reveal the hit opponent’s memory. Deal an amount of unpreventable damage to the hit champion equal to the amount of cards with reserve cost 3 or greater revealed this way.,Weapon;Regalia,Ranger;Gun,Umbra,Ranger,0,,,<em>Punish the guilty. Harvest the weak.</em>,1,1,,
549798,Sorrowcaller,Sorrowcaller,https://tcgplayer-cdn.tcgplayer.com/product/549798_200w.jpg,74,23456,https://cpt.tcgcsv.com/-Wp6,2024-05-22T15:19:28.777,1,4.99,5.99,30.0,5.99,,Foil,Super Rare,035,[Class Bonus] On Champion Hit: Reveal the hit opponent’s memory. Deal an amount of unpreventable damage to the hit champion equal to the amount of cards with reserve cost 3 or greater revealed this way.,Weapon;Regalia,Ranger;Gun,Umbra,Ranger,0,,,<em>Punish the guilty. Harvest the weak.</em>,1,1,,
549799,Atmos Armor Type-Hermes,Atmos Armor Type Hermes,https://tcgplayer-cdn.tcgplayer.com/product/549799_200w.jpg,74,23456,https://cpt.tcgcsv.com/_Wp6,2024-05-17T12:17:36.78,1,0.49,1.0,2.77,1.1,,Normal,Super Rare,036,"As an additional cost to activate this card, sacrifice a Powercell.<br>
Spellshroud <em>(Units with spellshroud can’t be targeted by Spells.)</em><br>
[Level 1+] Other Automaton allies you control get +1 power.",Ally,Guardian;Automaton,Norm,Guardian,,,,,2,,3,
549799,Atmos Armor Type-Hermes,Atmos Armor Type Hermes,https://tcgplayer-cdn.tcgplayer.com/product/549799_200w.jpg,74,23456,https://cpt.tcgcsv.com/_Wp6,2024-05-17T12:17:36.78,1,2.91,2.99,8.99,5.38,,Foil,Super Rare,036,"As an additional cost to activate this card, sacrifice a Powercell.<br>
Spellshroud <em>(Units with spellshroud can’t be targeted by Spells.)</em><br>
[Level 1+] Other Automaton allies you control get +1 power.",Ally,Guardian;Automaton,Norm,Guardian,,,,,2,,3,
549800,Atmos Armor Type-Hermes (CSR),Atmos Armor Type Hermes CSR,https://tcgplayer-cdn.tcgplayer.com/product/549800_200w.jpg,74,23456,https://cpt.tcgcsv.com/0Xp6,2024-05-17T04:03:26.67,1,159.99,279.99,399.98,,,Foil,Collector Super Rare,036,"As an additional cost to activate this card, sacrifice a Powercell.<br>
Spellshroud<br>
[Level 1+] Other Automaton allies you control get +1 power.",Ally,Guardian;Automaton,Norm,Guardian,,,,,2,,3,
549801,Automaton Beastkeeper,Automaton Beastkeeper,https://tcgplayer-cdn.tcgplayer.com/product/549801_200w.jpg,74,23456,https://cpt.tcgcsv.com/2Xp6,2024-05-17T04:03:26.67,1,0.74,0.9,7.18,0.74,,Foil,Uncommon,037,[Class Bonus] On Enter: You may return a Beast ally card from your graveyard to your memory.,Ally,Tamer;Automaton,Norm,Tamer,,,,<em>Relentless ferocity never stays buried long. The thread of life calls back the untamed wilds from the brink.</em>,1,,4,
549801,Automaton Beastkeeper,Automaton Beastkeeper,https://tcgplayer-cdn.tcgplayer.com/product/549801_200w.jpg,74,23456,https://cpt.tcgcsv.com/2Xp6,2024-05-17T04:03:26.67,1,0.08,0.18,1.36,0.11,,Normal,Uncommon,037,[Class Bonus] On Enter: You may return a Beast ally card from your graveyard to your memory.,Ally,Tamer;Automaton,Norm,Tamer,,,,<em>Relentless ferocity never stays buried long. The thread of life calls back the untamed wilds from the brink.</em>,1,,4,
549802,Automaton Drone,Automaton Drone,https://tcgplayer-cdn.tcgplayer.com/product/549802_200w.jpg,74,23456,https://cpt.tcgcsv.com/3Xp6,2024-05-17T04:03:26.67,1,0.49,3.48,13.75,2.92,,Foil,Common,038,,Token;Ally,Guardian;Automaton,Norm,Guardian,,,,"<em>“Our ServDrone Mk II model is top of the line! You won’t find a better attendant this side of Azoth!”
— Gearstride Automatics Advertisement</em>",1,,1,
549802,Automaton Drone,Automaton Drone,https://tcgplayer-cdn.tcgplayer.com/product/549802_200w.jpg,74,23456,https://cpt.tcgcsv.com/3Xp6,2024-05-17T04:03:26.67,1,0.05,0.24,1.32,0.22,,Normal,Common,038,,Token;Ally,Guardian;Automaton,Norm,Guardian,,,,"<em>“Our ServDrone Mk II model is top of the line! You won’t find a better attendant this side of Azoth!”
— Gearstride Automatics Advertisement</em>",1,,1,
549803,Bandage Wound,Bandage Wound,https://tcgplayer-cdn.tcgplayer.com/product/549803_200w.jpg,74,23456,https://cpt.tcgcsv.com/5Xp6,2024-05-17T04:03:26.67,1,0.39,0.96,3.02,0.92,,Foil,Common,039,"Recover 4. <em>(To recover, remove that many damage counters from your champion.)</em>",Action,Cleric;Skill,Norm,Cleric,,,,"<em>“I have to save her. I can’t lose Rose again!”
— Claude, Fated Visionary</em>",,,2,Fast
549803,Bandage Wound,Bandage Wound,https://tcgplayer-cdn.tcgplayer.com/product/549803_200w.jpg,74,23456,https://cpt.tcgcsv.com/5Xp6,2024-05-17T04:03:26.67,1,0.05,0.18,1.32,0.12,,Normal,Common,039,"Recover 4. <em>(To recover, remove that many damage counters from your champion.)</em>",Action,Cleric;Skill,Norm,Cleric,,,,"<em>“I have to save her. I can’t lose Rose again!”
— Claude, Fated Visionary</em>",,,2,Fast
549804,"Bertha, Spry Howitzer",Bertha Spry Howitzer,https://tcgplayer-cdn.tcgplayer.com/product/549804_200w.jpg,74,23456,https://cpt.tcgcsv.com/6Xp6,2024-05-17T04:03:26.67,1,39.95,39.97,64.97,8.23,,Foil,Super Rare,040,"Fast Activation, Ranged 2<br>
[Class Bonus] [Level 2+] On Enter: Look at the top five cards of your deck. You may activate a Ranger action card with reserve cost 2 or less from among them without paying its costs. Put the rest on the bottom of your deck in any order.",Ally,Ranger;Human,Norm,Ranger,,,,,1,,3,
549804,"Bertha, Spry Howitzer",Bertha Spry Howitzer,https://tcgplayer-cdn.tcgplayer.com/product/549804_200w.jpg,74,23456,https://cpt.tcgcsv.com/6Xp6,2024-05-17T04:03:26.67,1,2.4,2.99,13.0,2.67,,Normal,Super Rare,040,"Fast Activation, Ranged 2<br>
[Class Bonus] [Level 2+] On Enter: Look at the top five cards of your deck. You may activate a Ranger action card with reserve cost 2 or less from among them without paying its costs. Put the rest on the bottom of your deck in any order.",Ally,Ranger;Human,Norm,Ranger,,,,,1,,3,
549805,Blightroot,Blightroot,https://tcgplayer-cdn.tcgplayer.com/product/549805_200w.jpg,74,23456,https://cpt.tcgcsv.com/7Xp6,2024-05-17T04:03:26.67,1,0.05,0.16,1.32,0.1,,Normal,Common,041,Sacrifice Blightroot: Your champion gets +1 level until end of turn.,Token;Item,Cleric;Herb;Catalyst;Root,Norm,Cleric,,,,,,,1,
549806,Buried Grief,Buried Grief,https://tcgplayer-cdn.tcgplayer.com/product/549806_200w.jpg,74,23456,https://cpt.tcgcsv.com/8Xp6,2024-05-17T04:03:26.67,1,4.95,5.48,13.59,2.98,,Foil,Uncommon,042,"Draw two cards, then put a card from your hand on top of your deck.",Action,Cleric;Skill,Norm,Cleric,,,,<em>Claude knelt before their graves grief-stricken. Everything he did and everyone he loved had turned against him. When would the nightmare end?</em>,,,3,Slow
549806,Buried Grief,Buried Grief,https://tcgplayer-cdn.tcgplayer.com/product/549806_200w.jpg,74,23456,https://cpt.tcgcsv.com/8Xp6,2024-05-17T04:03:26.67,1,0.08,0.2,1.39,0.1,,Normal,Uncommon,042,"Draw two cards, then put a card from your hand on top of your deck.",Action,Cleric;Skill,Norm,Cleric,,,,<em>Claude knelt before their graves grief-stricken. Everything he did and everyone he loved had turned against him. When would the nightmare end?</em>,,,3,Slow
549807,Cell Assembler,Cell Assembler,https://tcgplayer-cdn.tcgplayer.com/product/549807_200w.jpg,74,23456,https://cpt.tcgcsv.com/9Xp6,2024-05-17T04:03:26.67,1,0.05,0.18,1.32,0.07,,Normal,Common,043,"On Enter: You may pay (2). If you do, summon a Powercell token rested.",Ally,Guardian;Automaton,Norm,Guardian,,,,"<em>“Krustal’s freeze got you locked in your castle? With the latest line of assemblers, you’ll never go cold!”
— Gearstride Automatics Advertisement</em>",2,,2,
549807,Cell Assembler,Cell Assembler,https://tcgplayer-cdn.tcgplayer.com/product/549807_200w.jpg,74,23456,https://cpt.tcgcsv.com/9Xp6,2024-05-17T04:03:26.67,1,0.39,1.0,2.97,0.58,,Foil,Common,043,"On Enter: You may pay (2). If you do, summon a Powercell token rested.",Ally,Guardian;Automaton,Norm,Guardian,,,,"<em>“Krustal’s freeze got you locked in your castle? With the latest line of assemblers, you’ll never go cold!”
— Gearstride Automatics Advertisement</em>",2,,2,
549808,Charged Hunter,Charged Hunter,https://tcgplayer-cdn.tcgplayer.com/product/549808_200w.jpg,74,23456,https://cpt.tcgcsv.com/bXp6,2024-05-17T04:03:26.67,1,0.83,6.99,10.99,1.31,,Foil,Uncommon,044,"Ranged 2 <em>(As long as this unit is distant, its attacks get +2 power.)</em> [Class Bonus] On Enter: If you control another Automaton ally or a Powercell, Charged Hunter becomes distant. <em>(Units stay distant until the end of their controller’s turn.)</em>",Ally,Ranger;Automaton,Norm,Ranger,,,,,2,,3,
549808,Charged Hunter,Charged Hunter,https://tcgplayer-cdn.tcgplayer.com/product/549808_200w.jpg,74,23456,https://cpt.tcgcsv.com/bXp6,2024-05-17T04:03:26.67,1,0.09,0.18,1.36,0.14,,Normal,Uncommon,044,"Ranged 2 <em>(As long as this unit is distant, its attacks get +2 power.)</em> [Class Bonus] On Enter: If you control another Automaton ally or a Powercell, Charged Hunter becomes distant. <em>(Units stay distant until the end of their controller’s turn.)</em>",Ally,Ranger;Automaton,Norm,Ranger,,,,,2,,3,
549809,Charged Mannequin,Charged Mannequin,https://tcgplayer-cdn.tcgplayer.com/product/549809_200w.jpg,74,23456,https://cpt.tcgcsv.com/cXp6,2024-05-17T04:03:26.67,1,0.05,0.19,1.32,0.14,,Normal,Common,045,"As long as you control a Powercell, Charged Mannequin gets +1 power.",Ally,Warrior;Automaton,Norm,Warrior,,,,"<em>“Silken Street, say hello to your new fashion model! Made to engage with the most exclusive of clientele.”
— Gearstride Automatics Advertisement</em>",1,,2,
549809,Charged Mannequin,Charged Mannequin,https://tcgplayer-cdn.tcgplayer.com/product/549809_200w.jpg,74,23456,https://cpt.tcgcsv.com/cXp6,2024-05-17T04:03:26.67,1,1.99,2.23,12.99,3.86,,Foil,Common,045,"As long as you control a Powercell, Charged Mannequin gets +1 power.",Ally,Warrior;Automaton,Norm,Warrior,,,,"<em>“Silken Street, say hello to your new fashion model! Made to engage with the most exclusive of clientele.”
— Gearstride Automatics Advertisement</em>",1,,2,
549810,City Protector,City Protector,https://tcgplayer-cdn.tcgplayer.com/product/549810_200w.jpg,74,23456,https://cpt.tcgcsv.com/dXp6,2024-05-17T04:03:26.67,1,0.49,1.16,8.0,1.16,,Foil,Uncommon,046,"Foster <em>(At the beginning of your recollection phase, if this ally hasn’t been dealt damage since the end of your previous turn, it becomes fostered.)</em> On Foster: Summon an Automaton Drone token.",Ally,Guardian;Human,Norm,Guardian,,,,"<em>The people’s protector, serving with a smile.</em>",2,,3,
549810,City Protector,City Protector,https://tcgplayer-cdn.tcgplayer.com/product/549810_200w.jpg,74,23456,https://cpt.tcgcsv.com/dXp6,2024-05-17T04:03:26.67,1,0.1,0.2,1.99,0.19,,Normal,Uncommon,046,"Foster <em>(At the beginning of your recollection phase, if this ally hasn’t been dealt damage since the end of your previous turn, it becomes fostered.)</em> On Foster: Summon an Automaton Drone token.",Ally,Guardian;Human,Norm,Guardian,,,,"<em>The people’s protector, serving with a smile.</em>",2,,3,
549811,Critical Recovery,Critical Recovery,https://tcgplayer-cdn.tcgplayer.com/product/549811_200w.jpg,74,23456,https://cpt.tcgcsv.com/fXp6,2024-05-17T04:03:26.67,1,0.08,0.25,1.37,0.21,,Normal,Rare,047,"Remove all temporary damage from target ally. If that ally is an Automaton, put a buff counter on it. <em>(Allies get +1 power and +1 life for each buff counter on them.)</em>",Action,Cleric;Spell;Reaction,Norm,Cleric,,,,"<em>With his penultimate act, Claude used up the rest of his strength, willing Rose back from the brink.</em>",,,2,Fast
549811,Critical Recovery,Critical Recovery,https://tcgplayer-cdn.tcgplayer.com/product/549811_200w.jpg,74,23456,https://cpt.tcgcsv.com/fXp6,2024-05-17T04:03:26.67,1,0.99,1.64,5.0,1.64,,Foil,Rare,047,"Remove all temporary damage from target ally. If that ally is an Automaton, put a buff counter on it. <em>(Allies get +1 power and +1 life for each buff counter on them.)</em>",Action,Cleric;Spell;Reaction,Norm,Cleric,,,,"<em>With his penultimate act, Claude used up the rest of his strength, willing Rose back from the brink.</em>",,,2,Fast
549812,Dodge Roll,Dodge Roll,https://tcgplayer-cdn.tcgplayer.com/product/549812_200w.jpg,74,23456,https://cpt.tcgcsv.com/gXp6,2024-05-17T04:03:26.67,1,0.05,0.18,1.32,0.12,,Normal,Common,048,Prevent the next 3 non-combat damage that would be dealt to target unit you control. That unit becomes distant. <em>(Units stay distant until the end of their controller’s turn.)</em>,Action,Ranger;Skill;Reaction,Norm,Ranger,,,,<em>Acrobatic. Graceful. Effortless.</em>,,,1,Fast
549812,Dodge Roll,Dodge Roll,https://tcgplayer-cdn.tcgplayer.com/product/549812_200w.jpg,74,23456,https://cpt.tcgcsv.com/gXp6,2024-05-17T04:03:26.67,1,0.49,1.0,4.0,0.5,,Foil,Common,048,Prevent the next 3 non-combat damage that would be dealt to target unit you control. That unit becomes distant. <em>(Units stay distant until the end of their controller’s turn.)</em>,Action,Ranger;Skill;Reaction,Norm,Ranger,,,,<em>Acrobatic. Graceful. Effortless.</em>,,,1,Fast
549813,Engineered Slime,Engineered Slime,https://tcgplayer-cdn.tcgplayer.com/product/549813_200w.jpg,74,23456,https://cpt.tcgcsv.com/hXp6,2024-05-17T04:03:26.67,1,0.54,1.48,8.0,1.54,,Normal,Super Rare,049,"Pride 2<br>
[Class Bonus] Whenever you sacrifice a Powercell, choose one—<br>
• Put a buff counter on Automaton Slime.<br>
• Automaton Slime gains spellshroud until end of turn.",Ally,Tamer;Automaton;Beast,Norm,Tamer,,,,,2,,2,
549813,Engineered Slime,Engineered Slime,https://tcgplayer-cdn.tcgplayer.com/product/549813_200w.jpg,74,23456,https://cpt.tcgcsv.com/hXp6,2024-05-17T04:03:26.67,1,2.91,4.99,9.99,4.92,,Foil,Super Rare,049,"Pride 2<br>
[Class Bonus] Whenever you sacrifice a Powercell, choose one—<br>
• Put a buff counter on Automaton Slime.<br>
• Automaton Slime gains spellshroud until end of turn.",Ally,Tamer;Automaton;Beast,Norm,Tamer,,,,,2,,2,
549814,Fraysia,Fraysia,https://tcgplayer-cdn.tcgplayer.com/product/549814_200w.jpg,74,23456,https://cpt.tcgcsv.com/jXp6,2024-05-17T04:03:26.67,1,0.03,0.16,1.36,0.1,,Normal,Common,050,Sacrifice Fraysia: Recover 1.,Token;Item,Cleric;Herb;Adjuvant;Flower,Norm,Cleric,,,,,,,1,
549815,Gearshift Block,Gearshift Block,https://tcgplayer-cdn.tcgplayer.com/product/549815_200w.jpg,74,23456,https://cpt.tcgcsv.com/kXp6,2024-05-17T04:03:26.67,1,0.05,0.18,1.32,0.07,,Normal,Common,051,"[Class Bonus] This card costs 1 less to activate.<br>
The next time damage would be dealt to target ally you control this turn, prevent that damage.",Action,Guardian;Skill;Reaction,Norm,Guardian,,,,<em>Frozen Krusteel shields deflect most errant bolts.</em>,,,3,Fast
549815,Gearshift Block,Gearshift Block,https://tcgplayer-cdn.tcgplayer.com/product/549815_200w.jpg,74,23456,https://cpt.tcgcsv.com/kXp6,2024-05-17T04:03:26.67,1,0.79,1.0,3.9,1.0,,Foil,Common,051,"[Class Bonus] This card costs 1 less to activate.<br>
The next time damage would be dealt to target ally you control this turn, prevent that damage.",Action,Guardian;Skill;Reaction,Norm,Guardian,,,,<em>Frozen Krusteel shields deflect most errant bolts.</em>,,,3,Fast
549816,"Geldus, Terror of Dorumegia",Geldus Terror of Dorumegia,https://tcgplayer-cdn.tcgplayer.com/product/549816_200w.jpg,74,23456,https://cpt.tcgcsv.com/lXp6,2024-05-17T04:03:26.67,1,0.18,0.36,1.5,0.36,,Normal,Rare,052,"Pride 4<br>
[Level 3+] This card costs 2 less to activate.<br>
[Class Bonus] On Enter: Geldus gains your choice of spellshroud or taunt until the beginning of your next turn.",Ally,Tamer;Beast;Bull,Norm,Tamer,,,,,5,,6,
549816,"Geldus, Terror of Dorumegia",Geldus Terror of Dorumegia,https://tcgplayer-cdn.tcgplayer.com/product/549816_200w.jpg,74,23456,https://cpt.tcgcsv.com/lXp6,2024-05-17T04:03:26.67,1,4.99,5.59,8.98,6.81,,Foil,Rare,052,"Pride 4<br>
[Level 3+] This card costs 2 less to activate.<br>
[Class Bonus] On Enter: Geldus gains your choice of spellshroud or taunt until the beginning of your next turn.",Ally,Tamer;Beast;Bull,Norm,Tamer,,,,,5,,6,
549817,Harvester Mk II,Harvester Mk II,https://tcgplayer-cdn.tcgplayer.com/product/549817_200w.jpg,74,23456,https://cpt.tcgcsv.com/mXp6,2024-05-17T04:03:26.67,1,1.93,2.46,9.99,2.49,,Foil,Rare,053,Automaton allies you control have “On Death: Summon a Powercell token.”,Ally,Guardian;Automaton,Norm,Guardian,,,,"<em>“For our loyal Gearstride customers, our Harvester prototype automates maintenance like never before!”
— Gearstride Automatics Advertisement</em>",1,,3,
549817,Harvester Mk II,Harvester Mk II,https://tcgplayer-cdn.tcgplayer.com/product/549817_200w.jpg,74,23456,https://cpt.tcgcsv.com/mXp6,2024-05-17T04:03:26.67,1,0.18,0.31,1.88,0.31,,Normal,Rare,053,Automaton allies you control have “On Death: Summon a Powercell token.”,Ally,Guardian;Automaton,Norm,Guardian,,,,"<em>“For our loyal Gearstride customers, our Harvester prototype automates maintenance like never before!”
— Gearstride Automatics Advertisement</em>",1,,3,
549818,Hide in Bush,Hide in Bush,https://tcgplayer-cdn.tcgplayer.com/product/549818_200w.jpg,74,23456,https://cpt.tcgcsv.com/nXp6,2024-05-17T04:03:26.67,1,0.78,1.0,4.99,0.99,,Foil,Uncommon,054,"Brew — Four Herbs <em>(You may sacrifice the listed objects rather than pay this card’s reserve cost.)</em><br>
Your champion gains stealth until end of turn. <em>(This champion can’t be targeted by attacks unless permitted by true sight.)</em>",Action,Cleric;Skill;Reaction,Norm,Cleric,,,,,,,5,Fast
549818,Hide in Bush,Hide in Bush,https://tcgplayer-cdn.tcgplayer.com/product/549818_200w.jpg,74,23456,https://cpt.tcgcsv.com/nXp6,2024-05-17T04:03:26.67,1,0.09,0.21,1.47,0.11,,Normal,Uncommon,054,"Brew — Four Herbs <em>(You may sacrifice the listed objects rather than pay this card’s reserve cost.)</em><br>
Your champion gains stealth until end of turn. <em>(This champion can’t be targeted by attacks unless permitted by true sight.)</em>",Action,Cleric;Skill;Reaction,Norm,Cleric,,,,,,,5,Fast
549819,Hub of Innovation,Hub of Innovation,https://tcgplayer-cdn.tcgplayer.com/product/549819_200w.jpg,74,23456,https://cpt.tcgcsv.com/pXp6,2024-05-17T04:03:26.67,1,2.49,2.99,6.45,2.97,,Foil,Common,055,On Enter: Draw a card into your memory.,Domain,Guardian;Crossroads,Norm,Guardian,,,,"<em>At the crossroads of commerce, settlements rapidly expand and the exchange of thoughts flourishes.</em>",,,3,
549819,Hub of Innovation,Hub of Innovation,https://tcgplayer-cdn.tcgplayer.com/product/549819_200w.jpg,74,23456,https://cpt.tcgcsv.com/pXp6,2024-05-17T04:03:26.67,1,0.05,0.18,1.32,0.14,,Normal,Common,055,On Enter: Draw a card into your memory.,Domain,Guardian;Crossroads,Norm,Guardian,,,,"<em>At the crossroads of commerce, settlements rapidly expand and the exchange of thoughts flourishes.</em>",,,3,
549820,Imperial Spy,Imperial Spy,https://tcgplayer-cdn.tcgplayer.com/product/549820_200w.jpg,74,23456,https://cpt.tcgcsv.com/qXp6,2024-05-17T04:03:26.67,1,0.99,1.99,4.0,1.99,,Foil,Common,056,"[Class Bonus] Stealth <em>(This unit can’t be targeted by attacks unless permitted by true sight.)</em><br>
On Kill: Put a preparation counter on your champion.",Ally,Assassin;Human,Norm,Assassin,,,,"<em>“Observe first. If necessary, terminate.”
— Imperial Missive</em>",2,,3,
549820,Imperial Spy,Imperial Spy,https://tcgplayer-cdn.tcgplayer.com/product/549820_200w.jpg,74,23456,https://cpt.tcgcsv.com/qXp6,2024-05-17T04:03:26.67,1,0.08,0.18,1.35,0.14,,Normal,Common,056,"[Class Bonus] Stealth <em>(This unit can’t be targeted by attacks unless permitted by true sight.)</em><br>
On Kill: Put a preparation counter on your champion.",Ally,Assassin;Human,Norm,Assassin,,,,"<em>“Observe first. If necessary, terminate.”
— Imperial Missive</em>",2,,3,
549821,Machined Monstrosity,Machined Monstrosity,https://tcgplayer-cdn.tcgplayer.com/product/549821_200w.jpg,74,23456,https://cpt.tcgcsv.com/rXp6,2024-05-17T04:03:26.67,1,0.39,1.0,5.26,0.77,,Foil,Common,057,"Pride 4 <em>(This ally won’t obey you unless your champion is level 4 or higher. You can’t attack with, intercept with, or activate abilities of allies that don’t obey you.)</em><br>
[Class Bonus] On Death: Summon a Powercell token rested.",Ally,Tamer;Automaton;Beast,Norm,Tamer,,,,,4,,3,
549821,Machined Monstrosity,Machined Monstrosity,https://tcgplayer-cdn.tcgplayer.com/product/549821_200w.jpg,74,23456,https://cpt.tcgcsv.com/rXp6,2024-05-17T04:03:26.67,1,0.05,0.18,1.32,0.1,,Normal,Common,057,"Pride 4 <em>(This ally won’t obey you unless your champion is level 4 or higher. You can’t attack with, intercept with, or activate abilities of allies that don’t obey you.)</em><br>
[Class Bonus] On Death: Summon a Powercell token rested.",Ally,Tamer;Automaton;Beast,Norm,Tamer,,,,,4,,3,
549822,Manaroot,Manaroot,https://tcgplayer-cdn.tcgplayer.com/product/549822_200w.jpg,74,23456,https://cpt.tcgcsv.com/sXp6,2024-05-17T04:03:26.67,1,0.05,0.18,1.32,0.09,,Normal,Common,058,Sacrifice Manaroot: Your champion gets +1 level until end of turn.,Token;Item,Cleric;Herb;Adjuvant;Root,Norm,Cleric,,,,,,,1,
549823,Manufacture Cell,Manufacture Cell,https://tcgplayer-cdn.tcgplayer.com/product/549823_200w.jpg,74,23456,https://cpt.tcgcsv.com/tXp6,2024-05-17T04:03:26.67,1,0.15,0.2,1.4,0.18,,Normal,Common,059,"Summon a Powercell token rested. If you control an Automaton, draw a card.",Action,Cleric;Automaton;Craft,Norm,Cleric,,,,"<em>“Stop by any of our local retail branches today!”
— Gearstride Automatics Advertisement</em>",,,2,Fast
549823,Manufacture Cell,Manufacture Cell,https://tcgplayer-cdn.tcgplayer.com/product/549823_200w.jpg,74,23456,https://cpt.tcgcsv.com/tXp6,2024-05-17T04:03:26.67,1,4.49,4.75,8.99,4.23,,Foil,Common,059,"Summon a Powercell token rested. If you control an Automaton, draw a card.",Action,Cleric;Automaton;Craft,Norm,Cleric,,,,"<em>“Stop by any of our local retail branches today!”
— Gearstride Automatics Advertisement</em>",,,2,Fast
549824,Mechanical Hare,Mechanical Hare,https://tcgplayer-cdn.tcgplayer.com/product/549824_200w.jpg,74,23456,https://cpt.tcgcsv.com/vXp6,2024-05-17T04:03:26.67,1,0.78,1.19,5.0,1.49,,Foil,Uncommon,060,"[Class Bonus] On Enter: Put a buff counter on Mechanical Hare.<br>
As long as Mechanical Hare has two or more buff counters on it, it has “On Attack: Banish up to two target cards in a single graveyard.""",Ally,Tamer;Automaton;Animal,Norm,Tamer,,,,,0,,2,
549824,Mechanical Hare,Mechanical Hare,https://tcgplayer-cdn.tcgplayer.com/product/549824_200w.jpg,74,23456,https://cpt.tcgcsv.com/vXp6,2024-05-17T04:03:26.67,1,0.1,0.22,1.37,0.18,,Normal,Uncommon,060,"[Class Bonus] On Enter: Put a buff counter on Mechanical Hare.<br>
As long as Mechanical Hare has two or more buff counters on it, it has “On Attack: Banish up to two target cards in a single graveyard.""",Ally,Tamer;Automaton;Animal,Norm,Tamer,,,,,0,,2,
549825,Novice Healer,Novice Healer,https://tcgplayer-cdn.tcgplayer.com/product/549825_200w.jpg,74,23456,https://cpt.tcgcsv.com/wXp6,2024-05-17T04:03:26.67,1,0.07,0.19,1.36,0.17,,Normal,Common,061,"[Class Bonus] On Enter: Recover 3. <em>(To recover, remove that many damage counters from your champion. Apply this effect only if your champion’s class matches this card’s class.)</em>",Ally,Cleric;Human,Norm,Cleric,,,,"<em>Though fresh from training, her passion for service mends even the most garish of wounds.</em>",2,,3,
549825,Novice Healer,Novice Healer,https://tcgplayer-cdn.tcgplayer.com/product/549825_200w.jpg,74,23456,https://cpt.tcgcsv.com/wXp6,2024-05-17T04:03:26.67,1,1.24,1.49,3.25,1.4,,Foil,Common,061,"[Class Bonus] On Enter: Recover 3. <em>(To recover, remove that many damage counters from your champion. Apply this effect only if your champion’s class matches this card’s class.)</em>",Ally,Cleric;Human,Norm,Cleric,,,,"<em>Though fresh from training, her passion for service mends even the most garish of wounds.</em>",2,,3,
549826,Nurture Crops,Nurture Crops,https://tcgplayer-cdn.tcgplayer.com/product/549826_200w.jpg,74,23456,https://cpt.tcgcsv.com/xXp6,2024-05-17T04:03:26.67,1,0.82,1.02,14.49,1.03,,Foil,Common,062,"Glimpse 2, then gather twice. <em>(To gather, summon a Blightroot, Manaroot, Silvershine, Fraysia, Razorvine, or Springleaf token, chosen at random.)</em>",Action,Cleric;Skill,Norm,Cleric,,,,<em>Expert hands lead to a bountiful harvest.</em>,,,2,Slow
549826,Nurture Crops,Nurture Crops,https://tcgplayer-cdn.tcgplayer.com/product/549826_200w.jpg,74,23456,https://cpt.tcgcsv.com/xXp6,2024-05-17T04:03:26.67,1,0.05,0.18,1.35,0.14,,Normal,Common,062,"Glimpse 2, then gather twice. <em>(To gather, summon a Blightroot, Manaroot, Silvershine, Fraysia, Razorvine, or Springleaf token, chosen at random.)</em>",Action,Cleric;Skill,Norm,Cleric,,,,<em>Expert hands lead to a bountiful harvest.</em>,,,2,Slow
549827,Overlord Mk III,Overlord Mk III,https://tcgplayer-cdn.tcgplayer.com/product/549827_200w.jpg,74,23456,https://cpt.tcgcsv.com/zXp6,2024-05-17T04:03:26.67,1,6.32,11.14,19.94,8.47,,Normal,Ultra Rare,063,"As an additional cost to activate this card, sacrifice four Powercells.<br>
Intercept, Spellshroud, Steadfast, True Sight<br>
At the beginning of your end phase, you may banish an Automaton card from your graveyard. If you do, put a buff counter on Overlord Mk III and draw a card.",Ally,Guardian;Ally,Norm,Guardian,,,,,5,,4,
549827,Overlord Mk III,Overlord Mk III,https://tcgplayer-cdn.tcgplayer.com/product/549827_200w.jpg,74,23456,https://cpt.tcgcsv.com/zXp6,2024-05-17T04:03:26.67,1,24.99,25.99,59.99,,,Foil,Ultra Rare,063,"As an additional cost to activate this card, sacrifice four Powercells.<br>
Intercept, Spellshroud, Steadfast, True Sight<br>
At the beginning of your end phase, you may banish an Automaton card from your graveyard. If you do, put a buff counter on Overlord Mk III and draw a card.",Ally,Guardian;Ally,Norm,Guardian,,,,,5,,4,
549828,Powercell (64A),Powercell 64A,https://tcgplayer-cdn.tcgplayer.com/product/549828_200w.jpg,74,23456,https://cpt.tcgcsv.com/BXp6,2024-05-17T04:03:26.67,1,8.77,9.98,18.99,11.99,,Foil,Common,64A,"(1), [REST], Sacrifice Powercell: Target Automaton ally gets +2 power until end of turn.",Token;Item,Cleric;Powercell,Norm,Cleric,,,,"<em>“Recharge your Gearstride Automatons with our proprietary powercell! Only the best on the market.”
— Gearstride Automatics Advertisement</em>",,,1,
549828,Powercell (64A),Powercell 64A,https://tcgplayer-cdn.tcgplayer.com/product/549828_200w.jpg,74,23456,https://cpt.tcgcsv.com/BXp6,2024-05-17T04:03:26.67,1,0.24,0.98,3.01,1.13,,Normal,Common,64A,"(1), [REST], Sacrifice Powercell: Target Automaton ally gets +2 power until end of turn.",Token;Item,Cleric;Powercell,Norm,Cleric,,,,"<em>“Recharge your Gearstride Automatons with our proprietary powercell! Only the best on the market.”
— Gearstride Automatics Advertisement</em>",,,1,
549829,Powercell (64B),Powercell 64B,https://tcgplayer-cdn.tcgplayer.com/product/549829_200w.jpg,74,23456,https://cpt.tcgcsv.com/CXp6,2024-05-17T04:03:26.67,1,34.0,35.17,36.99,35.3,,Foil,Common,64B,"(1), [REST], Sacrifice Powercell: Target Automaton ally gets +2 power until end of turn.",Token;Item,Cleric;Powercell,Norm,Cleric,,,,"<em>“Recharge your Gearstride Automatons with our proprietary powercell! Only the best on the market.”
— Gearstride Automatics Advertisement</em>",,,1,
549830,Purification,Purification,https://tcgplayer-cdn.tcgplayer.com/product/549830_200w.jpg,74,23456,https://cpt.tcgcsv.com/DXp6,2024-05-17T04:03:26.67,1,0.07,0.18,1.35,0.12,,Normal,Common,065,"Recover 2. Then choose up to two Curse cards from your champion’s lineage and discard them. For each card discarded this way, recover 2.",Action,Cleric;Spell,Norm,Cleric,,,,<em>Let go of your hatred. Discard your malice. Only then will you find peace.</em>,,,1,Slow
549830,Purification,Purification,https://tcgplayer-cdn.tcgplayer.com/product/549830_200w.jpg,74,23456,https://cpt.tcgcsv.com/DXp6,2024-05-17T04:03:26.67,1,0.95,1.77,5.0,1.99,,Foil,Common,065,"Recover 2. Then choose up to two Curse cards from your champion’s lineage and discard them. For each card discarded this way, recover 2.",Action,Cleric;Spell,Norm,Cleric,,,,<em>Let go of your hatred. Discard your malice. Only then will you find peace.</em>,,,1,Slow
549831,Razorvine,Razorvine,https://tcgplayer-cdn.tcgplayer.com/product/549831_200w.jpg,74,23456,https://cpt.tcgcsv.com/FXp6,2024-05-17T04:03:26.67,1,0.05,0.16,1.32,0.1,,Normal,Common,066,"Sacrifice Razorvine: Put a card from your hand on the bottom of your deck. If you do, draw a card.",Token;Item,Cleric;Herb;Catalyst;Leaf,Norm,Cleric,,,,,,,1,
549832,Reprogram,Reprogram,https://tcgplayer-cdn.tcgplayer.com/product/549832_200w.jpg,74,23456,https://cpt.tcgcsv.com/GXp6,2024-05-17T04:03:26.67,1,0.18,0.47,0.89,0.38,,Normal,Common,067,"Up to one target ally gets -1 power until end of turn. If that ally is an Automaton, put two debuff counters on it instead. <em>(Allies get -1 power and -1 life for each debuff counter on them.)</em><br>
Floating Memory",Action,Cleric;Skill,Norm,Cleric,,,,,,,2,Fast
549832,Reprogram,Reprogram,https://tcgplayer-cdn.tcgplayer.com/product/549832_200w.jpg,74,23456,https://cpt.tcgcsv.com/GXp6,2024-05-17T04:03:26.67,1,7.36,8.97,12.0,7.36,,Foil,Common,067,"Up to one target ally gets -1 power until end of turn. If that ally is an Automaton, put two debuff counters on it instead. <em>(Allies get -1 power and -1 life for each debuff counter on them.)</em><br>
Floating Memory",Action,Cleric;Skill,Norm,Cleric,,,,,,,2,Fast
549833,Retold Fortune,Retold Fortune,https://tcgplayer-cdn.tcgplayer.com/product/549833_200w.jpg,74,23456,https://cpt.tcgcsv.com/HXp6,2024-05-17T04:03:26.67,1,4.96,5.99,14.99,5.99,,Foil,Common,068,"Discard up to one Spell card. If you do, draw a card.<br>
[Class Bonus] [Level 2+] Floating Memory <em>(While paying for a memory cost, you may banish this card from your graveyard to pay for 1 of that cost.)</em>",Action,Mage;Skill,Norm,Mage,,,,,,,2,Fast
549833,Retold Fortune,Retold Fortune,https://tcgplayer-cdn.tcgplayer.com/product/549833_200w.jpg,74,23456,https://cpt.tcgcsv.com/HXp6,2024-05-17T04:03:26.67,1,0.09,0.2,1.32,0.12,,Normal,Common,068,"Discard up to one Spell card. If you do, draw a card.<br>
[Class Bonus] [Level 2+] Floating Memory <em>(While paying for a memory cost, you may banish this card from your graveyard to pay for 1 of that cost.)</em>",Action,Mage;Skill,Norm,Mage,,,,,,,2,Fast
549834,"Sadi, Blood Harvester",Sadi Blood Harvester,https://tcgplayer-cdn.tcgplayer.com/product/549834_200w.jpg,74,23456,https://cpt.tcgcsv.com/JXp6,2024-05-20T11:23:32.953,1,59.99,60.35,63.95,62.42,,Foil,Super Rare,069,"(2): Return Sadi to your hand. If you do, put a preparation counter on your champion.<br>
[Class Bonus] On Kill: You gain agility 3 for this turn. <em>(Agility 3 — Return three cards from your memory to your hand at the beginning of the end phase.)</em>",Ally,Assassin;Human,Norm,Assassin,,,,,2,,3,
549834,"Sadi, Blood Harvester",Sadi Blood Harvester,https://tcgplayer-cdn.tcgplayer.com/product/549834_200w.jpg,74,23456,https://cpt.tcgcsv.com/JXp6,2024-05-20T11:23:32.953,1,29.99,34.22,74.99,32.25,,Normal,Super Rare,069,"(2): Return Sadi to your hand. If you do, put a preparation counter on your champion.<br>
[Class Bonus] On Kill: You gain agility 3 for this turn. <em>(Agility 3 — Return three cards from your memory to your hand at the beginning of the end phase.)</em>",Ally,Assassin;Human,Norm,Assassin,,,,,2,,3,
549835,"Sadi, Blood Harvester (CSR)",Sadi Blood Harvester CSR,https://tcgplayer-cdn.tcgplayer.com/product/549835_200w.jpg,74,23456,https://cpt.tcgcsv.com/KXp6,2024-05-20T11:20:58.69,1,,,,,,,Collector Super Rare,069,"(2): Return Sadi to your hand. If you do, put a preparation counter on your champion.<br>
[Class Bonus] On Kill: You gain agility 3 for this turn.",Ally,Assassin;Human,Norm,Assassin,,,,,2,,3,
549836,Savage Smash,Savage Smash,https://tcgplayer-cdn.tcgplayer.com/product/549836_200w.jpg,74,23456,https://cpt.tcgcsv.com/LXp6,2024-05-17T04:03:26.67,1,1.75,2.0,5.5,1.91,,Foil,Common,070,"[Class Bonus] Floating Memory <em>(While paying for a memory cost, you may banish this card from your graveyard to pay for 1 of that cost. Apply this effect only if your champion’s class matches this card’s class.)</em>",Attack,Guardian;Sword,Norm,Guardian,,,,<em>An impact that leaves your brain rattling.</em>,4,,4,
549836,Savage Smash,Savage Smash,https://tcgplayer-cdn.tcgplayer.com/product/549836_200w.jpg,74,23456,https://cpt.tcgcsv.com/LXp6,2024-05-17T04:03:26.67,1,0.05,0.18,1.32,0.11,,Normal,Common,070,"[Class Bonus] Floating Memory <em>(While paying for a memory cost, you may banish this card from your graveyard to pay for 1 of that cost. Apply this effect only if your champion’s class matches this card’s class.)</em>",Attack,Guardian;Sword,Norm,Guardian,,,,<em>An impact that leaves your brain rattling.</em>,4,,4,
549837,Sharpen Blade,Sharpen Blade,https://tcgplayer-cdn.tcgplayer.com/product/549837_200w.jpg,74,23456,https://cpt.tcgcsv.com/MXp6,2024-05-17T04:03:26.67,1,1.73,1.91,8.88,2.49,,Foil,Common,071,"Target Dagger weapon gets +2 power until end of turn.<br>
[Class Bonus] Put a preparation counter on your champion. <em>(Apply this effect only if your champion’s class matches this card’s class.)</em>",Action,Assassin;Skill,Norm,Assassin,,,,<em>The glint of steel begets the sheen of blood.</em>,,,2,Slow
549837,Sharpen Blade,Sharpen Blade,https://tcgplayer-cdn.tcgplayer.com/product/549837_200w.jpg,74,23456,https://cpt.tcgcsv.com/MXp6,2024-05-17T04:03:26.67,1,0.05,0.18,1.32,0.14,,Normal,Common,071,"Target Dagger weapon gets +2 power until end of turn.<br>
[Class Bonus] Put a preparation counter on your champion. <em>(Apply this effect only if your champion’s class matches this card’s class.)</em>",Action,Assassin;Skill,Norm,Assassin,,,,<em>The glint of steel begets the sheen of blood.</em>,,,2,Slow
549838,Silvershine,Silvershine,https://tcgplayer-cdn.tcgplayer.com/product/549838_200w.jpg,74,23456,https://cpt.tcgcsv.com/NXp6,2024-05-17T04:03:26.67,1,0.05,0.1,1.32,0.1,,Normal,Common,072,Sacrifice Silvershine: Recover 1.,Token;Item,Cleric;Herb;Catalyst;Flower,Norm,Cleric,,,,,,,1,
549839,Spirit Fragment,Spirit Fragment,https://tcgplayer-cdn.tcgplayer.com/product/549839_200w.jpg,74,23456,https://cpt.tcgcsv.com/PXp6,2024-05-17T04:03:26.67,1,0.07,0.19,1.35,0.18,,Normal,Common,073,[Level 3+] Sacrifice Spirit Fragment: Draw a card.,Token;Phantasia,Spirit;Shard,Norm,Spirit,,,,"<em>Sundered from the strain of materialization, this shard of divine energy, once attuned to the roiling leylines of Azoth, can restore a champion’s power.</em>",,,3,
549839,Spirit Fragment,Spirit Fragment,https://tcgplayer-cdn.tcgplayer.com/product/549839_200w.jpg,74,23456,https://cpt.tcgcsv.com/PXp6,2024-05-17T04:03:26.67,1,7.96,7.99,36.9,8.01,,Foil,Common,073,[Level 3+] Sacrifice Spirit Fragment: Draw a card.,Token;Phantasia,Spirit;Shard,Norm,Spirit,,,,"<em>Sundered from the strain of materialization, this shard of divine energy, once attuned to the roiling leylines of Azoth, can restore a champion’s power.</em>",,,3,
549840,Springleaf,Springleaf,https://tcgplayer-cdn.tcgplayer.com/product/549840_200w.jpg,74,23456,https://cpt.tcgcsv.com/QXp6,2024-05-17T04:03:26.67,1,0.05,0.18,1.32,0.12,,Normal,Common,074,"Sacrifice Springleaf: Put a card from your hand on the bottom of your deck. If you do, draw a card.",Token;Item,Cleric;Herb;Adjuvant;Leaf,Norm,Cleric,,,,,,,1,
549841,Synthetic Strike,Synthetic Strike,https://tcgplayer-cdn.tcgplayer.com/product/549841_200w.jpg,74,23456,https://cpt.tcgcsv.com/RXp6,2024-05-17T04:03:26.67,1,0.05,0.18,1.32,0.09,,Normal,Common,075,"As long as the attacker is attacking an Automaton unit, Synthetic Strike gets +1 power.",Attack,Guardian;Sword,Norm,Guardian,,,,<em>Malice cuts true.</em>,3,,2,
549841,Synthetic Strike,Synthetic Strike,https://tcgplayer-cdn.tcgplayer.com/product/549841_200w.jpg,74,23456,https://cpt.tcgcsv.com/RXp6,2024-05-17T04:03:26.67,1,0.66,0.99,3.97,,,Foil,Common,075,"As long as the attacker is attacking an Automaton unit, Synthetic Strike gets +1 power.",Attack,Guardian;Sword,Norm,Guardian,,,,<em>Malice cuts true.</em>,3,,2,
549842,Tonic of Remembrance,Tonic of Remembrance,https://tcgplayer-cdn.tcgplayer.com/product/549842_200w.jpg,74,23456,https://cpt.tcgcsv.com/SXp6,2024-05-17T04:03:26.67,1,0.48,1.45,9.59,,,Foil,Uncommon,076,"Brew — One Catalyst, One Adjuvant<br>
[Class Bonus] Banish Tonic of Remembrance: Return up to three cards from your memory to your hand.",Item,Cleric;Potion,Norm,Cleric,,,,<em>An ancient tincture that conjures up warm nostalgia.</em>,,,3,
549842,Tonic of Remembrance,Tonic of Remembrance,https://tcgplayer-cdn.tcgplayer.com/product/549842_200w.jpg,74,23456,https://cpt.tcgcsv.com/SXp6,2024-05-17T04:03:26.67,1,0.09,0.2,1.37,0.12,,Normal,Uncommon,076,"Brew — One Catalyst, One Adjuvant<br>
[Class Bonus] Banish Tonic of Remembrance: Return up to three cards from your memory to your hand.",Item,Cleric;Potion,Norm,Cleric,,,,<em>An ancient tincture that conjures up warm nostalgia.</em>,,,3,
549843,Turbo Charge,Turbo Charge,https://tcgplayer-cdn.tcgplayer.com/product/549843_200w.jpg,74,23456,https://cpt.tcgcsv.com/TXp6,2024-05-17T04:03:26.67,1,0.18,0.32,0.75,0.27,,Normal,Common,077,"As an additional cost to activate this card, sacrifice a Powercell.<br>
Draw two cards.",Action,Cleric;Skill,Norm,Cleric,,,,"<em>“Warning! Overcharging powercells can lead to catastrophic failure. Call a technician for support!”
— Gearstride Automatics Manual</em>",,,3,Slow
549843,Turbo Charge,Turbo Charge,https://tcgplayer-cdn.tcgplayer.com/product/549843_200w.jpg,74,23456,https://cpt.tcgcsv.com/TXp6,2024-05-17T04:03:26.67,1,11.98,13.71,19.99,15.48,,Foil,Common,077,"As an additional cost to activate this card, sacrifice a Powercell.<br>
Draw two cards.",Action,Cleric;Skill,Norm,Cleric,,,,"<em>“Warning! Overcharging powercells can lead to catastrophic failure. Call a technician for support!”
— Gearstride Automatics Manual</em>",,,3,Slow
549844,Vicious Slice,Vicious Slice,https://tcgplayer-cdn.tcgplayer.com/product/549844_200w.jpg,74,23456,https://cpt.tcgcsv.com/VXp6,2024-05-17T04:03:26.67,1,1.35,1.85,3.7,1.99,,Foil,Common,078,"[Class Bonus] As long as the attacker is attacking a Human, Vicious Slice gets +1 power. <em>(Apply this effect only if your champion’s class matches this card’s class.)</em>",Attack,Assassin;Dagger,Norm,Assassin,,,,<em>Hatred buries deep.</em>,2,,1,
549844,Vicious Slice,Vicious Slice,https://tcgplayer-cdn.tcgplayer.com/product/549844_200w.jpg,74,23456,https://cpt.tcgcsv.com/VXp6,2024-05-17T04:03:26.67,1,0.07,0.18,1.35,0.11,,Normal,Common,078,"[Class Bonus] As long as the attacker is attacking a Human, Vicious Slice gets +1 power. <em>(Apply this effect only if your champion’s class matches this card’s class.)</em>",Attack,Assassin;Dagger,Norm,Assassin,,,,<em>Hatred buries deep.</em>,2,,1,
549845,Airship Captain,Airship Captain,https://tcgplayer-cdn.tcgplayer.com/product/549845_200w.jpg,74,23456,https://cpt.tcgcsv.com/WXp6,2024-05-17T04:03:26.67,1,0.01,0.18,1.32,0.06,,Normal,Common,079,"Whenever a domain enters the field under your control, deal 2 damage to target champion.",Ally,Warrior;Human,Fire,Warrior,,,,"<em>“From the skies, this vast world is ours to explore. Each peak and valley, every kingdom and city, a crown jewel to claim.”</em>",1,,2,
549845,Airship Captain,Airship Captain,https://tcgplayer-cdn.tcgplayer.com/product/549845_200w.jpg,74,23456,https://cpt.tcgcsv.com/WXp6,2024-05-17T04:03:26.67,1,0.75,2.25,9.5,2.87,,Foil,Common,079,"Whenever a domain enters the field under your control, deal 2 damage to target champion.",Ally,Warrior;Human,Fire,Warrior,,,,"<em>“From the skies, this vast world is ours to explore. Each peak and valley, every kingdom and city, a crown jewel to claim.”</em>",1,,2,
549846,Arsenal Keeper,Arsenal Keeper,https://tcgplayer-cdn.tcgplayer.com/product/549846_200w.jpg,74,23456,https://cpt.tcgcsv.com/XXp6,2024-05-17T04:03:26.67,1,0.05,0.18,1.32,0.05,,Normal,Common,080,"[Class Bonus] On Enter: You may have Arsenal Keeper deal 2 damage to your champion. If you do, put a durability counter on a weapon you control. <em>(Apply this effect only if your champion’s class matches this card’s class.)</em>",Ally,Warrior;Human,Fire,Warrior,,,,,2,,3,
549846,Arsenal Keeper,Arsenal Keeper,https://tcgplayer-cdn.tcgplayer.com/product/549846_200w.jpg,74,23456,https://cpt.tcgcsv.com/XXp6,2024-05-17T04:03:26.67,1,0.48,1.32,8.75,1.32,,Foil,Common,080,"[Class Bonus] On Enter: You may have Arsenal Keeper deal 2 damage to your champion. If you do, put a durability counter on a weapon you control. <em>(Apply this effect only if your champion’s class matches this card’s class.)</em>",Ally,Warrior;Human,Fire,Warrior,,,,,2,,3,
549847,Calamity Cannon,Calamity Cannon,https://tcgplayer-cdn.tcgplayer.com/product/549847_200w.jpg,74,23456,https://cpt.tcgcsv.com/ZXp6,2024-05-17T04:03:26.67,1,0.71,1.0,3.49,1.25,,Normal,Super Rare,081,"[Polkhawk Bonus] This card costs 3 less to activate.<br>
Your champion’s first attack using a Gun weapon during your next turn gets +10 power.",Action,Ranger;Skill,Fire,Ranger,,,,,,,7,Slow
549847,Calamity Cannon,Calamity Cannon,https://tcgplayer-cdn.tcgplayer.com/product/549847_200w.jpg,74,23456,https://cpt.tcgcsv.com/ZXp6,2024-05-17T04:03:26.67,1,4.99,5.95,24.99,6.5,,Foil,Super Rare,081,"[Polkhawk Bonus] This card costs 3 less to activate.<br>
Your champion’s first attack using a Gun weapon during your next turn gets +10 power.",Action,Ranger;Skill,Fire,Ranger,,,,,,,7,Slow
549848,Calamity Cannon (CSR),Calamity Cannon CSR,https://tcgplayer-cdn.tcgplayer.com/product/549848_200w.jpg,74,23456,https://cpt.tcgcsv.com/-Xp6,2024-05-17T04:03:26.67,1,,,,,,,Collector Super Rare,081,"[Polkhawk Bonus] This card costs 3 less to activate.<br>
Your champion’s first attack using a Gun weapon during your next turn gets +10 power.",Action,Ranger;Skill,Fire,Ranger,,,,,,,7,Slow
549849,Captivating Cutthroat,Captivating Cutthroat,https://tcgplayer-cdn.tcgplayer.com/product/549849_200w.jpg,74,23456,https://cpt.tcgcsv.com/_Xp6,2024-05-17T04:03:26.67,1,0.07,0.18,1.38,0.12,,Normal,Common,082,[Class Bonus] Captivating Cutthroat gets +1 power and has “On Attack: Deal 1 damage to your champion.” <em>(Apply this effect only if your champion’s class matches this card’s class.)</em>,Ally,Assassin;Human,Fire,Assassin,,,,<em>Distractions in the heat of the moment can be lethal.</em>,2,,2,
549849,Captivating Cutthroat,Captivating Cutthroat,https://tcgplayer-cdn.tcgplayer.com/product/549849_200w.jpg,74,23456,https://cpt.tcgcsv.com/_Xp6,2024-05-17T04:03:26.67,1,1.98,2.64,25.99,3.65,,Foil,Common,082,[Class Bonus] Captivating Cutthroat gets +1 power and has “On Attack: Deal 1 damage to your champion.” <em>(Apply this effect only if your champion’s class matches this card’s class.)</em>,Ally,Assassin;Human,Fire,Assassin,,,,<em>Distractions in the heat of the moment can be lethal.</em>,2,,2,
549850,Cell Forging,Cell Forging,https://tcgplayer-cdn.tcgplayer.com/product/549850_200w.jpg,74,23456,https://cpt.tcgcsv.com/0Zp6,2024-05-17T04:03:26.67,1,0.07,0.18,1.35,0.1,,Normal,Common,083,"Choose one —<br>
• Put two durability counters on target weapon.<br>
• Summon a Powercell token.",Action,Guardian;Craft,Fire,Guardian,,,,"<em>“Here in our public factory tour, our engineers are hard at work designing brand new delights for you!”
— Gearstride Automatics Advertisement</em>",,,3,Fast
549850,Cell Forging,Cell Forging,https://tcgplayer-cdn.tcgplayer.com/product/549850_200w.jpg,74,23456,https://cpt.tcgcsv.com/0Zp6,2024-05-17T04:03:26.67,1,0.29,1.25,4.0,0.98,,Foil,Common,083,"Choose one —<br>
• Put two durability counters on target weapon.<br>
• Summon a Powercell token.",Action,Guardian;Craft,Fire,Guardian,,,,"<em>“Here in our public factory tour, our engineers are hard at work designing brand new delights for you!”
— Gearstride Automatics Advertisement</em>",,,3,Fast
549851,Cell Handler,Cell Handler,https://tcgplayer-cdn.tcgplayer.com/product/549851_200w.jpg,74,23456,https://cpt.tcgcsv.com/2Zp6,2024-05-17T04:03:26.67,1,1.2,2.25,6.0,,,Foil,Rare,084,"[Class Bonus] On Enter: Up to one target Animal or Beast ally you control loses pride and gets -1 power until end of turn. If that ally is an Automaton, summon a Powercell token rested.",Ally,Tamer;Automaton,Fire,Tamer,,,,,2,,2,
549851,Cell Handler,Cell Handler,https://tcgplayer-cdn.tcgplayer.com/product/549851_200w.jpg,74,23456,https://cpt.tcgcsv.com/2Zp6,2024-05-17T04:03:26.67,1,0.08,0.25,1.4,0.15,,Normal,Rare,084,"[Class Bonus] On Enter: Up to one target Animal or Beast ally you control loses pride and gets -1 power until end of turn. If that ally is an Automaton, summon a Powercell token rested.",Ally,Tamer;Automaton,Fire,Tamer,,,,,2,,2,
549852,Charged Alchemist,Charged Alchemist,https://tcgplayer-cdn.tcgplayer.com/product/549852_200w.jpg,74,23456,https://cpt.tcgcsv.com/3Zp6,2024-05-17T04:03:26.67,1,0.38,0.94,3.75,,,Foil,Common,085,"[Class Bonus] As long as you control a Powercell, Charged Alchemist gets +1 power and your champion gets +1 level. <em>(Apply this effect only if your champion’s class matches this card’s class.)</em>",Ally,Mage;Automaton,Fire,Mage,,,,"<em>“A tutor designed specifically for you!”
— Gearstride Automatics Advert</em>",2,,2,
549852,Charged Alchemist,Charged Alchemist,https://tcgplayer-cdn.tcgplayer.com/product/549852_200w.jpg,74,23456,https://cpt.tcgcsv.com/3Zp6,2024-05-17T04:03:26.67,1,0.05,0.18,1.32,0.08,,Normal,Common,085,"[Class Bonus] As long as you control a Powercell, Charged Alchemist gets +1 power and your champion gets +1 level. <em>(Apply this effect only if your champion’s class matches this card’s class.)</em>",Ally,Mage;Automaton,Fire,Mage,,,,"<em>“A tutor designed specifically for you!”
— Gearstride Automatics Advert</em>",2,,2,
549853,Charged Gunslinger,Charged Gunslinger,https://tcgplayer-cdn.tcgplayer.com/product/549853_200w.jpg,74,23456,https://cpt.tcgcsv.com/5Zp6,2024-05-17T04:03:26.67,1,0.99,1.99,3.99,0.99,,Foil,Uncommon,086,"Ranged 2<br>
[Class Bonus] Whenever you sacrifice a Powercell, draw a card, then discard a card. If a fire element card was discarded, Charged Gunslinger becomes distant.",Ally,Ranger;Automaton,Fire,Ranger,,,,,1,,3,
549853,Charged Gunslinger,Charged Gunslinger,https://tcgplayer-cdn.tcgplayer.com/product/549853_200w.jpg,74,23456,https://cpt.tcgcsv.com/5Zp6,2024-05-17T04:03:26.67,1,0.08,0.2,1.42,0.1,,Normal,Uncommon,086,"Ranged 2<br>
[Class Bonus] Whenever you sacrifice a Powercell, draw a card, then discard a card. If a fire element card was discarded, Charged Gunslinger becomes distant.",Ally,Ranger;Automaton,Fire,Ranger,,,,,1,,3,
549854,Cinderbloom Tender,Cinderbloom Tender,https://tcgplayer-cdn.tcgplayer.com/product/549854_200w.jpg,74,23456,https://cpt.tcgcsv.com/6Zp6,2024-05-17T04:03:26.67,1,0.74,1.55,2.99,1.8,,Foil,Common,087,"[Class Bonus] Whenever you gather, deal 1 damage to each champion. <em>(Apply this effect only if your champion’s class matches this card’s class.)</em>",Ally,Cleric;Automaton,Fire,Cleric,,,,<em>The poisonous sulfur vents of the Oasis often make harvesting herbs a dangerous job for humans.</em>,1,,2,
549854,Cinderbloom Tender,Cinderbloom Tender,https://tcgplayer-cdn.tcgplayer.com/product/549854_200w.jpg,74,23456,https://cpt.tcgcsv.com/6Zp6,2024-05-17T04:03:26.67,1,0.07,0.18,1.35,0.16,,Normal,Common,087,"[Class Bonus] Whenever you gather, deal 1 damage to each champion. <em>(Apply this effect only if your champion’s class matches this card’s class.)</em>",Ally,Cleric;Automaton,Fire,Cleric,,,,<em>The poisonous sulfur vents of the Oasis often make harvesting herbs a dangerous job for humans.</em>,1,,2,
549855,Embershield Keeper,Embershield Keeper,https://tcgplayer-cdn.tcgplayer.com/product/549855_200w.jpg,74,23456,https://cpt.tcgcsv.com/7Zp6,2024-05-17T04:03:26.67,1,0.05,0.18,1.32,0.07,,Normal,Common,088,"Foster <em>(At the beginning of your recollection phase, if this ally hasn’t been dealt damage since the end of your previous turn, it becomes fostered.)</em> [Class Bonus] As long as Embershield Keeper is fostered, it gets +2 life.",Ally,Guardian;Human,Fire,Guardian,,,,,4,,5,
549855,Embershield Keeper,Embershield Keeper,https://tcgplayer-cdn.tcgplayer.com/product/549855_200w.jpg,74,23456,https://cpt.tcgcsv.com/7Zp6,2024-05-17T04:03:26.67,1,0.78,1.0,4.27,1.0,,Foil,Common,088,"Foster <em>(At the beginning of your recollection phase, if this ally hasn’t been dealt damage since the end of your previous turn, it becomes fostered.)</em> [Class Bonus] As long as Embershield Keeper is fostered, it gets +2 life.",Ally,Guardian;Human,Fire,Guardian,,,,,4,,5,
549856,Kindling Flare,Kindling Flare,https://tcgplayer-cdn.tcgplayer.com/product/549856_200w.jpg,74,23456,https://cpt.tcgcsv.com/8Zp6,2024-05-17T04:03:26.67,1,0.98,2.12,5.98,3.9,,Foil,Uncommon,089,"As an additional cost to activate this card, sacrifice any amount of Herbs.<br>
Deal 1+X damage split among any amount of target units where X is the amount of Herbs sacrificed.",Action,Cleric;Spell,Fire,Cleric,,,,<em>“Let it all go up in flame.”</em>,,,2,Slow
549856,Kindling Flare,Kindling Flare,https://tcgplayer-cdn.tcgplayer.com/product/549856_200w.jpg,74,23456,https://cpt.tcgcsv.com/8Zp6,2024-05-17T04:03:26.67,1,0.1,0.21,1.37,0.18,,Normal,Uncommon,089,"As an additional cost to activate this card, sacrifice any amount of Herbs.<br>
Deal 1+X damage split among any amount of target units where X is the amount of Herbs sacrificed.",Action,Cleric;Spell,Fire,Cleric,,,,<em>“Let it all go up in flame.”</em>,,,2,Slow
549857,Molten Cinder,Molten Cinder,https://tcgplayer-cdn.tcgplayer.com/product/549857_200w.jpg,74,23456,https://cpt.tcgcsv.com/9Zp6,2024-05-17T04:03:26.67,1,0.09,0.23,1.37,0.13,,Normal,Uncommon,090,"Brew — One Flower, One Herb<br>
On Enter: If Molten Cinder was brewed, deal 2 damage to each champion.<br>
Sacrifice Molten Cinder: Deal 3 damage to target champion that leveled up this turn.",Item,Cleric;Potion,Fire,Cleric,,,,,,,2,
549857,Molten Cinder,Molten Cinder,https://tcgplayer-cdn.tcgplayer.com/product/549857_200w.jpg,74,23456,https://cpt.tcgcsv.com/9Zp6,2024-05-17T04:03:26.67,1,0.34,1.0,5.0,0.99,,Foil,Uncommon,090,"Brew — One Flower, One Herb<br>
On Enter: If Molten Cinder was brewed, deal 2 damage to each champion.<br>
Sacrifice Molten Cinder: Deal 3 damage to target champion that leveled up this turn.",Item,Cleric;Potion,Fire,Cleric,,,,,,,2,
549858,Potion Infusion: Blaze,Potion Infusion Blaze,https://tcgplayer-cdn.tcgplayer.com/product/549858_200w.jpg,74,23456,https://cpt.tcgcsv.com/bZp6,2024-05-17T04:03:26.67,1,0.78,1.0,4.77,0.99,,Foil,Uncommon,091,"Rest target Potion. If you do, it gains “On Sacrifice: Deal 4 damage to target attacking ally” until end of turn.",Action,Cleric;Spell,Fire,Cleric,,,,"<em>“Flagma’s Oasis grows these incredible chili pods! When crushed and mixed with an accelerant, it generates an intense exothermic reaction!”</em>",,,1,Fast
549858,Potion Infusion: Blaze,Potion Infusion Blaze,https://tcgplayer-cdn.tcgplayer.com/product/549858_200w.jpg,74,23456,https://cpt.tcgcsv.com/bZp6,2024-05-17T04:03:26.67,1,0.09,0.21,1.37,0.13,,Normal,Uncommon,091,"Rest target Potion. If you do, it gains “On Sacrifice: Deal 4 damage to target attacking ally” until end of turn.",Action,Cleric;Spell,Fire,Cleric,,,,"<em>“Flagma’s Oasis grows these incredible chili pods! When crushed and mixed with an accelerant, it generates an intense exothermic reaction!”</em>",,,1,Fast
549859,Powered Bishop,Powered Bishop,https://tcgplayer-cdn.tcgplayer.com/product/549859_200w.jpg,74,23456,https://cpt.tcgcsv.com/cZp6,2024-05-17T04:03:26.67,1,0.05,0.17,1.32,0.08,,Normal,Common,092,"[Memory 4+] Powered Bishop gets +1 power.<br>
On Death: Summon a Powercell token.",Ally,Cleric;Automaton,Fire,Cleric,,,,"<em>“Need a spokesperson? Our orator model contains self-modulating power for a crowd of any size!”
— Gearstride Automatics Advertisement</em>",1,,3,
549859,Powered Bishop,Powered Bishop,https://tcgplayer-cdn.tcgplayer.com/product/549859_200w.jpg,74,23456,https://cpt.tcgcsv.com/cZp6,2024-05-17T04:03:26.67,1,0.65,0.79,3.45,0.91,,Foil,Common,092,"[Memory 4+] Powered Bishop gets +1 power.<br>
On Death: Summon a Powercell token.",Ally,Cleric;Automaton,Fire,Cleric,,,,"<em>“Need a spokesperson? Our orator model contains self-modulating power for a crowd of any size!”
— Gearstride Automatics Advertisement</em>",1,,3,
549860,Powered Sentinel,Powered Sentinel,https://tcgplayer-cdn.tcgplayer.com/product/549860_200w.jpg,74,23456,https://cpt.tcgcsv.com/dZp6,2024-05-17T04:03:26.67,1,1.72,1.8,5.27,1.79,,Foil,Common,093,[Class Bonus] On Enter: Deal 3 damage to your champion and summon a Powercell token rested. <em>(Apply this effect only if your champion’s class matches this card’s class.)</em>,Ally,Guardian;Automaton,Fire,Guardian,,,,"<em>“Ideal for protection! Just keep away from farmland.”
— Gearstride Automatics Advertisement</em>",2,,3,
549860,Powered Sentinel,Powered Sentinel,https://tcgplayer-cdn.tcgplayer.com/product/549860_200w.jpg,74,23456,https://cpt.tcgcsv.com/dZp6,2024-05-17T04:03:26.67,1,0.07,0.15,1.36,0.11,,Normal,Common,093,[Class Bonus] On Enter: Deal 3 damage to your champion and summon a Powercell token rested. <em>(Apply this effect only if your champion’s class matches this card’s class.)</em>,Ally,Guardian;Automaton,Fire,Guardian,,,,"<em>“Ideal for protection! Just keep away from farmland.”
— Gearstride Automatics Advertisement</em>",2,,3,
549861,Priestess of Flame,Priestess of Flame,https://tcgplayer-cdn.tcgplayer.com/product/549861_200w.jpg,74,23456,https://cpt.tcgcsv.com/fZp6,2024-05-17T04:03:26.67,1,0.1,0.2,1.37,0.16,,Normal,Uncommon,094,"[Class Bonus] On Enter: You may have Priestess of Flame deal 3 damage to your champion. If you do, gather twice. <em>(To gather, summon a Blightroot, Manaroot, Silvershine, Fraysia, Razorvine, or Springleaf token, chosen at random.)</em>",Ally,Cleric;Human,Fire,Cleric,,,,,1,,2,
549861,Priestess of Flame,Priestess of Flame,https://tcgplayer-cdn.tcgplayer.com/product/549861_200w.jpg,74,23456,https://cpt.tcgcsv.com/fZp6,2024-05-17T04:03:26.67,1,2.42,2.79,7.74,4.63,,Foil,Uncommon,094,"[Class Bonus] On Enter: You may have Priestess of Flame deal 3 damage to your champion. If you do, gather twice. <em>(To gather, summon a Blightroot, Manaroot, Silvershine, Fraysia, Razorvine, or Springleaf token, chosen at random.)</em>",Ally,Cleric;Human,Fire,Cleric,,,,,1,,2,
549862,Pyroclastic Flow,Pyroclastic Flow,https://tcgplayer-cdn.tcgplayer.com/product/549862_200w.jpg,74,23456,https://cpt.tcgcsv.com/gZp6,2024-05-17T04:03:26.67,1,0.05,0.17,1.32,0.12,,Normal,Common,095,"Choose one—<br>
• Deal 2 damage to all units.<br>
• [Level 2+] Destroy target domain. <em>(Choose this option only if your champion is level 2 or higher.)</em>",Action,Mage;Spell,Fire,Mage,,,,<em>Plumes of molten rock drowned the Oasis in flames.</em>,,,4,Slow
549862,Pyroclastic Flow,Pyroclastic Flow,https://tcgplayer-cdn.tcgplayer.com/product/549862_200w.jpg,74,23456,https://cpt.tcgcsv.com/gZp6,2024-05-17T04:03:26.67,1,0.77,1.95,5.49,1.5,,Foil,Common,095,"Choose one—<br>
• Deal 2 damage to all units.<br>
• [Level 2+] Destroy target domain. <em>(Choose this option only if your champion is level 2 or higher.)</em>",Action,Mage;Spell,Fire,Mage,,,,<em>Plumes of molten rock drowned the Oasis in flames.</em>,,,4,Slow
549863,Reduce to Ash,Reduce to Ash,https://tcgplayer-cdn.tcgplayer.com/product/549863_200w.jpg,74,23456,https://cpt.tcgcsv.com/hZp6,2024-05-17T04:03:26.67,1,0.18,0.3,1.32,0.28,,Normal,Common,096,Destroy target item or weapon with memory cost 0 or reserve cost 4 or less.,Action,Mage;Spell,Fire,Mage,,,,<em>Ashes to ashes. Dust to dust.</em>,,,3,Fast
549863,Reduce to Ash,Reduce to Ash,https://tcgplayer-cdn.tcgplayer.com/product/549863_200w.jpg,74,23456,https://cpt.tcgcsv.com/hZp6,2024-05-17T04:03:26.67,1,3.69,4.37,5.0,3.23,,Foil,Common,096,Destroy target item or weapon with memory cost 0 or reserve cost 4 or less.,Action,Mage;Spell,Fire,Mage,,,,<em>Ashes to ashes. Dust to dust.</em>,,,3,Fast
549864,Scorching Trap,Scorching Trap,https://tcgplayer-cdn.tcgplayer.com/product/549864_200w.jpg,74,23456,https://cpt.tcgcsv.com/jZp6,2024-05-17T04:03:26.67,1,0.07,0.2,1.37,0.13,,Normal,Uncommon,097,"[Class Bonus] If it’s not your turn, you may remove a preparation counter from your champion to activate this card from your memory without paying its reserve cost. Deal 2 damage to target attacking unit.",Action,Assassin;Skill;Reaction,Fire,Assassin,,,,,,,1,Fast
549864,Scorching Trap,Scorching Trap,https://tcgplayer-cdn.tcgplayer.com/product/549864_200w.jpg,74,23456,https://cpt.tcgcsv.com/jZp6,2024-05-17T04:03:26.67,1,0.47,0.89,6.93,1.85,,Foil,Uncommon,097,"[Class Bonus] If it’s not your turn, you may remove a preparation counter from your champion to activate this card from your memory without paying its reserve cost. Deal 2 damage to target attacking unit.",Action,Assassin;Skill;Reaction,Fire,Assassin,,,,,,,1,Fast
549865,Smashing Force,Smashing Force,https://tcgplayer-cdn.tcgplayer.com/product/549865_200w.jpg,74,23456,https://cpt.tcgcsv.com/kZp6,2024-05-17T04:03:26.67,1,0.08,0.18,1.37,0.1,,Normal,Uncommon,098,"[Class Bonus] On Attack: You may banish two fire element cards from your graveyard. When you do, destroy target item or weapon with memory cost 0 or reserve cost 4 or less.",Attack,Guardian;Hammer,Fire,Guardian,,,,<em>An immense swing over-calibrated into a shattering impact.</em>,4,,4,
549865,Smashing Force,Smashing Force,https://tcgplayer-cdn.tcgplayer.com/product/549865_200w.jpg,74,23456,https://cpt.tcgcsv.com/kZp6,2024-05-17T04:03:26.67,1,1.99,2.44,5.98,2.61,,Foil,Uncommon,098,"[Class Bonus] On Attack: You may banish two fire element cards from your graveyard. When you do, destroy target item or weapon with memory cost 0 or reserve cost 4 or less.",Attack,Guardian;Hammer,Fire,Guardian,,,,<em>An immense swing over-calibrated into a shattering impact.</em>,4,,4,
549866,Surge Protector,Surge Protector,https://tcgplayer-cdn.tcgplayer.com/product/549866_200w.jpg,74,23456,https://cpt.tcgcsv.com/lZp6,2024-05-17T04:03:26.67,1,0.08,0.2,1.37,0.11,,Normal,Uncommon,099,"Until end of turn, target Shield item you control gains “If damage would be dealt to your champion, prevent that damage and sacrifice this object instead.”",Action,Guardian;Skill,Fire,Guardian,,,,<em>A broken shield is much cheaper to replace than a broken body.</em>,,,2,Fast
549866,Surge Protector,Surge Protector,https://tcgplayer-cdn.tcgplayer.com/product/549866_200w.jpg,74,23456,https://cpt.tcgcsv.com/lZp6,2024-05-17T04:03:26.67,1,0.47,0.89,4.0,0.78,,Foil,Uncommon,099,"Until end of turn, target Shield item you control gains “If damage would be dealt to your champion, prevent that damage and sacrifice this object instead.”",Action,Guardian;Skill,Fire,Guardian,,,,<em>A broken shield is much cheaper to replace than a broken body.</em>,,,2,Fast
549867,Surging Bolt,Surging Bolt,https://tcgplayer-cdn.tcgplayer.com/product/549867_200w.jpg,74,23456,https://cpt.tcgcsv.com/mZp6,2024-05-17T04:03:26.67,1,0.87,1.16,2.0,1.46,,Foil,Common,100,"Imbue 3 <em>(You may reserve all cards revealed as you activate this card. If at least three of them are fire element, this card becomes imbued.)</em><br>
Deal 3 damage to target champion. If Surging Bolt is imbued, deal 4 damage to that champion instead.",Action,Mage;Spell,Fire,Mage,,,,,,,3,Slow
549867,Surging Bolt,Surging Bolt,https://tcgplayer-cdn.tcgplayer.com/product/549867_200w.jpg,74,23456,https://cpt.tcgcsv.com/mZp6,2024-05-17T04:03:26.67,1,0.05,0.18,1.32,0.13,,Normal,Common,100,"Imbue 3 <em>(You may reserve all cards revealed as you activate this card. If at least three of them are fire element, this card becomes imbued.)</em><br>
Deal 3 damage to target champion. If Surging Bolt is imbued, deal 4 damage to that champion instead.",Action,Mage;Spell,Fire,Mage,,,,,,,3,Slow
549868,Under Fire,Under Fire,https://tcgplayer-cdn.tcgplayer.com/product/549868_200w.jpg,74,23456,https://cpt.tcgcsv.com/nZp6,2024-05-17T04:03:26.67,1,13.82,14.45,15.21,15.31,,Foil,Uncommon,101,"[Class Bonus] This card costs 1 less to activate.<br>
Your champion becomes distant. Then you may have Under Fire deal 4 damage to your champion. If you do, your champion gains stealth until end of turn.",Action,Ranger;Skill;Reaction,Fire,Ranger,,,,,,,3,Fast
549868,Under Fire,Under Fire,https://tcgplayer-cdn.tcgplayer.com/product/549868_200w.jpg,74,23456,https://cpt.tcgcsv.com/nZp6,2024-05-17T04:03:26.67,1,0.15,0.25,2.99,0.23,,Normal,Uncommon,101,"[Class Bonus] This card costs 1 less to activate.<br>
Your champion becomes distant. Then you may have Under Fire deal 4 damage to your champion. If you do, your champion gains stealth until end of turn.",Action,Ranger;Skill;Reaction,Fire,Ranger,,,,,,,3,Fast
549869,Vermilion Decree,Vermilion Decree,https://tcgplayer-cdn.tcgplayer.com/product/549869_200w.jpg,74,23456,https://cpt.tcgcsv.com/pZp6,2024-05-17T04:03:26.67,1,58.4,59.39,75.0,60.74,,Foil,Super Rare,102,"Imbue 3<br>
Choose one. If Vermilion Decree is imbued, choose two instead—<br>
• Deal 3 damage to up to one target champion.<br>
• Deal 2 damage to up to one target ally.<br>
• Each player draws a card.",Action,Cleric;Spell,Fire,Cleric,,,,,,,3,Fast
549869,Vermilion Decree,Vermilion Decree,https://tcgplayer-cdn.tcgplayer.com/product/549869_200w.jpg,74,23456,https://cpt.tcgcsv.com/pZp6,2024-05-17T04:03:26.67,1,9.0,21.97,65.0,24.54,,Normal,Super Rare,102,"Imbue 3<br>
Choose one. If Vermilion Decree is imbued, choose two instead—<br>
• Deal 3 damage to up to one target champion.<br>
• Deal 2 damage to up to one target ally.<br>
• Each player draws a card.",Action,Cleric;Spell,Fire,Cleric,,,,,,,3,Fast
549870,Volatile Fusilier,Volatile Fusilier,https://tcgplayer-cdn.tcgplayer.com/product/549870_200w.jpg,74,23456,https://cpt.tcgcsv.com/qZp6,2024-05-17T04:03:26.67,1,0.68,2.41,9.72,1.5,,Foil,Uncommon,103,"Ranged 2 <em>(As long as this unit is distant, its attacks get +2 power.)</em> [Class Bonus] On Enter: You may have Volatile Fusilier deal 4 damage to your champion. If you do, Volatile Fusilier becomes distant.",Ally,Ranger;Human,Fire,Ranger,,,,,1,,1,
549870,Volatile Fusilier,Volatile Fusilier,https://tcgplayer-cdn.tcgplayer.com/product/549870_200w.jpg,74,23456,https://cpt.tcgcsv.com/qZp6,2024-05-17T04:03:26.67,1,0.05,0.2,1.36,0.16,,Normal,Uncommon,103,"Ranged 2 <em>(As long as this unit is distant, its attacks get +2 power.)</em> [Class Bonus] On Enter: You may have Volatile Fusilier deal 4 damage to your champion. If you do, Volatile Fusilier becomes distant.",Ally,Ranger;Human,Fire,Ranger,,,,,1,,1,
549871,Aqua Vitae,Aqua Vitae,https://tcgplayer-cdn.tcgplayer.com/product/549871_200w.jpg,74,23456,https://cpt.tcgcsv.com/rZp6,2024-05-17T04:03:26.67,1,1.0,2.95,11.0,2.95,,Foil,Uncommon,104,"Brew — One Springleaf<br>
[Class Bonus] At the beginning of your recollection phase, put an age counter on Aqua Vitae.<br>
Sacrifice Aqua Vitae: Draw a card. Then if there are three or more age counters on Aqua Vitae, draw an additional card.",Item,Cleric;Potion,Water,Cleric,,,,,,,2,
549871,Aqua Vitae,Aqua Vitae,https://tcgplayer-cdn.tcgplayer.com/product/549871_200w.jpg,74,23456,https://cpt.tcgcsv.com/rZp6,2024-05-17T04:03:26.67,1,0.08,0.2,1.37,0.16,,Normal,Uncommon,104,"Brew — One Springleaf<br>
[Class Bonus] At the beginning of your recollection phase, put an age counter on Aqua Vitae.<br>
Sacrifice Aqua Vitae: Draw a card. Then if there are three or more age counters on Aqua Vitae, draw an additional card.",Item,Cleric;Potion,Water,Cleric,,,,,,,2,
549872,Cell Converter,Cell Converter,https://tcgplayer-cdn.tcgplayer.com/product/549872_200w.jpg,74,23456,https://cpt.tcgcsv.com/sZp6,2024-05-17T04:03:26.67,1,6.99,9.24,12.0,9.49,,Foil,Uncommon,105,"At the beginning of your end phase, summon a Powercell token rested.<br>
[Class Bonus] Floating Memory <em>(While paying for a memory cost, you may banish this card from your graveyard to pay for 1 of that cost.)</em>",Ally,Cleric;Automaton,Water,Cleric,,,,,0,,3,
549872,Cell Converter,Cell Converter,https://tcgplayer-cdn.tcgplayer.com/product/549872_200w.jpg,74,23456,https://cpt.tcgcsv.com/sZp6,2024-05-17T04:03:26.67,1,0.1,0.21,1.37,0.2,,Normal,Uncommon,105,"At the beginning of your end phase, summon a Powercell token rested.<br>
[Class Bonus] Floating Memory <em>(While paying for a memory cost, you may banish this card from your graveyard to pay for 1 of that cost.)</em>",Ally,Cleric;Automaton,Water,Cleric,,,,,0,,3,
549873,Cell Sharpshooter,Cell Sharpshooter,https://tcgplayer-cdn.tcgplayer.com/product/549873_200w.jpg,74,23456,https://cpt.tcgcsv.com/tZp6,2024-05-17T04:03:26.67,1,0.15,0.25,1.44,0.22,,Normal,Uncommon,106,"Ranged 2 <em>(As long as this unit is distant, its attacks get +2 power.)</em> On Enter: You may banish a card with floating memory from your graveyard. If you do, draw a card and summon a Powercell token rested.",Ally,Ranger;Automaton,Water,Ranger,,,,,1,,2,
549873,Cell Sharpshooter,Cell Sharpshooter,https://tcgplayer-cdn.tcgplayer.com/product/549873_200w.jpg,74,23456,https://cpt.tcgcsv.com/tZp6,2024-05-17T04:03:26.67,1,4.99,5.75,6.0,5.42,,Foil,Uncommon,106,"Ranged 2 <em>(As long as this unit is distant, its attacks get +2 power.)</em> On Enter: You may banish a card with floating memory from your graveyard. If you do, draw a card and summon a Powercell token rested.",Ally,Ranger;Automaton,Water,Ranger,,,,,1,,2,
549874,Cerulean Decree,Cerulean Decree,https://tcgplayer-cdn.tcgplayer.com/product/549874_200w.jpg,74,23456,https://cpt.tcgcsv.com/vZp6,2024-05-17T04:03:26.67,1,48.95,49.99,88.0,59.83,,Foil,Super Rare,107,"Imbue 3<br>
Choose one. If Cerulean Decree is imbued, choose two instead—<br>
• Negate up to one target non-attack card activation unless its controller pays (2).<br>
• Up to one target unit’s attacks get -3 power until end of turn.<br>
• Draw a card into your memory.",Action,Cleric;Spell,Water,Cleric,,,,,,,3,Fast
549874,Cerulean Decree,Cerulean Decree,https://tcgplayer-cdn.tcgplayer.com/product/549874_200w.jpg,74,23456,https://cpt.tcgcsv.com/vZp6,2024-05-17T04:03:26.67,1,12.05,16.92,39.99,15.11,,Normal,Super Rare,107,"Imbue 3<br>
Choose one. If Cerulean Decree is imbued, choose two instead—<br>
• Negate up to one target non-attack card activation unless its controller pays (2).<br>
• Up to one target unit’s attacks get -3 power until end of turn.<br>
• Draw a card into your memory.",Action,Cleric;Spell,Water,Cleric,,,,,,,3,Fast
549875,Collapsing Trap,Collapsing Trap,https://tcgplayer-cdn.tcgplayer.com/product/549875_200w.jpg,74,23456,https://cpt.tcgcsv.com/wZp6,2024-05-17T04:03:26.67,1,0.08,0.2,1.37,0.16,,Normal,Uncommon,108,"[Class Bonus] If it’s not your turn, you may remove a preparation counter from your champion to activate this card from your memory without paying its reserve cost. The next time one or more allies would enter the field this turn, they enter the field rested instead.",Action,Assassin;Skill;Reaction,Water,Assassin,,,,,,,0,Fast
549875,Collapsing Trap,Collapsing Trap,https://tcgplayer-cdn.tcgplayer.com/product/549875_200w.jpg,74,23456,https://cpt.tcgcsv.com/wZp6,2024-05-17T04:03:26.67,1,0.39,0.99,9.24,,,Foil,Uncommon,108,"[Class Bonus] If it’s not your turn, you may remove a preparation counter from your champion to activate this card from your memory without paying its reserve cost. The next time one or more allies would enter the field this turn, they enter the field rested instead.",Action,Assassin;Skill;Reaction,Water,Assassin,,,,,,,0,Fast
549876,Desperate Dive,Desperate Dive,https://tcgplayer-cdn.tcgplayer.com/product/549876_200w.jpg,74,23456,https://cpt.tcgcsv.com/xZp6,2024-05-17T04:03:26.67,1,0.48,1.94,5.06,2.6,,Foil,Common,109,"[Class Bonus] This card costs 1 less to activate.<br>
Prevent the next X damage that would be dealt to target unit you control where X is the amount of water element cards in your graveyard. That unit becomes distant.",Action,Ranger;Skill;Reaction,Water,Ranger,,,,,,,3,Fast
549876,Desperate Dive,Desperate Dive,https://tcgplayer-cdn.tcgplayer.com/product/549876_200w.jpg,74,23456,https://cpt.tcgcsv.com/xZp6,2024-05-17T04:03:26.67,1,0.05,0.17,1.32,0.11,,Normal,Common,109,"[Class Bonus] This card costs 1 less to activate.<br>
Prevent the next X damage that would be dealt to target unit you control where X is the amount of water element cards in your graveyard. That unit becomes distant.",Action,Ranger;Skill;Reaction,Water,Ranger,,,,,,,3,Fast
549877,Enthralling Visage,Enthralling Visage,https://tcgplayer-cdn.tcgplayer.com/product/549877_200w.jpg,74,23456,https://cpt.tcgcsv.com/zZp6,2024-05-17T04:03:26.67,1,0.05,0.17,1.32,0.1,,Normal,Common,110,"The next time damage would be dealt to target unit this turn, prevent 2 of that damage. When damage is prevented this way, banish target card in a graveyard.",Action,Guardian;Skill;Reaction,Water,Guardian,,,,<em>“Don’t take your eyes off me.”</em>,,,2,Fast
549877,Enthralling Visage,Enthralling Visage,https://tcgplayer-cdn.tcgplayer.com/product/549877_200w.jpg,74,23456,https://cpt.tcgcsv.com/zZp6,2024-05-17T04:03:26.67,1,2.42,2.81,9.0,3.47,,Foil,Common,110,"The next time damage would be dealt to target unit this turn, prevent 2 of that damage. When damage is prevented this way, banish target card in a graveyard.",Action,Guardian;Skill;Reaction,Water,Guardian,,,,<em>“Don’t take your eyes off me.”</em>,,,2,Fast
549878,Eternal Dreamer,Eternal Dreamer,https://tcgplayer-cdn.tcgplayer.com/product/549878_200w.jpg,74,23456,https://cpt.tcgcsv.com/BZp6,2024-05-17T04:03:26.67,1,0.79,1.25,7.68,0.99,,Foil,Uncommon,111,"[Class Bonus] On Attack: Glimpse X, where X is Eternal Dreamer’s power. <em>(Apply this effect only if your champion’s class matches this card’s class.)</em>",Ally,Cleric;Automaton,Water,Cleric,,,,"<em>For awakened automata, each step toward self-actualization brings a deeper understanding of Azoth’s impending crisis.</em>",2,,3,
549878,Eternal Dreamer,Eternal Dreamer,https://tcgplayer-cdn.tcgplayer.com/product/549878_200w.jpg,74,23456,https://cpt.tcgcsv.com/BZp6,2024-05-17T04:03:26.67,1,0.1,0.2,1.37,0.15,,Normal,Uncommon,111,"[Class Bonus] On Attack: Glimpse X, where X is Eternal Dreamer’s power. <em>(Apply this effect only if your champion’s class matches this card’s class.)</em>",Ally,Cleric;Automaton,Water,Cleric,,,,"<em>For awakened automata, each step toward self-actualization brings a deeper understanding of Azoth’s impending crisis.</em>",2,,3,
549879,Fractal of Rain,Fractal of Rain,https://tcgplayer-cdn.tcgplayer.com/product/549879_200w.jpg,74,23456,https://cpt.tcgcsv.com/CZp6,2024-05-17T12:54:44.737,1,0.39,1.8,3.49,1.27,,Normal,Uncommon,112,"Imbue 2<br>
At the beginning of your recollection phase, if Fractal of Rain is imbued, target player puts the top card of their deck into their graveyard.<br>
Reservable <em>(While paying for a reserve cost, you may rest this object to pay for 1 of that cost.)</em>",Phantasia,Cleric;Fractal,Water,Cleric,,,,,,,2,
549879,Fractal of Rain,Fractal of Rain,https://tcgplayer-cdn.tcgplayer.com/product/549879_200w.jpg,74,23456,https://cpt.tcgcsv.com/CZp6,2024-05-17T12:54:44.737,1,17.95,18.94,26.27,17.99,,Foil,Uncommon,112,"Imbue 2<br>
At the beginning of your recollection phase, if Fractal of Rain is imbued, target player puts the top card of their deck into their graveyard.<br>
Reservable <em>(While paying for a reserve cost, you may rest this object to pay for 1 of that cost.)</em>",Phantasia,Cleric;Fractal,Water,Cleric,,,,,,,2,
549880,Freezing Steel,Freezing Steel,https://tcgplayer-cdn.tcgplayer.com/product/549880_200w.jpg,74,23456,https://cpt.tcgcsv.com/DZp6,2024-05-17T04:03:26.67,1,0.05,0.2,1.32,0.16,,Normal,Common,113,"The next time one or more items would enter the field this turn, those items enter the field rested instead. Floating Memory <em>(While paying for a memory cost, you may banish this card from your graveyard to pay for 1 of that cost.)</em>",Action,Mage;Spell,Water,Mage,,,,,,,1,Fast
549880,Freezing Steel,Freezing Steel,https://tcgplayer-cdn.tcgplayer.com/product/549880_200w.jpg,74,23456,https://cpt.tcgcsv.com/DZp6,2024-05-17T04:03:26.67,1,1.99,2.45,8.99,3.76,,Foil,Common,113,"The next time one or more items would enter the field this turn, those items enter the field rested instead. Floating Memory <em>(While paying for a memory cost, you may banish this card from your graveyard to pay for 1 of that cost.)</em>",Action,Mage;Spell,Water,Mage,,,,,,,1,Fast
549881,Frost Shard,Frost Shard,https://tcgplayer-cdn.tcgplayer.com/product/549881_200w.jpg,74,23456,https://cpt.tcgcsv.com/FZp6,2024-05-17T04:03:26.67,1,0.15,0.25,1.5,0.21,,Normal,Rare,114,"[Class Bonus] As long as your champion has leveled up this turn, you may activate this card from your graveyard. If you do, banish it as it resolves.<br>
Deal 2 damage to target unit. If that unit is rested, deal 3 damage to it instead.",Action,Mage;Spell,Water,Mage,,,,,,,2,Slow
549881,Frost Shard,Frost Shard,https://tcgplayer-cdn.tcgplayer.com/product/549881_200w.jpg,74,23456,https://cpt.tcgcsv.com/FZp6,2024-05-17T04:03:26.67,1,2.97,5.5,10.49,4.22,,Foil,Rare,114,"[Class Bonus] As long as your champion has leveled up this turn, you may activate this card from your graveyard. If you do, banish it as it resolves.<br>
Deal 2 damage to target unit. If that unit is rested, deal 3 damage to it instead.",Action,Mage;Spell,Water,Mage,,,,,,,2,Slow
549882,Hailstorm Guard,Hailstorm Guard,https://tcgplayer-cdn.tcgplayer.com/product/549882_200w.jpg,74,23456,https://cpt.tcgcsv.com/GZp6,2024-05-17T04:03:26.67,1,0.1,0.2,1.37,0.16,,Normal,Uncommon,115,"[Class Bonus] This card costs 2 less to activate.<br>
The next time damage would be dealt to your champion this turn, prevent that damage. Put an amount of cards from the top of your deck into your graveyard equal to the amount of damage prevented this way.",Action,Guardian;Skill;Reaction,Water,Guardian,,,,,,,6,Fast
549882,Hailstorm Guard,Hailstorm Guard,https://tcgplayer-cdn.tcgplayer.com/product/549882_200w.jpg,74,23456,https://cpt.tcgcsv.com/GZp6,2024-05-17T04:03:26.67,1,0.38,0.95,4.98,,,Foil,Uncommon,115,"[Class Bonus] This card costs 2 less to activate.<br>
The next time damage would be dealt to your champion this turn, prevent that damage. Put an amount of cards from the top of your deck into your graveyard equal to the amount of damage prevented this way.",Action,Guardian;Skill;Reaction,Water,Guardian,,,,,,,6,Fast
549883,Hidden Enclave,Hidden Enclave,https://tcgplayer-cdn.tcgplayer.com/product/549883_200w.jpg,74,23456,https://cpt.tcgcsv.com/HZp6,2024-05-17T04:03:26.67,1,0.48,1.5,3.96,1.66,,Foil,Common,116,"At the beginning of each player’s recollection phase, that player puts the top card of their deck into their graveyard.",Domain,Guardian;Kingdom,Water,Guardian,,,,"<em>A reclusive society, secluded from modernity. Ignorant and oblivious to the greater machinations.</em>",,,2,
549883,Hidden Enclave,Hidden Enclave,https://tcgplayer-cdn.tcgplayer.com/product/549883_200w.jpg,74,23456,https://cpt.tcgcsv.com/HZp6,2024-05-17T04:03:26.67,1,0.05,0.16,1.32,0.08,,Normal,Common,116,"At the beginning of each player’s recollection phase, that player puts the top card of their deck into their graveyard.",Domain,Guardian;Kingdom,Water,Guardian,,,,"<em>A reclusive society, secluded from modernity. Ignorant and oblivious to the greater machinations.</em>",,,2,
549884,Icebound Slam,Icebound Slam,https://tcgplayer-cdn.tcgplayer.com/product/549884_200w.jpg,74,23456,https://cpt.tcgcsv.com/JZp6,2024-05-17T04:03:26.67,1,34.94,38.99,119.99,81.21,,Foil,Super Rare,117,"[Class Bonus] This card costs 2 less to activate. On Attack: Put the top five cards of your deck into your graveyard. Then if there are five or more water element cards in your graveyard, Icebound Slam gets +5 power.",Attack,Guardian;Sword,Water,Guardian,,,,,3,,7,
549884,Icebound Slam,Icebound Slam,https://tcgplayer-cdn.tcgplayer.com/product/549884_200w.jpg,74,23456,https://cpt.tcgcsv.com/JZp6,2024-05-17T04:03:26.67,1,2.68,6.5,34.03,6.5,,Normal,Super Rare,117,"[Class Bonus] This card costs 2 less to activate. On Attack: Put the top five cards of your deck into your graveyard. Then if there are five or more water element cards in your graveyard, Icebound Slam gets +5 power.",Attack,Guardian;Sword,Water,Guardian,,,,,3,,7,
549885,Imperial Apprentice,Imperial Apprentice,https://tcgplayer-cdn.tcgplayer.com/product/549885_200w.jpg,74,23456,https://cpt.tcgcsv.com/KZp6,2024-05-17T04:03:26.67,1,0.85,1.72,19.99,1.23,,Foil,Rare,118,"Whenever you activate a Spell card, you may banish a card with floating memory from your graveyard. If you do, draw a card.<br>
[Class Bonus] Floating Memory <em>(While paying for a memory cost, you may banish this card from your graveyard to pay for 1 of that cost.)</em>",Ally,Mage;Human,Water,Mage,,,,,1,,2,
549885,Imperial Apprentice,Imperial Apprentice,https://tcgplayer-cdn.tcgplayer.com/product/549885_200w.jpg,74,23456,https://cpt.tcgcsv.com/KZp6,2024-05-17T04:03:26.67,1,0.17,0.3,1.99,0.28,,Normal,Rare,118,"Whenever you activate a Spell card, you may banish a card with floating memory from your graveyard. If you do, draw a card.<br>
[Class Bonus] Floating Memory <em>(While paying for a memory cost, you may banish this card from your graveyard to pay for 1 of that cost.)</em>",Ally,Mage;Human,Water,Mage,,,,,1,,2,
549886,Imperial Scout,Imperial Scout,https://tcgplayer-cdn.tcgplayer.com/product/549886_200w.jpg,74,23456,https://cpt.tcgcsv.com/LZp6,2024-05-17T04:03:26.67,1,0.68,0.98,3.98,0.98,,Foil,Common,119,"Ranged 2 <em>(As long as this unit is distant, its attacks get +2 power.)</em> Whenever Imperial Scout becomes distant, you may put the top two cards of your deck into your graveyard.",Ally,Ranger;Human,Water,Ranger,,,,,1,,2,
549886,Imperial Scout,Imperial Scout,https://tcgplayer-cdn.tcgplayer.com/product/549886_200w.jpg,74,23456,https://cpt.tcgcsv.com/LZp6,2024-05-17T04:03:26.67,1,0.05,0.17,1.32,0.1,,Normal,Common,119,"Ranged 2 <em>(As long as this unit is distant, its attacks get +2 power.)</em> Whenever Imperial Scout becomes distant, you may put the top two cards of your deck into your graveyard.",Ally,Ranger;Human,Water,Ranger,,,,,1,,2,
549887,Krustallan Patrol,Krustallan Patrol,https://tcgplayer-cdn.tcgplayer.com/product/549887_200w.jpg,74,23456,https://cpt.tcgcsv.com/MZp6,2024-05-17T04:03:26.67,1,0.47,1.0,2.99,1.0,,Foil,Rare,120,"Foster<br>
On Foster: Put a buff counter on Krustallan Patrol.<br>
As long as Krustallan Patrol is fostered, it has steadfast. <em>(An ally with steadfast can retaliate while rested and doesn’t rest to do so.)</em>",Ally,Guardian;Human,Water,Guardian,,,,,1,,5,
549887,Krustallan Patrol,Krustallan Patrol,https://tcgplayer-cdn.tcgplayer.com/product/549887_200w.jpg,74,23456,https://cpt.tcgcsv.com/MZp6,2024-05-17T04:03:26.67,1,0.07,0.23,1.37,0.15,,Normal,Rare,120,"Foster<br>
On Foster: Put a buff counter on Krustallan Patrol.<br>
As long as Krustallan Patrol is fostered, it has steadfast. <em>(An ally with steadfast can retaliate while rested and doesn’t rest to do so.)</em>",Ally,Guardian;Human,Water,Guardian,,,,,1,,5,
549888,Krustallan Ruins,Krustallan Ruins,https://tcgplayer-cdn.tcgplayer.com/product/549888_200w.jpg,74,23456,https://cpt.tcgcsv.com/NZp6,2024-05-17T04:03:26.67,1,0.97,1.99,3.26,1.49,,Foil,Uncommon,121,"Whenever an ally enters the field under a player’s control, rest that ally unless that player pays (1).",Domain,Cleric;Ruins,Water,Cleric,,,,"<em>Long buried under decades of sleet and snow, a proud civilization fell during the Krustal Froststorm.</em>",,,3,
549888,Krustallan Ruins,Krustallan Ruins,https://tcgplayer-cdn.tcgplayer.com/product/549888_200w.jpg,74,23456,https://cpt.tcgcsv.com/NZp6,2024-05-17T04:03:26.67,1,0.1,0.2,1.37,0.11,,Normal,Uncommon,121,"Whenever an ally enters the field under a player’s control, rest that ally unless that player pays (1).",Domain,Cleric;Ruins,Water,Cleric,,,,"<em>Long buried under decades of sleet and snow, a proud civilization fell during the Krustal Froststorm.</em>",,,3,
549889,Lost in Thought,Lost in Thought,https://tcgplayer-cdn.tcgplayer.com/product/549889_200w.jpg,74,23456,https://cpt.tcgcsv.com/PZp6,2024-05-17T04:03:26.67,1,1.5,2.6,13.0,2.28,,Normal,Rare,122,"You may banish up to X cards with floating memory from your graveyard. Draw a card for each card banished this way.<br>
Floating Memory <em>(While paying for a memory cost, you may banish this card from your graveyard to pay for 1 of that cost.)</em>",Action,Mage;Skill,Water,Mage,,,,,,,,Fast
549889,Lost in Thought,Lost in Thought,https://tcgplayer-cdn.tcgplayer.com/product/549889_200w.jpg,74,23456,https://cpt.tcgcsv.com/PZp6,2024-05-17T04:03:26.67,1,24.99,27.92,32.99,30.99,,Foil,Rare,122,"You may banish up to X cards with floating memory from your graveyard. Draw a card for each card banished this way.<br>
Floating Memory <em>(While paying for a memory cost, you may banish this card from your graveyard to pay for 1 of that cost.)</em>",Action,Mage;Skill,Water,Mage,,,,,,,,Fast
549890,"Naia, Diviner of Fortunes",Naia Diviner of Fortunes,https://tcgplayer-cdn.tcgplayer.com/product/549890_200w.jpg,74,23456,https://cpt.tcgcsv.com/QZp6,2024-05-17T04:03:26.67,1,22.99,25.01,79.99,27.18,,Foil,Super Rare,123,"[Class Bonus] On Enter: Reveal the top three cards from your deck. Banish one of those cards and put the rest into your graveyard. If the banished card is a Spell card, you may activate it as long as you control Naia.",Ally,Mage;Human,Water,Mage,,,,,2,,3,
549890,"Naia, Diviner of Fortunes",Naia Diviner of Fortunes,https://tcgplayer-cdn.tcgplayer.com/product/549890_200w.jpg,74,23456,https://cpt.tcgcsv.com/QZp6,2024-05-17T04:03:26.67,1,1.7,3.32,19.99,4.3,,Normal,Super Rare,123,"[Class Bonus] On Enter: Reveal the top three cards from your deck. Banish one of those cards and put the rest into your graveyard. If the banished card is a Spell card, you may activate it as long as you control Naia.",Ally,Mage;Human,Water,Mage,,,,,2,,3,
549891,"Naia, Diviner of Fortunes (CSR)",Naia Diviner of Fortunes CSR,https://tcgplayer-cdn.tcgplayer.com/product/549891_200w.jpg,74,23456,https://cpt.tcgcsv.com/RZp6,2024-05-17T04:03:26.67,1,349.99,425.0,500.0,,,Foil,Collector Super Rare,123,"[Class Bonus] On Enter: Reveal the top three cards from your deck. Banish one of those cards and put the rest into your graveyard. If the banished card is a Spell card, you may activate it as long as you control Naia.",Ally,Mage;Human,Water,Mage,,,,,2,,3,
549892,Portside Pirate,Portside Pirate,https://tcgplayer-cdn.tcgplayer.com/product/549892_200w.jpg,74,23456,https://cpt.tcgcsv.com/SZp6,2024-05-17T04:03:26.67,1,1.39,2.85,5.0,,,Foil,Uncommon,124,[Class Bonus] Banish a card with floating memory from your graveyard: Put a buff counter on Portside Pirate and it gains stealth until end of turn. <em>(This unit can’t be targeted by attacks unless permitted by true sight.)</em>,Ally,Assassin;Human,Water,Assassin,,,,,1,,3,
549892,Portside Pirate,Portside Pirate,https://tcgplayer-cdn.tcgplayer.com/product/549892_200w.jpg,74,23456,https://cpt.tcgcsv.com/SZp6,2024-05-17T04:03:26.67,1,0.08,0.19,1.37,0.14,,Normal,Uncommon,124,[Class Bonus] Banish a card with floating memory from your graveyard: Put a buff counter on Portside Pirate and it gains stealth until end of turn. <em>(This unit can’t be targeted by attacks unless permitted by true sight.)</em>,Ally,Assassin;Human,Water,Assassin,,,,,1,,3,
549893,Potion Infusion: Seal,Potion Infusion Seal,https://tcgplayer-cdn.tcgplayer.com/product/549893_200w.jpg,74,23456,https://cpt.tcgcsv.com/TZp6,2024-05-17T04:03:26.67,1,0.1,0.2,1.37,0.17,,Normal,Uncommon,125,"Rest target Potion. If you do, it gains “On Sacrifice: Negate target card activation unless its controller pays (2)” until end of turn.<br>
Floating Memory <em>(While paying for a memory cost, you may banish this card from your graveyard to pay for 1 of that cost.)</em>",Action,Cleric;Spell,Water,Cleric,,,,,,,2,Fast
549893,Potion Infusion: Seal,Potion Infusion Seal,https://tcgplayer-cdn.tcgplayer.com/product/549893_200w.jpg,74,23456,https://cpt.tcgcsv.com/TZp6,2024-05-17T04:03:26.67,1,2.99,4.75,8.42,4.75,,Foil,Uncommon,125,"Rest target Potion. If you do, it gains “On Sacrifice: Negate target card activation unless its controller pays (2)” until end of turn.<br>
Floating Memory <em>(While paying for a memory cost, you may banish this card from your graveyard to pay for 1 of that cost.)</em>",Action,Cleric;Spell,Water,Cleric,,,,,,,2,Fast
549894,Powered Defender,Powered Defender,https://tcgplayer-cdn.tcgplayer.com/product/549894_200w.jpg,74,23456,https://cpt.tcgcsv.com/VZp6,2024-05-17T04:03:26.67,1,2.99,5.0,10.2,5.1,,Foil,Rare,126,"[Class Bonus] [Level 2+] Taunt <em>(While awake, this unit must be targeted before other units you control during your opponents’ attack declarations if able.)</em><br>
Whenever Powered Defender is dealt damage, summon a Powercell token.",Ally,Guardian;Automaton,Water,Guardian,,,,,1,,3,
549894,Powered Defender,Powered Defender,https://tcgplayer-cdn.tcgplayer.com/product/549894_200w.jpg,74,23456,https://cpt.tcgcsv.com/VZp6,2024-05-17T04:03:26.67,1,0.17,0.35,1.76,0.35,,Normal,Rare,126,"[Class Bonus] [Level 2+] Taunt <em>(While awake, this unit must be targeted before other units you control during your opponents’ attack declarations if able.)</em><br>
Whenever Powered Defender is dealt damage, summon a Powercell token.",Ally,Guardian;Automaton,Water,Guardian,,,,,1,,3,
549895,Powered Swordsman,Powered Swordsman,https://tcgplayer-cdn.tcgplayer.com/product/549895_200w.jpg,74,23456,https://cpt.tcgcsv.com/WZp6,2024-05-17T04:03:26.67,1,0.05,0.18,1.32,0.06,,Normal,Common,127,[Class Bonus] On Death: Summon a Powercell token. <em>(Apply this effect only if your champion’s class matches this card’s class.)</em>,Ally,Warrior;Automaton,Water,Warrior,,,,"<em>“Tired of pesky pirates? These portside units run on self-powered fuel cells that are fully waterproof!”
— Gearstride Automatics Advertisement</em>",2,,4,
549895,Powered Swordsman,Powered Swordsman,https://tcgplayer-cdn.tcgplayer.com/product/549895_200w.jpg,74,23456,https://cpt.tcgcsv.com/WZp6,2024-05-17T04:03:26.67,1,0.48,0.99,5.0,0.49,,Foil,Common,127,[Class Bonus] On Death: Summon a Powercell token. <em>(Apply this effect only if your champion’s class matches this card’s class.)</em>,Ally,Warrior;Automaton,Water,Warrior,,,,"<em>“Tired of pesky pirates? These portside units run on self-powered fuel cells that are fully waterproof!”
— Gearstride Automatics Advertisement</em>",2,,4,
549896,Primordial Ritual,Primordial Ritual,https://tcgplayer-cdn.tcgplayer.com/product/549896_200w.jpg,74,23456,https://cpt.tcgcsv.com/XZp6,2024-05-17T04:03:26.67,1,0.84,1.85,5.0,1.14,,Normal,Rare,128,"As an additional cost to activate this card, sacrifice an ally.<br>
Target player puts the top two cards of their deck into their graveyard.<br>
Floating Memory",Action,Cleric;Skill,Water,Cleric,,,,,,,2,Fast
549896,Primordial Ritual,Primordial Ritual,https://tcgplayer-cdn.tcgplayer.com/product/549896_200w.jpg,74,23456,https://cpt.tcgcsv.com/XZp6,2024-05-17T04:03:26.67,1,23.99,26.5,29.21,20.22,,Foil,Rare,128,"As an additional cost to activate this card, sacrifice an ally.<br>
Target player puts the top two cards of their deck into their graveyard.<br>
Floating Memory",Action,Cleric;Skill,Water,Cleric,,,,,,,2,Fast
549897,Purified Shot,Purified Shot,https://tcgplayer-cdn.tcgplayer.com/product/549897_200w.jpg,74,23456,https://cpt.tcgcsv.com/ZZp6,2024-05-17T04:03:26.67,1,0.05,0.17,1.32,0.08,,Normal,Common,129,"[REST]: Load Purified Shot into target unloaded Gun weapon you control.<br>
[Class Bonus] On Champion Hit: Banish up to X cards from that opponent’s graveyard, where X is the amount of damage dealt by this hit.",Item,Ranger;Bullet,Water,Ranger,,,,,1,,2,
549897,Purified Shot,Purified Shot,https://tcgplayer-cdn.tcgplayer.com/product/549897_200w.jpg,74,23456,https://cpt.tcgcsv.com/ZZp6,2024-05-17T04:03:26.67,1,0.63,1.04,3.13,1.34,,Foil,Common,129,"[REST]: Load Purified Shot into target unloaded Gun weapon you control.<br>
[Class Bonus] On Champion Hit: Banish up to X cards from that opponent’s graveyard, where X is the amount of damage dealt by this hit.",Item,Ranger;Bullet,Water,Ranger,,,,,1,,2,
549898,Ravishing Finale,Ravishing Finale,https://tcgplayer-cdn.tcgplayer.com/product/549898_200w.jpg,74,23456,https://cpt.tcgcsv.com/-Zp6,2024-05-17T04:03:26.67,1,2.86,9.8,19.99,9.26,,Normal,Super Rare,130,"As an additional cost to activate this card, banish two cards with floating memory from your graveyard.<br>
[Nico Bonus] On Champion Hit: For each damage counter on the hit champion, their controller puts the top two cards from their deck into their graveyard.",Attack,Guardian;Lash,Water,Guardian,,,,,6,,3,
549898,Ravishing Finale,Ravishing Finale,https://tcgplayer-cdn.tcgplayer.com/product/549898_200w.jpg,74,23456,https://cpt.tcgcsv.com/-Zp6,2024-05-17T04:03:26.67,1,22.99,22.99,27.0,27.56,,Foil,Super Rare,130,"As an additional cost to activate this card, banish two cards with floating memory from your graveyard.<br>
[Nico Bonus] On Champion Hit: For each damage counter on the hit champion, their controller puts the top two cards from their deck into their graveyard.",Attack,Guardian;Lash,Water,Guardian,,,,,6,,3,
549899,Ravishing Finale (CSR),Ravishing Finale CSR,https://tcgplayer-cdn.tcgplayer.com/product/549899_200w.jpg,74,23456,https://cpt.tcgcsv.com/_Zp6,2024-05-17T04:03:26.67,1,449.99,464.99,479.99,448.97,,Normal,Collector Super Rare,130,"As an additional cost to activate this card, banish two cards with floating memory from your graveyard.<br>
[Nico Bonus] On Champion Hit: For each damage counter on the hit champion, their controller puts the top two cards from their deck into their graveyard.",Attack,Guardian;Lash,Water,Guardian,,,,,6,,3,
549900,Seaside Ringleader,Seaside Ringleader,https://tcgplayer-cdn.tcgplayer.com/product/549900_200w.jpg,74,23456,https://cpt.tcgcsv.com/0-p6,2024-05-17T04:03:26.67,1,5.55,14.38,29.99,11.83,,Normal,Super Rare,131,"[Class Bonus] [Element Bonus] (2), Banish Seaside Ringleader from your graveyard: Draw a card into your memory. Until end of turn, Animal and Beast ally cards you activate this turn enter the field with an additional buff counter on them.",Ally,Tamer;Human,Water,Tamer,,,,,2,,3,
549900,Seaside Ringleader,Seaside Ringleader,https://tcgplayer-cdn.tcgplayer.com/product/549900_200w.jpg,74,23456,https://cpt.tcgcsv.com/0-p6,2024-05-17T04:03:26.67,1,34.99,45.88,79.99,48.61,,Foil,Super Rare,131,"[Class Bonus] [Element Bonus] (2), Banish Seaside Ringleader from your graveyard: Draw a card into your memory. Until end of turn, Animal and Beast ally cards you activate this turn enter the field with an additional buff counter on them.",Ally,Tamer;Human,Water,Tamer,,,,,2,,3,
549901,Water Herbs,Water Herbs,https://tcgplayer-cdn.tcgplayer.com/product/549901_200w.jpg,74,23456,https://cpt.tcgcsv.com/2-p6,2024-05-17T04:03:26.67,1,0.97,1.99,5.0,3.36,,Foil,Common,132,"Target player puts the top two cards of your deck into their graveyard. [Class Bonus] Gather. <em>(To gather, summon a Blightroot, Manaroot, Silvershine, Fraysia, Razorvine, or Springleaf token, chosen at random.)</em>",Action,Cleric;Skill,Water,Cleric,,,,,,,2,Fast
549901,Water Herbs,Water Herbs,https://tcgplayer-cdn.tcgplayer.com/product/549901_200w.jpg,74,23456,https://cpt.tcgcsv.com/2-p6,2024-05-17T04:03:26.67,1,0.07,0.18,1.36,0.1,,Normal,Common,132,"Target player puts the top two cards of your deck into their graveyard. [Class Bonus] Gather. <em>(To gather, summon a Blightroot, Manaroot, Silvershine, Fraysia, Razorvine, or Springleaf token, chosen at random.)</em>",Action,Cleric;Skill,Water,Cleric,,,,,,,2,Fast
549902,Waterveil Apostle,Waterveil Apostle,https://tcgplayer-cdn.tcgplayer.com/product/549902_200w.jpg,74,23456,https://cpt.tcgcsv.com/3-p6,2024-05-17T04:03:26.67,1,0.98,1.0,4.88,1.2,,Foil,Common,133,"[Class Bonus] [Memory 4+] At the beginning of your recollection phase, gather. <em>(Apply this effect only if your champion’s class matches this card’s class and only if there are four or more cards in your memory.)</em>",Ally,Cleric;Human,Water,Cleric,,,,<em>A torrent of flora with every thought.</em>,1,,3,
549902,Waterveil Apostle,Waterveil Apostle,https://tcgplayer-cdn.tcgplayer.com/product/549902_200w.jpg,74,23456,https://cpt.tcgcsv.com/3-p6,2024-05-17T04:03:26.67,1,0.07,0.15,1.35,0.12,,Normal,Common,133,"[Class Bonus] [Memory 4+] At the beginning of your recollection phase, gather. <em>(Apply this effect only if your champion’s class matches this card’s class and only if there are four or more cards in your memory.)</em>",Ally,Cleric;Human,Water,Cleric,,,,<em>A torrent of flora with every thought.</em>,1,,3,
549903,"Andronika, Eternal Herald",Andronika Eternal Herald,https://tcgplayer-cdn.tcgplayer.com/product/549903_200w.jpg,74,23456,https://cpt.tcgcsv.com/5-p6,2024-05-17T04:03:26.67,1,19.0,23.07,69.0,20.99,,Foil,Super Rare,134,"Imbue 3<br>
As long as Andronika is imbued, Andronika gets +1 power and +1 life, and has vigor.<br>
[Class Bonus] On Enter: Put a buff counter on up to two Automaton allies you control.",Ally,Warrior;Automaton,Wind,Warrior,,,,,1,,3,
549903,"Andronika, Eternal Herald",Andronika Eternal Herald,https://tcgplayer-cdn.tcgplayer.com/product/549903_200w.jpg,74,23456,https://cpt.tcgcsv.com/5-p6,2024-05-17T04:03:26.67,1,1.99,8.0,24.7,7.79,,Normal,Super Rare,134,"Imbue 3<br>
As long as Andronika is imbued, Andronika gets +1 power and +1 life, and has vigor.<br>
[Class Bonus] On Enter: Put a buff counter on up to two Automaton allies you control.",Ally,Warrior;Automaton,Wind,Warrior,,,,,1,,3,
549904,"Andronika, Eternal Herald (CSR)",Andronika Eternal Herald CSR,https://tcgplayer-cdn.tcgplayer.com/product/549904_200w.jpg,74,23456,https://cpt.tcgcsv.com/6-p6,2024-05-17T04:03:26.67,1,399.99,399.99,399.99,200.0,,Foil,Collector Super Rare,134,"Imbue 3<br>
As long as Andronika is imbued, Andronika gets +1 power and +1 life, and has vigor.<br>
[Class Bonus] On Enter: Put a buff counter on up to two Automaton allies you control.",Ally,Warrior;Automaton,Wind,Warrior,,,,,1,,3,
549905,Blessed Clergy,Blessed Clergy,https://tcgplayer-cdn.tcgplayer.com/product/549905_200w.jpg,74,23456,https://cpt.tcgcsv.com/7-p6,2024-05-17T04:03:26.67,1,0.14,0.25,1.46,0.31,,Normal,Rare,135,"Imbue 2 <em>(You may reserve all cards revealed as you activate this card. If at least two of them are wind element, this card becomes imbued.)</em><br>
[Class Bonus] On Enter: If Blessed Clergy is imbued, target player can’t play more than two cards during their next turn.",Ally,Cleric;Human,Wind,Cleric,,,,,1,,2,
549905,Blessed Clergy,Blessed Clergy,https://tcgplayer-cdn.tcgplayer.com/product/549905_200w.jpg,74,23456,https://cpt.tcgcsv.com/7-p6,2024-05-17T04:03:26.67,1,4.99,5.75,5.99,5.49,,Foil,Rare,135,"Imbue 2 <em>(You may reserve all cards revealed as you activate this card. If at least two of them are wind element, this card becomes imbued.)</em><br>
[Class Bonus] On Enter: If Blessed Clergy is imbued, target player can’t play more than two cards during their next turn.",Ally,Cleric;Human,Wind,Cleric,,,,,1,,2,
549906,Cell Generator,Cell Generator,https://tcgplayer-cdn.tcgplayer.com/product/549906_200w.jpg,74,23456,https://cpt.tcgcsv.com/8-p6,2024-05-17T04:03:26.67,1,0.98,0.99,5.26,1.96,,Foil,Uncommon,136,"Foster <em>(At the beginning of your recollection phase, if this ally hasn’t been dealt damage since the end of your previous turn, it becomes fostered.)</em> [Class Bonus] On Foster: Summon two Powercell tokens rested.",Ally,Guardian;Automaton,Wind,Guardian,,,,,1,,3,
549906,Cell Generator,Cell Generator,https://tcgplayer-cdn.tcgplayer.com/product/549906_200w.jpg,74,23456,https://cpt.tcgcsv.com/8-p6,2024-05-17T04:03:26.67,1,0.1,0.2,1.37,0.18,,Normal,Uncommon,136,"Foster <em>(At the beginning of your recollection phase, if this ally hasn’t been dealt damage since the end of your previous turn, it becomes fostered.)</em> [Class Bonus] On Foster: Summon two Powercell tokens rested.",Ally,Guardian;Automaton,Wind,Guardian,,,,,1,,3,
549907,Cell Vanguard,Cell Vanguard,https://tcgplayer-cdn.tcgplayer.com/product/549907_200w.jpg,74,23456,https://cpt.tcgcsv.com/9-p6,2024-05-17T04:03:26.67,1,0.05,0.18,1.32,0.12,,Normal,Common,137,"[Class Bonus] On Enter: Summon a Powercell token rested.<br>
[Class Bonus] Floating Memory <em>(While paying for a memory cost, you may banish this card from your graveyard to pay for 1 of that cost.)</em>",Ally,Warrior;Automaton,Wind,Warrior,,,,,1,,2,
549907,Cell Vanguard,Cell Vanguard,https://tcgplayer-cdn.tcgplayer.com/product/549907_200w.jpg,74,23456,https://cpt.tcgcsv.com/9-p6,2024-05-17T04:03:26.67,1,0.49,1.0,7.99,0.99,,Foil,Common,137,"[Class Bonus] On Enter: Summon a Powercell token rested.<br>
[Class Bonus] Floating Memory <em>(While paying for a memory cost, you may banish this card from your graveyard to pay for 1 of that cost.)</em>",Ally,Warrior;Automaton,Wind,Warrior,,,,,1,,2,
549908,Charged Assailant,Charged Assailant,https://tcgplayer-cdn.tcgplayer.com/product/549908_200w.jpg,74,23456,https://cpt.tcgcsv.com/b-p6,2024-05-17T04:03:26.67,1,0.39,1.0,5.31,1.36,,Foil,Common,138,"[Class Bonus] On Enter: If you control a Powercell, you gain agility 3 for this turn. <em>(Agility 3 — Return three cards from your memory to your hand at the beginning of the end phase.)</em>",Ally,Assassin;Automaton,Wind,Assassin,,,,<em>Optimized for speed and agility.</em>,2,,3,
549908,Charged Assailant,Charged Assailant,https://tcgplayer-cdn.tcgplayer.com/product/549908_200w.jpg,74,23456,https://cpt.tcgcsv.com/b-p6,2024-05-17T04:03:26.67,1,0.07,0.18,1.36,0.11,,Normal,Common,138,"[Class Bonus] On Enter: If you control a Powercell, you gain agility 3 for this turn. <em>(Agility 3 — Return three cards from your memory to your hand at the beginning of the end phase.)</em>",Ally,Assassin;Automaton,Wind,Assassin,,,,<em>Optimized for speed and agility.</em>,2,,3,
549909,Cleansing Reunion,Cleansing Reunion,https://tcgplayer-cdn.tcgplayer.com/product/549909_200w.jpg,74,23456,https://cpt.tcgcsv.com/c-p6,2024-05-17T04:03:26.67,1,0.18,0.44,1.82,0.44,,Normal,Rare,139,"Imbue 2 <em>(You may reserve all cards revealed as you activate this card. If at least two of them are wind element, this card becomes imbued.)</em><br>
Target player banishes three cards from their graveyard. If Cleansing Reunion is imbued, that player banishes six cards from their graveyard instead.",Action,Cleric;Skill,Wind,Cleric,,,,,,,2,Fast
549909,Cleansing Reunion,Cleansing Reunion,https://tcgplayer-cdn.tcgplayer.com/product/549909_200w.jpg,74,23456,https://cpt.tcgcsv.com/c-p6,2024-05-17T04:03:26.67,1,7.9,9.95,18.99,5.3,,Foil,Rare,139,"Imbue 2 <em>(You may reserve all cards revealed as you activate this card. If at least two of them are wind element, this card becomes imbued.)</em><br>
Target player banishes three cards from their graveyard. If Cleansing Reunion is imbued, that player banishes six cards from their graveyard instead.",Action,Cleric;Skill,Wind,Cleric,,,,,,,2,Fast
549910,Concealed Marksman,Concealed Marksman,https://tcgplayer-cdn.tcgplayer.com/product/549910_200w.jpg,74,23456,https://cpt.tcgcsv.com/d-p6,2024-05-17T04:03:26.67,1,0.49,1.37,4.99,1.37,,Foil,Common,140,"[Class Bonus] True Sight <em>(This ally can attack units with stealth.)</em><br>
Ranged 4 <em>(As long as this unit is distant, its attacks get +4 power.)</em>",Ally,Ranger;Human,Wind,Ranger,,,,<em>Keen eyes spot prey from the perfect vantage.</em>,1,,3,
549910,Concealed Marksman,Concealed Marksman,https://tcgplayer-cdn.tcgplayer.com/product/549910_200w.jpg,74,23456,https://cpt.tcgcsv.com/d-p6,2024-05-17T04:03:26.67,1,0.05,0.17,1.32,0.1,,Normal,Common,140,"[Class Bonus] True Sight <em>(This ally can attack units with stealth.)</em><br>
Ranged 4 <em>(As long as this unit is distant, its attacks get +4 power.)</em>",Ally,Ranger;Human,Wind,Ranger,,,,<em>Keen eyes spot prey from the perfect vantage.</em>,1,,3,
549911,Cultivate,Cultivate,https://tcgplayer-cdn.tcgplayer.com/product/549911_200w.jpg,74,23456,https://cpt.tcgcsv.com/f-p6,2024-05-17T04:03:26.67,1,0.05,0.17,1.32,0.1,,Normal,Common,141,"Imbue 1 <em>(You may reserve all cards revealed as you activate this card. If at least one of them is wind element, this card becomes imbued.)</em><br>
For every three Herb items you control, gather. Then if Cultivate is imbued, gather an additional time.",Action,Cleric;Skill,Wind,Cleric,,,,,,,2,Fast
549911,Cultivate,Cultivate,https://tcgplayer-cdn.tcgplayer.com/product/549911_200w.jpg,74,23456,https://cpt.tcgcsv.com/f-p6,2024-05-17T04:03:26.67,1,0.68,1.03,2.95,1.31,,Foil,Common,141,"Imbue 1 <em>(You may reserve all cards revealed as you activate this card. If at least one of them is wind element, this card becomes imbued.)</em><br>
For every three Herb items you control, gather. Then if Cultivate is imbued, gather an additional time.",Action,Cleric;Skill,Wind,Cleric,,,,,,,2,Fast
549912,Diablerie,Diablerie,https://tcgplayer-cdn.tcgplayer.com/product/549912_200w.jpg,74,23456,https://cpt.tcgcsv.com/g-p6,2024-05-17T04:03:26.67,1,6.99,10.49,29.99,9.75,,Foil,Super Rare,142,"The next time a regalia with divine relic would enter the field this turn, it enters the field under your control instead.<br>
[Vanitas Bonus] Floating Memory <em>(Apply this effect only if your champion is Vanitas.)</em>",Action,Cleric;Spell;Reaction,Wind,Cleric,,,,,,,2,Fast
549912,Diablerie,Diablerie,https://tcgplayer-cdn.tcgplayer.com/product/549912_200w.jpg,74,23456,https://cpt.tcgcsv.com/g-p6,2024-05-17T04:03:26.67,1,0.93,3.33,7.99,3.57,,Normal,Super Rare,142,"The next time a regalia with divine relic would enter the field this turn, it enters the field under your control instead.<br>
[Vanitas Bonus] Floating Memory <em>(Apply this effect only if your champion is Vanitas.)</em>",Action,Cleric;Spell;Reaction,Wind,Cleric,,,,,,,2,Fast
549913,Eternal Magistrate,Eternal Magistrate,https://tcgplayer-cdn.tcgplayer.com/product/549913_200w.jpg,74,23456,https://cpt.tcgcsv.com/h-p6,2024-05-17T04:03:26.67,1,7.86,10.52,28.26,10.26,,Normal,Super Rare,143,"Imbue 2 <em>(You may reserve all cards revealed as you activate this card. If at least two of them are wind element, this card becomes imbued.)</em><br>
As long as Eternal Magistrate is imbued, cards can’t leave your opponents’ material decks unless it’s their materialize phase.",Ally,Cleric;Tamer;Automaton,Wind,Cleric;Tamer,,,,,1,,2,
549913,Eternal Magistrate,Eternal Magistrate,https://tcgplayer-cdn.tcgplayer.com/product/549913_200w.jpg,74,23456,https://cpt.tcgcsv.com/h-p6,2024-05-17T04:03:26.67,1,24.95,29.99,44.01,31.98,,Foil,Super Rare,143,"Imbue 2 <em>(You may reserve all cards revealed as you activate this card. If at least two of them are wind element, this card becomes imbued.)</em><br>
As long as Eternal Magistrate is imbued, cards can’t leave your opponents’ material decks unless it’s their materialize phase.",Ally,Cleric;Tamer;Automaton,Wind,Cleric;Tamer,,,,,1,,2,
549914,Favorable Winds,Favorable Winds,https://tcgplayer-cdn.tcgplayer.com/product/549914_200w.jpg,74,23456,https://cpt.tcgcsv.com/j-p6,2024-05-17T04:03:26.67,1,0.07,0.18,1.36,0.14,,Normal,Common,144,"Allies you control get +1 until end of turn.<br>
Floating Memory <em>(While paying for a memory cost, you may banish this card from your graveyard to pay for 1 of that cost.)</em>",Action,Mage;Spell,Wind,Mage,,,,<em>A surge of lifeforce in a desperate time of need.</em>,,,1,Fast
549914,Favorable Winds,Favorable Winds,https://tcgplayer-cdn.tcgplayer.com/product/549914_200w.jpg,74,23456,https://cpt.tcgcsv.com/j-p6,2024-05-17T04:03:26.67,1,0.98,2.8,10.99,2.65,,Foil,Common,144,"Allies you control get +1 until end of turn.<br>
Floating Memory <em>(While paying for a memory cost, you may banish this card from your graveyard to pay for 1 of that cost.)</em>",Action,Mage;Spell,Wind,Mage,,,,<em>A surge of lifeforce in a desperate time of need.</em>,,,1,Fast
549915,Gearstride Academy,Gearstride Academy,https://tcgplayer-cdn.tcgplayer.com/product/549915_200w.jpg,74,23456,https://cpt.tcgcsv.com/k-p6,2024-05-17T04:03:26.67,1,0.1,0.25,1.37,0.18,,Normal,Rare,145,"Wind ally cards you activate have imbue 2.<br>
Wind allies you control have “On Enter: If this ally is imbued, it gets +1 power until end of turn.”<br>
Upkeep — At the beginning of your recollection phase, you may pay (1). If you don’t, sacrifice Gearstride Academy.",Domain,Guardian;Castle,Wind,Guardian,,,,,,,3,
549915,Gearstride Academy,Gearstride Academy,https://tcgplayer-cdn.tcgplayer.com/product/549915_200w.jpg,74,23456,https://cpt.tcgcsv.com/k-p6,2024-05-17T04:03:26.67,1,1.46,2.0,8.22,3.79,,Foil,Rare,145,"Wind ally cards you activate have imbue 2.<br>
Wind allies you control have “On Enter: If this ally is imbued, it gets +1 power until end of turn.”<br>
Upkeep — At the beginning of your recollection phase, you may pay (1). If you don’t, sacrifice Gearstride Academy.",Domain,Guardian;Castle,Wind,Guardian,,,,,,,3,
549916,Liquid Amnesia,Liquid Amnesia,https://tcgplayer-cdn.tcgplayer.com/product/549916_200w.jpg,74,23456,https://cpt.tcgcsv.com/l-p6,2024-05-17T04:03:26.67,1,0.1,0.2,1.37,0.14,,Normal,Uncommon,146,"Brew — One Blightroot<br>
[Class Bonus] At the beginning of your recollection phase, put an age counter on Liquid Amnesia.<br>
Sacrifice Liquid Amnesia: For every three age counters on Liquid Amnesia, banish a card at random from target player’s memory.",Item,Cleric;Potion,Wind,Cleric,,,,,,,2,
549916,Liquid Amnesia,Liquid Amnesia,https://tcgplayer-cdn.tcgplayer.com/product/549916_200w.jpg,74,23456,https://cpt.tcgcsv.com/l-p6,2024-05-17T04:03:26.67,1,0.99,1.5,28.0,1.42,,Foil,Uncommon,146,"Brew — One Blightroot<br>
[Class Bonus] At the beginning of your recollection phase, put an age counter on Liquid Amnesia.<br>
Sacrifice Liquid Amnesia: For every three age counters on Liquid Amnesia, banish a card at random from target player’s memory.",Item,Cleric;Potion,Wind,Cleric,,,,,,,2,
549917,Orchestrated Seizure,Orchestrated Seizure,https://tcgplayer-cdn.tcgplayer.com/product/549917_200w.jpg,74,23456,https://cpt.tcgcsv.com/m-p6,2024-05-17T04:03:26.67,1,0.82,8.5,11.49,,,Foil,Rare,147,"Activate this card only during an opponent’s end phase. During your next materialize phase, you may banish cards with floating memory from your opponents’ graveyards to pay for memory costs.",Action,Cleric;Skill,Wind,Cleric,,,,,,,3,Fast
549917,Orchestrated Seizure,Orchestrated Seizure,https://tcgplayer-cdn.tcgplayer.com/product/549917_200w.jpg,74,23456,https://cpt.tcgcsv.com/m-p6,2024-05-17T04:03:26.67,1,0.1,0.28,2.0,0.33,,Normal,Rare,147,"Activate this card only during an opponent’s end phase. During your next materialize phase, you may banish cards with floating memory from your opponents’ graveyards to pay for memory costs.",Action,Cleric;Skill,Wind,Cleric,,,,,,,3,Fast
549918,Potion Infusion: Growth,Potion Infusion Growth,https://tcgplayer-cdn.tcgplayer.com/product/549918_200w.jpg,74,23456,https://cpt.tcgcsv.com/n-p6,2024-05-17T04:03:26.67,1,0.7,1.09,3.22,1.13,,Foil,Common,148,"Rest target Potion. If you do, put LV age counters on it. <em>(LV refers to your champion’s level.)</em>",Action,Cleric;Spell,Wind,Cleric,,,,"<em>“With similarities to a beaker of consumable ethanol, different decoctions can be enhanced or strengthened by chronological movement!”</em>",,,2,Slow
549918,Potion Infusion: Growth,Potion Infusion Growth,https://tcgplayer-cdn.tcgplayer.com/product/549918_200w.jpg,74,23456,https://cpt.tcgcsv.com/n-p6,2024-05-17T04:03:26.67,1,0.07,0.18,1.36,0.09,,Normal,Common,148,"Rest target Potion. If you do, put LV age counters on it. <em>(LV refers to your champion’s level.)</em>",Action,Cleric;Spell,Wind,Cleric,,,,"<em>“With similarities to a beaker of consumable ethanol, different decoctions can be enhanced or strengthened by chronological movement!”</em>",,,2,Slow
549919,Scout the Land,Scout the Land,https://tcgplayer-cdn.tcgplayer.com/product/549919_200w.jpg,74,23456,https://cpt.tcgcsv.com/p-p6,2024-05-17T04:03:26.67,1,3.55,6.19,9.14,4.48,,Foil,Common,149,Look at the top four cards of your deck and put them back in any order. Draw a card.,Action,Ranger;Skill,Wind,Ranger,,,,"<em>“The politics and kingmaking of empires matter little to me as long as there’s a bounty to be found.”
— Perse, Relentless Raptor</em>",,,2,Fast
549919,Scout the Land,Scout the Land,https://tcgplayer-cdn.tcgplayer.com/product/549919_200w.jpg,74,23456,https://cpt.tcgcsv.com/p-p6,2024-05-17T04:03:26.67,1,0.1,0.25,1.41,0.24,,Normal,Common,149,Look at the top four cards of your deck and put them back in any order. Draw a card.,Action,Ranger;Skill,Wind,Ranger,,,,"<em>“The politics and kingmaking of empires matter little to me as long as there’s a bounty to be found.”
— Perse, Relentless Raptor</em>",,,2,Fast
549920,Shred to Ribbons,Shred to Ribbons,https://tcgplayer-cdn.tcgplayer.com/product/549920_200w.jpg,74,23456,https://cpt.tcgcsv.com/q-p6,2024-05-17T04:03:26.67,1,0.19,0.75,1.99,0.6,,Foil,Common,150,"[Class Bonus] As long as the attacker is attacking an ally with 5 life or more, Shred to Ribbons gets +3 power. <em>(Apply this effect only if your champion’s class matches this card’s class.)</em>",Attack,Guardian;Sword,Wind,Guardian,,,,"<em>The bigger they are, the harder they fall.</em>",2,,3,
549920,Shred to Ribbons,Shred to Ribbons,https://tcgplayer-cdn.tcgplayer.com/product/549920_200w.jpg,74,23456,https://cpt.tcgcsv.com/q-p6,2024-05-17T04:03:26.67,1,0.05,0.15,1.32,0.05,,Normal,Common,150,"[Class Bonus] As long as the attacker is attacking an ally with 5 life or more, Shred to Ribbons gets +3 power. <em>(Apply this effect only if your champion’s class matches this card’s class.)</em>",Attack,Guardian;Sword,Wind,Guardian,,,,"<em>The bigger they are, the harder they fall.</em>",2,,3,
549921,Skirting Step,Skirting Step,https://tcgplayer-cdn.tcgplayer.com/product/549921_200w.jpg,74,23456,https://cpt.tcgcsv.com/r-p6,2024-05-17T04:03:26.67,1,13.75,14.5,17.98,13.75,,Foil,Uncommon,151,"Imbue 2 <em>(You may reserve all cards revealed as you activate this card. If at least two of them are wind element, this card becomes imbued.)</em><br>
Target unit becomes distant. If Skirting Step is imbued, prevent the next 1 damage that would be dealt to that unit this turn and draw a card.",Action,Ranger;Skill,Wind,Ranger,,,,,,,2,Fast
549921,Skirting Step,Skirting Step,https://tcgplayer-cdn.tcgplayer.com/product/549921_200w.jpg,74,23456,https://cpt.tcgcsv.com/r-p6,2024-05-17T04:03:26.67,1,0.15,0.25,1.45,0.25,,Normal,Uncommon,151,"Imbue 2 <em>(You may reserve all cards revealed as you activate this card. If at least two of them are wind element, this card becomes imbued.)</em><br>
Target unit becomes distant. If Skirting Step is imbued, prevent the next 1 damage that would be dealt to that unit this turn and draw a card.",Action,Ranger;Skill,Wind,Ranger,,,,,,,2,Fast
549922,Spirited Falconer,Spirited Falconer,https://tcgplayer-cdn.tcgplayer.com/product/549922_200w.jpg,74,23456,https://cpt.tcgcsv.com/s-p6,2024-05-17T04:03:26.67,1,0.97,1.48,8.5,1.5,,Foil,Uncommon,152,"[Class Bonus] Fast Activation<br>
[Class Bonus] On Enter: Put a buff counter on up to two target Animal and/or Beast allies.",Ally,Tamer;Human,Wind,Tamer,,,,<em>A second wind revitalizes the spirits of both animals and beasts alike.</em>,1,,2,
549922,Spirited Falconer,Spirited Falconer,https://tcgplayer-cdn.tcgplayer.com/product/549922_200w.jpg,74,23456,https://cpt.tcgcsv.com/s-p6,2024-05-17T04:03:26.67,1,0.09,0.2,1.37,0.16,,Normal,Uncommon,152,"[Class Bonus] Fast Activation<br>
[Class Bonus] On Enter: Put a buff counter on up to two target Animal and/or Beast allies.",Ally,Tamer;Human,Wind,Tamer,,,,<em>A second wind revitalizes the spirits of both animals and beasts alike.</em>,1,,2,
549923,Tempest Downfall,Tempest Downfall,https://tcgplayer-cdn.tcgplayer.com/product/549923_200w.jpg,74,23456,https://cpt.tcgcsv.com/t-p6,2024-05-17T04:03:26.67,1,0.15,0.29,1.37,0.29,,Normal,Uncommon,153,"[Class Bonus] This card costs 3 less to activate if an ally has been suppressed this turn.<br>
Deal 3 damage to target unit. If that unit is an ally that entered the field this turn, deal an additional 3 damage to it.",Action,Mage;Spell,Wind,Mage,,,,,,,3,Fast
549923,Tempest Downfall,Tempest Downfall,https://tcgplayer-cdn.tcgplayer.com/product/549923_200w.jpg,74,23456,https://cpt.tcgcsv.com/t-p6,2024-05-17T04:03:26.67,1,18.0,19.5,19.99,12.49,,Foil,Uncommon,153,"[Class Bonus] This card costs 3 less to activate if an ally has been suppressed this turn.<br>
Deal 3 damage to target unit. If that unit is an ally that entered the field this turn, deal an additional 3 damage to it.",Action,Mage;Spell,Wind,Mage,,,,,,,3,Fast
549924,Vainglory Retribution,Vainglory Retribution,https://tcgplayer-cdn.tcgplayer.com/product/549924_200w.jpg,74,23456,https://cpt.tcgcsv.com/v-p6,2024-05-17T04:03:26.67,1,2.49,5.0,19.99,3.12,,Foil,Super Rare,154,"[Vanitas Bonus] [Level 2+] This card costs 2 less to activate.<br>
The next time your champion would take 4 or less combat damage this turn, prevent it. Your champion’s first attack without a weapon during your next turn gets +X power, where X is the amount of damage prevented this way.",Action,Cleric;Spell,Wind,Cleric,,,,,,,4,Fast
549924,Vainglory Retribution,Vainglory Retribution,https://tcgplayer-cdn.tcgplayer.com/product/549924_200w.jpg,74,23456,https://cpt.tcgcsv.com/v-p6,2024-05-17T04:03:26.67,1,0.71,1.0,4.74,1.16,,Normal,Super Rare,154,"[Vanitas Bonus] [Level 2+] This card costs 2 less to activate.<br>
The next time your champion would take 4 or less combat damage this turn, prevent it. Your champion’s first attack without a weapon during your next turn gets +X power, where X is the amount of damage prevented this way.",Action,Cleric;Spell,Wind,Cleric,,,,,,,4,Fast
549925,Vainglory Retribution (CSR),Vainglory Retribution CSR,https://tcgplayer-cdn.tcgplayer.com/product/549925_200w.jpg,74,23456,https://cpt.tcgcsv.com/w-p6,2024-05-17T04:03:26.67,1,135.79,174.99,349.99,,,Foil,Collector Super Rare,154,"[Vanitas Bonus] [Level 2+] This card costs 2 less to activate.<br>
The next time your champion would take 4 or less combat damage this turn, prevent it. Your champion’s first attack without a weapon during your next turn gets +X power, where X is the amount of damage prevented this way.",Action,Cleric;Spell,Wind,Cleric,,,,,,,4,Fast
549926,Verdigris Decree,Verdigris Decree,https://tcgplayer-cdn.tcgplayer.com/product/549926_200w.jpg,74,23456,https://cpt.tcgcsv.com/x-p6,2024-05-17T04:03:26.67,1,29.99,30.0,50.0,31.25,,Foil,Super Rare,155,"Imbue 3<br>
Choose one. If Verdigris Decree is imbued, choose two instead—<br>
• Suppress up to one target ally.<br>
• Up to one target ally gets +2 power until end of turn.<br>
• Destroy up to one target phantasia.",Action,Cleric;Spell,Wind,Cleric,,,,,,,3,Fast
549926,Verdigris Decree,Verdigris Decree,https://tcgplayer-cdn.tcgplayer.com/product/549926_200w.jpg,74,23456,https://cpt.tcgcsv.com/x-p6,2024-05-17T04:03:26.67,1,6.32,14.77,31.5,9.67,,Normal,Super Rare,155,"Imbue 3<br>
Choose one. If Verdigris Decree is imbued, choose two instead—<br>
• Suppress up to one target ally.<br>
• Up to one target ally gets +2 power until end of turn.<br>
• Destroy up to one target phantasia.",Action,Cleric;Spell,Wind,Cleric,,,,,,,3,Fast
549927,Vigilant Sentry,Vigilant Sentry,https://tcgplayer-cdn.tcgplayer.com/product/549927_200w.jpg,74,23456,https://cpt.tcgcsv.com/z-p6,2024-05-17T04:03:26.67,1,0.05,0.18,1.32,0.11,,Normal,Common,156,"[Class Bonus] Taunt <em>(While awake, this unit must be targeted before other units you control during your opponents’ attack declarations if able.)</em>",Ally,Guardian;Human,Wind,Guardian,,,,"<em>With an enforced curfew, Winbless established nightwatch patrols to guard the citizens.</em>",2,,3,
549927,Vigilant Sentry,Vigilant Sentry,https://tcgplayer-cdn.tcgplayer.com/product/549927_200w.jpg,74,23456,https://cpt.tcgcsv.com/z-p6,2024-05-17T04:03:26.67,1,0.5,1.95,4.81,1.29,,Foil,Common,156,"[Class Bonus] Taunt <em>(While awake, this unit must be targeted before other units you control during your opponents’ attack declarations if able.)</em>",Ally,Guardian;Human,Wind,Guardian,,,,"<em>With an enforced curfew, Winbless established nightwatch patrols to guard the citizens.</em>",2,,3,
549928,Winbless Forecaster,Winbless Forecaster,https://tcgplayer-cdn.tcgplayer.com/product/549928_200w.jpg,74,23456,https://cpt.tcgcsv.com/B-p6,2024-05-17T04:03:26.67,1,2.99,3.5,4.9,3.62,,Foil,Rare,157,"If one or more enlighten counters would be put on your champion, that many plus one enlighten counters are put on your champion instead.",Ally,Mage;Human,Wind,Mage,,,,<em>Forecasting the volatility of the swirling tempest above Winbless allowed the Academy to harness the storm’s chaotic potential.</em>,1,,4,
549928,Winbless Forecaster,Winbless Forecaster,https://tcgplayer-cdn.tcgplayer.com/product/549928_200w.jpg,74,23456,https://cpt.tcgcsv.com/B-p6,2024-05-17T04:03:26.67,1,0.1,0.25,1.46,0.22,,Normal,Rare,157,"If one or more enlighten counters would be put on your champion, that many plus one enlighten counters are put on your champion instead.",Ally,Mage;Human,Wind,Mage,,,,<em>Forecasting the volatility of the swirling tempest above Winbless allowed the Academy to harness the storm’s chaotic potential.</em>,1,,4,
549929,Winbless Hurricane Farm,Winbless Hurricane Farm,https://tcgplayer-cdn.tcgplayer.com/product/549929_200w.jpg,74,23456,https://cpt.tcgcsv.com/C-p6,2024-05-17T04:03:26.67,1,0.11,0.2,1.37,0.19,,Normal,Uncommon,158,"At the beginning of your recollection phase, you may reveal three wind element cards from your memory. If you do, summon a Powercell token.",Domain,Guardian;Farm,Wind,Guardian,,,,"<em>“Gearstride Automatics is a proud innovator of renewable and clean hurricane energy consumption!”
— Gearstride Automatics Advertisement</em>",,,4,
549929,Winbless Hurricane Farm,Winbless Hurricane Farm,https://tcgplayer-cdn.tcgplayer.com/product/549929_200w.jpg,74,23456,https://cpt.tcgcsv.com/C-p6,2024-05-17T04:03:26.67,1,0.49,0.99,7.99,0.99,,Foil,Uncommon,158,"At the beginning of your recollection phase, you may reveal three wind element cards from your memory. If you do, summon a Powercell token.",Domain,Guardian;Farm,Wind,Guardian,,,,"<em>“Gearstride Automatics is a proud innovator of renewable and clean hurricane energy consumption!”
— Gearstride Automatics Advertisement</em>",,,4,
549930,Winbless Rangefinder,Winbless Rangefinder,https://tcgplayer-cdn.tcgplayer.com/product/549930_200w.jpg,74,23456,https://cpt.tcgcsv.com/D-p6,2024-05-17T04:03:26.67,1,0.12,0.2,1.46,0.18,,Normal,Uncommon,159,"On Enter: Another target unit you control becomes distant. If that unit is an Automaton ally, put a buff counter on it.<br>
[Class Bonus] Floating Memory <em>(While paying for a memory cost, you may banish this card from your graveyard to pay for 1 of that cost.)</em>",Ally,Ranger;Automaton,Wind,Ranger,,,,,1,,2,
549930,Winbless Rangefinder,Winbless Rangefinder,https://tcgplayer-cdn.tcgplayer.com/product/549930_200w.jpg,74,23456,https://cpt.tcgcsv.com/D-p6,2024-05-17T04:03:26.67,1,3.95,4.76,8.99,,,Foil,Uncommon,159,"On Enter: Another target unit you control becomes distant. If that unit is an Automaton ally, put a buff counter on it.<br>
[Class Bonus] Floating Memory <em>(While paying for a memory cost, you may banish this card from your graveyard to pay for 1 of that cost.)</em>",Ally,Ranger;Automaton,Wind,Ranger,,,,,1,,2,
549931,Windmill Engineer,Windmill Engineer,https://tcgplayer-cdn.tcgplayer.com/product/549931_200w.jpg,74,23456,https://cpt.tcgcsv.com/F-p6,2024-05-17T04:03:26.67,1,1.29,2.35,5.0,1.72,,Normal,Uncommon,160,"Imbue 2 <em>(You may reserve all cards revealed as you activate this card. If at least two of them are wind element, this card becomes imbued.)</em><br>
On Enter: If Windmill Engineer is imbued, draw a card into your memory.",Ally,Ranger;Human,Wind,Ranger,,,,,1,,2,
549931,Windmill Engineer,Windmill Engineer,https://tcgplayer-cdn.tcgplayer.com/product/549931_200w.jpg,74,23456,https://cpt.tcgcsv.com/F-p6,2024-05-17T04:03:26.67,1,29.99,32.95,33.98,21.35,,Foil,Uncommon,160,"Imbue 2 <em>(You may reserve all cards revealed as you activate this card. If at least two of them are wind element, this card becomes imbued.)</em><br>
On Enter: If Windmill Engineer is imbued, draw a card into your memory.",Ally,Ranger;Human,Wind,Ranger,,,,,1,,2,
549932,Astromech Attendant,Astromech Attendant,https://tcgplayer-cdn.tcgplayer.com/product/549932_200w.jpg,74,23456,https://cpt.tcgcsv.com/G-p6,2024-05-17T04:03:26.67,1,0.92,1.68,13.0,2.61,,Normal,Super Rare,161,"[Class Bonus] On Enter: Gather three times.<br>
Whenever you brew a Potion, draw a card into your memory.",Ally,Cleric;Automaton,Astra,Cleric,,,,"<em>Some automata, with guided stimuli, can visualize patterns and formulae beyond human understanding.</em>",2,,2,
549932,Astromech Attendant,Astromech Attendant,https://tcgplayer-cdn.tcgplayer.com/product/549932_200w.jpg,74,23456,https://cpt.tcgcsv.com/G-p6,2024-05-17T04:03:26.67,1,7.99,8.99,31.99,8.99,,Foil,Super Rare,161,"[Class Bonus] On Enter: Gather three times.<br>
Whenever you brew a Potion, draw a card into your memory.",Ally,Cleric;Automaton,Astra,Cleric,,,,"<em>Some automata, with guided stimuli, can visualize patterns and formulae beyond human understanding.</em>",2,,2,
549933,Foretold Bloom,Foretold Bloom,https://tcgplayer-cdn.tcgplayer.com/product/549933_200w.jpg,74,23456,https://cpt.tcgcsv.com/H-p6,2024-05-17T04:03:26.67,1,8.0,13.0,16.0,,,Foil,Super Rare,162,"Until end of turn, Herbs you control gain “On Sacrifice: Glimpse 2.”",Action,Cleric;Spell,Astra,Cleric,,,,"<em>Under the Tearlight Cascade, Silvershine fields bloom iridescent and translucent, reflecting the absorbed starlight and beckoning towards an illuminating fate.</em>",,,2,Slow
549933,Foretold Bloom,Foretold Bloom,https://tcgplayer-cdn.tcgplayer.com/product/549933_200w.jpg,74,23456,https://cpt.tcgcsv.com/H-p6,2024-05-17T04:03:26.67,1,0.1,0.76,8.0,0.83,,Normal,Super Rare,162,"Until end of turn, Herbs you control gain “On Sacrifice: Glimpse 2.”",Action,Cleric;Spell,Astra,Cleric,,,,"<em>Under the Tearlight Cascade, Silvershine fields bloom iridescent and translucent, reflecting the absorbed starlight and beckoning towards an illuminating fate.</em>",,,2,Slow
549934,Lunar Seer,Lunar Seer,https://tcgplayer-cdn.tcgplayer.com/product/549934_200w.jpg,74,23456,https://cpt.tcgcsv.com/J-p6,2024-05-17T04:03:26.67,1,5.99,7.05,33.71,8.5,,Foil,Uncommon,163,"Starcalling — (1) <em>(As you’re looking at this card while glimpsing, you may activate it by paying this cost. If you do, put all other cards you’re looking at on the bottom of your deck in any order.)</em><br>
[Class Bonus] [REST]: Glimpse 2.",Ally,Cleric;Human,Astra,Cleric,,,,,1,,2,
549934,Lunar Seer,Lunar Seer,https://tcgplayer-cdn.tcgplayer.com/product/549934_200w.jpg,74,23456,https://cpt.tcgcsv.com/J-p6,2024-05-17T04:03:26.67,1,0.15,0.28,1.42,0.28,,Normal,Uncommon,163,"Starcalling — (1) <em>(As you’re looking at this card while glimpsing, you may activate it by paying this cost. If you do, put all other cards you’re looking at on the bottom of your deck in any order.)</em><br>
[Class Bonus] [REST]: Glimpse 2.",Ally,Cleric;Human,Astra,Cleric,,,,,1,,2,
549935,Meteor Strike,Meteor Strike,https://tcgplayer-cdn.tcgplayer.com/product/549935_200w.jpg,74,23456,https://cpt.tcgcsv.com/K-p6,2024-05-17T04:03:26.67,1,12.86,15.34,27.53,17.83,,Foil,Super Rare,164,"Starcalling — (3) As long as Meteor Strike is being starcalled, it has “Deal 3 damage to all units except for your champion.” Otherwise, it has “Destroy target non-champion object.”",Action,Cleric;Spell,Astra,Cleric,,,,,,,3,Slow
549935,Meteor Strike,Meteor Strike,https://tcgplayer-cdn.tcgplayer.com/product/549935_200w.jpg,74,23456,https://cpt.tcgcsv.com/K-p6,2024-05-17T04:03:26.67,1,0.84,4.19,9.0,5.47,,Normal,Super Rare,164,"Starcalling — (3) As long as Meteor Strike is being starcalled, it has “Deal 3 damage to all units except for your champion.” Otherwise, it has “Destroy target non-champion object.”",Action,Cleric;Spell,Astra,Cleric,,,,,,,3,Slow
549936,Prima Materia,Prima Materia,https://tcgplayer-cdn.tcgplayer.com/product/549936_200w.jpg,74,23456,https://cpt.tcgcsv.com/L-p6,2024-05-17T04:03:26.67,1,49.99,64.98,79.99,34.33,,Foil,Ultra Rare,165,"[Arisanna Bonus] Brew — Four Herbs with different names<br>
[REST]: Draw a card into your memory. If Prima Materia was brewed, the next time an astra element source you control would deal damage to one or more units this turn, it deals that much damage plus 3 to those units instead.",Item,Cleric;Artifact,Astra,Cleric,,,,,,,4,
549936,Prima Materia,Prima Materia,https://tcgplayer-cdn.tcgplayer.com/product/549936_200w.jpg,74,23456,https://cpt.tcgcsv.com/L-p6,2024-05-17T04:03:26.67,1,10.99,14.36,20.0,16.49,,Normal,Ultra Rare,165,"[Arisanna Bonus] Brew — Four Herbs with different names<br>
[REST]: Draw a card into your memory. If Prima Materia was brewed, the next time an astra element source you control would deal damage to one or more units this turn, it deals that much damage plus 3 to those units instead.",Item,Cleric;Artifact,Astra,Cleric,,,,,,,4,
549937,Prima Materia (CSR),Prima Materia CSR,https://tcgplayer-cdn.tcgplayer.com/product/549937_200w.jpg,74,23456,https://cpt.tcgcsv.com/M-p6,2024-05-17T04:03:26.67,1,300.0,400.0,499.99,299.99,,Foil,Collector Super Rare,165,"[Arisanna Bonus] Brew — Four Herbs with different names<br>
[REST]: Draw a card into your memory. If Prima Materia was brewed, the next time an astra element source you control would deal damage to one or more units this turn, it deals that much damage plus 3 to those units instead.",Item,Cleric;Artifact,Astra,Cleric,,,,,,,4,
549938,Reflect the Skies,Reflect the Skies,https://tcgplayer-cdn.tcgplayer.com/product/549938_200w.jpg,74,23456,https://cpt.tcgcsv.com/N-p6,2024-05-17T04:03:26.67,1,1.46,1.99,14.34,1.88,,Foil,Uncommon,166,[Class Bonus] This card costs 1 less to activate. Put the bottom four cards of your deck on top of your deck in a random order. Glimpse 2.,Action,Cleric;Skill,Astra,Cleric,,,,<em>Look down and past your reflection. See the skies spread out before you. Peer into the cosmos anew.</em>,,,3,Slow
549938,Reflect the Skies,Reflect the Skies,https://tcgplayer-cdn.tcgplayer.com/product/549938_200w.jpg,74,23456,https://cpt.tcgcsv.com/N-p6,2024-05-17T04:03:26.67,1,0.08,0.2,1.37,0.13,,Normal,Uncommon,166,[Class Bonus] This card costs 1 less to activate. Put the bottom four cards of your deck on top of your deck in a random order. Glimpse 2.,Action,Cleric;Skill,Astra,Cleric,,,,<em>Look down and past your reflection. See the skies spread out before you. Peer into the cosmos anew.</em>,,,3,Slow
549939,Refracted Twilight,Refracted Twilight,https://tcgplayer-cdn.tcgplayer.com/product/549939_200w.jpg,74,23456,https://cpt.tcgcsv.com/P-p6,2024-05-17T04:03:26.67,1,0.08,0.19,1.37,0.15,,Normal,Uncommon,167,"Brew — Two Silvershine, Three Herbs<br>
Banish Refracted Twilight: The next time you activate an ability of target Potion this turn, copy that ability twice. You may choose new targets for those copies.",Item,Cleric;Potion,Astra,Cleric,,,,,,,6,
549939,Refracted Twilight,Refracted Twilight,https://tcgplayer-cdn.tcgplayer.com/product/549939_200w.jpg,74,23456,https://cpt.tcgcsv.com/P-p6,2024-05-17T04:03:26.67,1,1.25,2.99,14.99,3.39,,Foil,Uncommon,167,"Brew — Two Silvershine, Three Herbs<br>
Banish Refracted Twilight: The next time you activate an ability of target Potion this turn, copy that ability twice. You may choose new targets for those copies.",Item,Cleric;Potion,Astra,Cleric,,,,,,,6,
549940,Stargazer's Portent,Stargazers Portent,https://tcgplayer-cdn.tcgplayer.com/product/549940_200w.jpg,74,23456,https://cpt.tcgcsv.com/Q-p6,2024-05-17T04:03:26.67,1,0.67,1.92,9.99,1.72,,Foil,Uncommon,168,"[Class Bonus] This card costs 1 less to activate.<br>
The next time you starcall a card this turn, copy that activation. You may choose new targets for the copy.",Action,Cleric;Skill,Astra,Cleric,,,,<em>A stellar comet shines twice as bright.</em>,,,4,Fast
549940,Stargazer's Portent,Stargazers Portent,https://tcgplayer-cdn.tcgplayer.com/product/549940_200w.jpg,74,23456,https://cpt.tcgcsv.com/Q-p6,2024-05-17T04:03:26.67,1,0.08,0.2,1.37,0.13,,Normal,Uncommon,168,"[Class Bonus] This card costs 1 less to activate.<br>
The next time you starcall a card this turn, copy that activation. You may choose new targets for the copy.",Action,Cleric;Skill,Astra,Cleric,,,,<em>A stellar comet shines twice as bright.</em>,,,4,Fast
549941,Twilight Slime,Twilight Slime,https://tcgplayer-cdn.tcgplayer.com/product/549941_200w.jpg,74,23456,https://cpt.tcgcsv.com/R-p6,2024-05-17T04:03:26.67,1,0.94,2.74,10.0,2.74,,Normal,Super Rare,169,"Pride 3<br>
[Class Bonus] Your champion and other slimes you control have spellshroud. <em>(Units with spellshroud can’t be targeted by Spells.)</em>",Ally,Tamer;Beast;Slime,Astra,Tamer,,,,"<em>Cloaked under moonlight, shrouded by twilight.</em>",1,,3,
549941,Twilight Slime,Twilight Slime,https://tcgplayer-cdn.tcgplayer.com/product/549941_200w.jpg,74,23456,https://cpt.tcgcsv.com/R-p6,2024-05-17T04:03:26.67,1,9.99,12.99,44.7,14.67,,Foil,Super Rare,169,"Pride 3<br>
[Class Bonus] Your champion and other slimes you control have spellshroud. <em>(Units with spellshroud can’t be targeted by Spells.)</em>",Ally,Tamer;Beast;Slime,Astra,Tamer,,,,"<em>Cloaked under moonlight, shrouded by twilight.</em>",1,,3,
549942,Atmos Armor Type-Ares,Atmos Armor Type Ares,https://tcgplayer-cdn.tcgplayer.com/product/549942_200w.jpg,74,23456,https://cpt.tcgcsv.com/S-p6,2024-05-17T04:03:26.67,1,36.99,43.5,44.98,39.99,,Foil,Ultra Rare,170,"On Enter: Summon two Atmos Shield tokens.<br>
[Class Bonus] Atmos Armor Type-Ares gets +1 power for each ally named Atmos Shield you control.",Ally,Guardian;Automaton,Neos,Guardian,,,,<em>A gilded masterpiece to execute and enforce the golden commands of the Aurous Kaiser herself.</em>,1,,3,
549942,Atmos Armor Type-Ares,Atmos Armor Type Ares,https://tcgplayer-cdn.tcgplayer.com/product/549942_200w.jpg,74,23456,https://cpt.tcgcsv.com/S-p6,2024-05-17T04:03:26.67,1,7.99,9.08,18.99,9.11,,Normal,Ultra Rare,170,"On Enter: Summon two Atmos Shield tokens.<br>
[Class Bonus] Atmos Armor Type-Ares gets +1 power for each ally named Atmos Shield you control.",Ally,Guardian;Automaton,Neos,Guardian,,,,<em>A gilded masterpiece to execute and enforce the golden commands of the Aurous Kaiser herself.</em>,1,,3,
549943,Atmos Armor Type-Ares (CSR),Atmos Armor Type Ares CSR,https://tcgplayer-cdn.tcgplayer.com/product/549943_200w.jpg,74,23456,https://cpt.tcgcsv.com/T-p6,2024-05-17T04:03:26.67,1,,,,,,,Collector Super Rare,170,"On Enter: Summon two Atmos Shield tokens.<br>
[Class Bonus] Atmos Armor Type-Ares gets +1 power for each ally named Atmos Shield you control.",Ally,Guardian;Automaton,Neos,Guardian,,,,<em>A gilded masterpiece to execute and enforce the golden commands of the Aurous Kaiser herself.</em>,1,,3,
549944,Atmos Shield,Atmos Shield,https://tcgplayer-cdn.tcgplayer.com/product/549944_200w.jpg,74,23456,https://cpt.tcgcsv.com/V-p6,2024-05-17T04:03:26.67,1,2.89,4.11,17.0,4.74,,Foil,Common,171,"[REST]: The next time target neos element unit would take non-combat damage this turn, prevent 2 of that damage.<br>
Whenever another neos element unit you control is targeted for an attack, you may change the target of that attack to this ally.",Token;Ally,Guardian;Automaton,Neos,Guardian,,,,,0,,1,
549944,Atmos Shield,Atmos Shield,https://tcgplayer-cdn.tcgplayer.com/product/549944_200w.jpg,74,23456,https://cpt.tcgcsv.com/V-p6,2024-05-17T04:03:26.67,1,0.14,0.2,1.32,0.18,,Normal,Common,171,"[REST]: The next time target neos element unit would take non-combat damage this turn, prevent 2 of that damage.<br>
Whenever another neos element unit you control is targeted for an attack, you may change the target of that attack to this ally.",Token;Ally,Guardian;Automaton,Neos,Guardian,,,,,0,,1,
549945,Blade of Creation,Blade of Creation,https://tcgplayer-cdn.tcgplayer.com/product/549945_200w.jpg,74,23456,https://cpt.tcgcsv.com/W-p6,2024-05-17T04:03:26.67,1,0.15,0.3,1.93,0.22,,Normal,Rare,172,"[Class Bonus] This card costs 1 less to activate for each token you control.<br>
Cleave <em>(Attack all units a chosen opponent controls. This attack can’t be intercepted.)</em>",Attack,Guardian;Warrior;Sword,Neos,Guardian;Warrior,,,,,4,,7,
549945,Blade of Creation,Blade of Creation,https://tcgplayer-cdn.tcgplayer.com/product/549945_200w.jpg,74,23456,https://cpt.tcgcsv.com/W-p6,2024-05-17T04:03:26.67,1,6.99,8.23,10.21,8.23,,Foil,Rare,172,"[Class Bonus] This card costs 1 less to activate for each token you control.<br>
Cleave <em>(Attack all units a chosen opponent controls. This attack can’t be intercepted.)</em>",Attack,Guardian;Warrior;Sword,Neos,Guardian;Warrior,,,,,4,,7,
549946,Bolster Ranks,Bolster Ranks,https://tcgplayer-cdn.tcgplayer.com/product/549946_200w.jpg,74,23456,https://cpt.tcgcsv.com/X-p6,2024-05-17T04:03:26.67,1,0.08,0.25,1.8,0.2,,Normal,Rare,173,"[Class Bonus] This card costs 1 less to activate.<br>
Choose one—<br>
• Summon an Automaton Drone token with a buff counter on it. • Put a buff counter on each ally you control.",Action,Guardian;Spell,Neos,Guardian,,,,,,,3,Fast
549946,Bolster Ranks,Bolster Ranks,https://tcgplayer-cdn.tcgplayer.com/product/549946_200w.jpg,74,23456,https://cpt.tcgcsv.com/X-p6,2024-05-17T04:03:26.67,1,0.79,2.21,15.99,2.38,,Foil,Rare,173,"[Class Bonus] This card costs 1 less to activate.<br>
Choose one—<br>
• Summon an Automaton Drone token with a buff counter on it. • Put a buff counter on each ally you control.",Action,Guardian;Spell,Neos,Guardian,,,,,,,3,Fast
549947,Convoking Slime,Convoking Slime,https://tcgplayer-cdn.tcgplayer.com/product/549947_200w.jpg,74,23456,https://cpt.tcgcsv.com/Z-p6,2024-05-17T04:03:26.67,1,0.17,0.25,1.38,0.23,,Normal,Rare,174,"Pride 3<br>
[Class Bonus] At the beginning of your recollection phase, summon a copy of Convoking Slime rested. <em>(Counters on this ally are not copied.)</em>",Ally,Tamer;Beast;Slime,Neos,Tamer,,,,"<em>As a new sun rises, so does a new slime.</em>",2,,3,
549947,Convoking Slime,Convoking Slime,https://tcgplayer-cdn.tcgplayer.com/product/549947_200w.jpg,74,23456,https://cpt.tcgcsv.com/Z-p6,2024-05-17T04:03:26.67,1,2.42,4.47,7.99,5.67,,Foil,Rare,174,"Pride 3<br>
[Class Bonus] At the beginning of your recollection phase, summon a copy of Convoking Slime rested. <em>(Counters on this ally are not copied.)</em>",Ally,Tamer;Beast;Slime,Neos,Tamer,,,,"<em>As a new sun rises, so does a new slime.</em>",2,,3,
549948,"Cordelia, Aurous Kaiser",Cordelia Aurous Kaiser,https://tcgplayer-cdn.tcgplayer.com/product/549948_200w.jpg,74,23456,https://cpt.tcgcsv.com/--p6,2024-05-17T04:03:26.67,1,3.99,5.38,17.0,4.51,,Normal,Super Rare,175,"On Enter: Summon two Automaton Drone tokens. [Class Bonus] Token objects you control have reservable. <em>(While paying for a reserve cost, you may rest objects with reservable to pay for 1 of that cost.)</em>",Ally,Guardian;Human,Neos,Guardian,,,,"<em>“History favors the victor, and I intend to write it.”</em>",3,,5,
549948,"Cordelia, Aurous Kaiser",Cordelia Aurous Kaiser,https://tcgplayer-cdn.tcgplayer.com/product/549948_200w.jpg,74,23456,https://cpt.tcgcsv.com/--p6,2024-05-17T04:03:26.67,1,14.0,16.62,29.99,12.78,,Foil,Super Rare,175,"On Enter: Summon two Automaton Drone tokens. [Class Bonus] Token objects you control have reservable. <em>(While paying for a reserve cost, you may rest objects with reservable to pay for 1 of that cost.)</em>",Ally,Guardian;Human,Neos,Guardian,,,,"<em>“History favors the victor, and I intend to write it.”</em>",3,,5,
549949,"Cordelia, Aurous Kaiser (CSR)",Cordelia Aurous Kaiser CSR,https://tcgplayer-cdn.tcgplayer.com/product/549949_200w.jpg,74,23456,https://cpt.tcgcsv.com/_-p6,2024-05-17T04:03:26.67,1,199.51,275.0,447.99,,,Foil,Collector Super Rare,175,On Enter: Summon two Automaton Drone tokens. [Class Bonus] Token objects you control have reservable.,Ally,Guardian;Human,Neos,Guardian,,,,"<em>“History favors the victor, and I intend to write it.”</em>",3,,5,
549950,Echoic Guard,Echoic Guard,https://tcgplayer-cdn.tcgplayer.com/product/549950_200w.jpg,74,23456,https://cpt.tcgcsv.com/0_p6,2024-05-17T04:03:26.67,1,0.15,0.25,1.99,0.21,,Normal,Rare,176,"[Class Bonus] This card costs 1 less to activate.<br>
Prevent the next 2 damage that would be dealt to target ally this turn. Then you may pay <em>(X)</em> where X is that ally’s reserve cost. If you do, summon a token copy of that ally.",Action,Guardian;Skill;Reaction,Neos,Guardian,,,,,,,3,Fast
549950,Echoic Guard,Echoic Guard,https://tcgplayer-cdn.tcgplayer.com/product/549950_200w.jpg,74,23456,https://cpt.tcgcsv.com/0_p6,2024-05-17T04:03:26.67,1,0.9,1.0,5.0,1.25,,Foil,Rare,176,"[Class Bonus] This card costs 1 less to activate.<br>
Prevent the next 2 damage that would be dealt to target ally this turn. Then you may pay <em>(X)</em> where X is that ally’s reserve cost. If you do, summon a token copy of that ally.",Action,Guardian;Skill;Reaction,Neos,Guardian,,,,,,,3,Fast
549951,Curse Amplification,Curse Amplification,https://tcgplayer-cdn.tcgplayer.com/product/549951_200w.jpg,74,23456,https://cpt.tcgcsv.com/2_p6,2024-05-17T04:03:26.67,1,4.99,7.18,19.99,4.49,,Foil,Super Rare,177,"[Diana Bonus] This card costs 3 less to activate.<br>
If your champion has twenty or more damage counters on them, recover 4.<br>
For the rest of the game, Curse cards in lineages have “Inherited Effect: At the beginning of your recollection phase, deal 1 unpreventable damage to this object.”",Action,Ranger;Skill,Umbra,Ranger,,,,,,,6,Fast
549951,Curse Amplification,Curse Amplification,https://tcgplayer-cdn.tcgplayer.com/product/549951_200w.jpg,74,23456,https://cpt.tcgcsv.com/2_p6,2024-05-17T04:03:26.67,1,0.45,0.75,15.0,0.79,,Normal,Super Rare,177,"[Diana Bonus] This card costs 3 less to activate.<br>
If your champion has twenty or more damage counters on them, recover 4.<br>
For the rest of the game, Curse cards in lineages have “Inherited Effect: At the beginning of your recollection phase, deal 1 unpreventable damage to this object.”",Action,Ranger;Skill,Umbra,Ranger,,,,,,,6,Fast
549952,Curse Amplification (CSR),Curse Amplification CSR,https://tcgplayer-cdn.tcgplayer.com/product/549952_200w.jpg,74,23456,https://cpt.tcgcsv.com/3_p6,2024-05-17T04:03:26.67,1,279.0,285.0,300.0,,,Foil,Collector Super Rare,177,"[Diana Bonus] This card costs 3 less to activate.<br>
If your champion has twenty or more damage counters on them, recover 4.<br>
For the rest of the game, Curse cards in lineages have “Inherited Effect: At the beginning of your recollection phase, deal 1 unpreventable damage to this object.”",Action,Ranger;Skill,Umbra,Ranger,,,,,,,6,Fast
549953,Debilitating Grasp,Debilitating Grasp,https://tcgplayer-cdn.tcgplayer.com/product/549953_200w.jpg,74,23456,https://cpt.tcgcsv.com/5_p6,2024-05-17T04:03:26.67,1,1.49,2.0,6.22,1.9,,Foil,Rare,178,"[Class Bonus] On Champion Hit: Put Debilitating Grasp on the bottom of the hit champion’s lineage.<br>
Inherited Effect: The first card you activate each turn costs 1 more to activate.",Attack,Assassin;Curse;Dagger,Umbra,Assassin,,,,,2,,2,
549953,Debilitating Grasp,Debilitating Grasp,https://tcgplayer-cdn.tcgplayer.com/product/549953_200w.jpg,74,23456,https://cpt.tcgcsv.com/5_p6,2024-05-17T04:03:26.67,1,0.1,0.25,1.87,0.22,,Normal,Rare,178,"[Class Bonus] On Champion Hit: Put Debilitating Grasp on the bottom of the hit champion’s lineage.<br>
Inherited Effect: The first card you activate each turn costs 1 more to activate.",Attack,Assassin;Curse;Dagger,Umbra,Assassin,,,,,2,,2,
549954,Expunge,Expunge,https://tcgplayer-cdn.tcgplayer.com/product/549954_200w.jpg,74,23456,https://cpt.tcgcsv.com/6_p6,2024-05-17T04:03:26.67,1,7.95,7.99,15.14,9.38,,Foil,Rare,179,"As an additional cost to activate this card, discard a Curse card from a champion’s lineage.<br>
Deal X damage to all units where X is the reserve cost of the discarded card.",Action,Cleric;Spell,Umbra,Cleric,,,,,,,2,Slow
549954,Expunge,Expunge,https://tcgplayer-cdn.tcgplayer.com/product/549954_200w.jpg,74,23456,https://cpt.tcgcsv.com/6_p6,2024-05-17T04:03:26.67,1,0.1,0.25,1.91,0.17,,Normal,Rare,179,"As an additional cost to activate this card, discard a Curse card from a champion’s lineage.<br>
Deal X damage to all units where X is the reserve cost of the discarded card.",Action,Cleric;Spell,Umbra,Cleric,,,,,,,2,Slow
549955,Final Stroke,Final Stroke,https://tcgplayer-cdn.tcgplayer.com/product/549955_200w.jpg,74,23456,https://cpt.tcgcsv.com/7_p6,2024-05-17T04:03:26.67,1,2.0,3.05,17.69,2.92,,Normal,Ultra Rare,180,"Prepare 3<br>
[Class Bonus] On Champion Hit: If Final Stroke was prepared and there are twenty or more damage counters on the hit champion, destroy the hit champion.",Attack,Assassin;Dagger,Umbra,Assassin,,,,,5,,4,
549955,Final Stroke,Final Stroke,https://tcgplayer-cdn.tcgplayer.com/product/549955_200w.jpg,74,23456,https://cpt.tcgcsv.com/7_p6,2024-05-17T04:03:26.67,1,59.99,59.99,59.99,,,Foil,Ultra Rare,180,"Prepare 3<br>
[Class Bonus] On Champion Hit: If Final Stroke was prepared and there are twenty or more damage counters on the hit champion, destroy the hit champion.",Attack,Assassin;Dagger,Umbra,Assassin,,,,,5,,4,
549956,Gloamspire Sniper,Gloamspire Sniper,https://tcgplayer-cdn.tcgplayer.com/product/549956_200w.jpg,74,23456,https://cpt.tcgcsv.com/8_p6,2024-05-17T04:03:26.67,1,1.93,3.0,6.89,,,Foil,Uncommon,181,"Ranged 4, True Sight<br>
[Class Bonus] On Kill: Generate a Creeping Torment card and put it on the bottom of target champion’s lineage. <em>(To generate, add that card from outside of the game.)</em>",Ally,Ranger;Human,Umbra,Ranger,,,,,2,,3,
549956,Gloamspire Sniper,Gloamspire Sniper,https://tcgplayer-cdn.tcgplayer.com/product/549956_200w.jpg,74,23456,https://cpt.tcgcsv.com/8_p6,2024-05-17T04:03:26.67,1,0.08,0.21,1.36,0.14,,Normal,Uncommon,181,"Ranged 4, True Sight<br>
[Class Bonus] On Kill: Generate a Creeping Torment card and put it on the bottom of target champion’s lineage. <em>(To generate, add that card from outside of the game.)</em>",Ally,Ranger;Human,Umbra,Ranger,,,,,2,,3,
549957,Ominous Shadow,Ominous Shadow,https://tcgplayer-cdn.tcgplayer.com/product/549957_200w.jpg,74,23456,https://cpt.tcgcsv.com/9_p6,2024-05-17T04:03:26.67,1,0.17,0.24,0.99,0.22,,Normal,Common,182,"Unblockable <em>(This unit’s attacks can’t be intercepted and ignores taunt.)</em><br>
If damage would be dealt to Ominous Shadow, prevent 3 of that damage.<br>
Ominous Shadow may only declare attacks against units your champion has dealt combat damage to this turn.",Token;Ally,Assassin;Shadow,Umbra,Assassin,,,,,1,,3,
549957,Ominous Shadow,Ominous Shadow,https://tcgplayer-cdn.tcgplayer.com/product/549957_200w.jpg,74,23456,https://cpt.tcgcsv.com/9_p6,2024-05-17T04:03:26.67,1,26.17,27.97,41.5,11.04,,Foil,Common,182,"Unblockable <em>(This unit’s attacks can’t be intercepted and ignores taunt.)</em><br>
If damage would be dealt to Ominous Shadow, prevent 3 of that damage.<br>
Ominous Shadow may only declare attacks against units your champion has dealt combat damage to this turn.",Token;Ally,Assassin;Shadow,Umbra,Assassin,,,,,1,,3,
549958,Penumbral Waltz,Penumbral Waltz,https://tcgplayer-cdn.tcgplayer.com/product/549958_200w.jpg,74,23456,https://cpt.tcgcsv.com/b_p6,2024-05-17T04:03:26.67,1,3.78,11.99,19.0,15.89,,Foil,Super Rare,183,"As an additional cost to activate this card, remove X preparation counters from your champion. Prevent the next X+3 damage that would be dealt to your champion this turn. [Tristan Bonus] If X is 3 or greater, summon two Ominous Shadow tokens.",Action,Assassin;Skill;Reaction,Umbra,Assassin,,,,,,,0,Fast
549958,Penumbral Waltz,Penumbral Waltz,https://tcgplayer-cdn.tcgplayer.com/product/549958_200w.jpg,74,23456,https://cpt.tcgcsv.com/b_p6,2024-05-17T04:03:26.67,1,2.85,3.49,23.0,3.73,,Normal,Super Rare,183,"As an additional cost to activate this card, remove X preparation counters from your champion. Prevent the next X+3 damage that would be dealt to your champion this turn. [Tristan Bonus] If X is 3 or greater, summon two Ominous Shadow tokens.",Action,Assassin;Skill;Reaction,Umbra,Assassin,,,,,,,0,Fast
549959,Penumbral Waltz (CSR),Penumbral Waltz CSR,https://tcgplayer-cdn.tcgplayer.com/product/549959_200w.jpg,74,23456,https://cpt.tcgcsv.com/c_p6,2024-05-17T04:03:26.67,1,499.99,500.0,500.0,325.0,,Foil,Collector Super Rare,183,"As an additional cost to activate this card, remove X preparation counters from your champion. Prevent the next X+3 damage that would be dealt to your champion this turn. [Tristan Bonus] If X is 3 or greater, summon two Ominous Shadow tokens.",Action,Assassin;Skill;Reaction,Umbra,Assassin,,,,,,,0,Fast
549960,Possessed Remnant,Possessed Remnant,https://tcgplayer-cdn.tcgplayer.com/product/549960_200w.jpg,74,23456,https://cpt.tcgcsv.com/d_p6,2024-05-17T04:03:26.67,1,0.99,2.52,7.0,2.52,,Foil,Uncommon,184,[Tristan Bonus] On Death: Summon an Ominous Shadow token and recover 3. <em>(Apply this effect only if your champion is Tristan.)</em>,Ally,Assassin;Human,Umbra,Assassin,,,,<em>Artistic visions turn into haunting nightmares.</em>,3,,3,
549960,Possessed Remnant,Possessed Remnant,https://tcgplayer-cdn.tcgplayer.com/product/549960_200w.jpg,74,23456,https://cpt.tcgcsv.com/d_p6,2024-05-17T04:03:26.67,1,0.1,0.2,1.37,0.15,,Normal,Uncommon,184,[Tristan Bonus] On Death: Summon an Ominous Shadow token and recover 3. <em>(Apply this effect only if your champion is Tristan.)</em>,Ally,Assassin;Human,Umbra,Assassin,,,,<em>Artistic visions turn into haunting nightmares.</em>,3,,3,
549961,Powered Armsmaster,Powered Armsmaster,https://tcgplayer-cdn.tcgplayer.com/product/549961_200w.jpg,74,23456,https://cpt.tcgcsv.com/f_p6,2024-05-17T04:03:26.67,1,0.08,0.18,1.37,0.13,,Normal,Uncommon,185,"Ranged 3<br>
[Class Bonus] Whenever you sacrifice a Powercell, Powered Armsmaster becomes distant.<br>
On Death: Summon a Powercell token.",Ally,Ranger;Automaton,Umbra,Ranger,,,,<em>Your own personal arsenal. Just add power.</em>,1,,2,
549961,Powered Armsmaster,Powered Armsmaster,https://tcgplayer-cdn.tcgplayer.com/product/549961_200w.jpg,74,23456,https://cpt.tcgcsv.com/f_p6,2024-05-17T04:03:26.67,1,0.99,2.99,3.78,1.75,,Foil,Uncommon,185,"Ranged 3<br>
[Class Bonus] Whenever you sacrifice a Powercell, Powered Armsmaster becomes distant.<br>
On Death: Summon a Powercell token.",Ally,Ranger;Automaton,Umbra,Ranger,,,,<em>Your own personal arsenal. Just add power.</em>,1,,2,
549962,Revenant's Scourge,Revenants Scourge,https://tcgplayer-cdn.tcgplayer.com/product/549962_200w.jpg,74,23456,https://cpt.tcgcsv.com/g_p6,2024-05-17T04:03:26.67,1,14.99,15.74,44.99,14.74,,Foil,Super Rare,186,"[Class Bonus] On Champion Hit: If there are one or more Curse cards in the hit champion’s lineage, wake up the attacker and draw a card. <em>(Apply this effect only if your champion’s class matches this card’s class.)</em>",Attack,Assassin;Dagger,Umbra,Assassin,,,,,4,,1,
549962,Revenant's Scourge,Revenants Scourge,https://tcgplayer-cdn.tcgplayer.com/product/549962_200w.jpg,74,23456,https://cpt.tcgcsv.com/g_p6,2024-05-17T04:03:26.67,1,0.47,0.77,7.99,0.6,,Normal,Super Rare,186,"[Class Bonus] On Champion Hit: If there are one or more Curse cards in the hit champion’s lineage, wake up the attacker and draw a card. <em>(Apply this effect only if your champion’s class matches this card’s class.)</em>",Attack,Assassin;Dagger,Umbra,Assassin,,,,,4,,1,
549963,Sinister Mindreaver,Sinister Mindreaver,https://tcgplayer-cdn.tcgplayer.com/product/549963_200w.jpg,74,23456,https://cpt.tcgcsv.com/h_p6,2024-05-17T04:03:26.67,1,0.09,0.25,0.75,0.17,,Normal,Uncommon,187,"[Class Bonus] Fast Activation<br>
Ambush <em>(This ally may retaliate against attackers while not defending.)</em><br>
On Champion Hit: Look at that opponent’s memory. You may discard up to two cards from it. If you do, they draw that many cards into their memory.",Ally,Assassin;Human,Umbra,Assassin,,,,,2,,2,
549963,Sinister Mindreaver,Sinister Mindreaver,https://tcgplayer-cdn.tcgplayer.com/product/549963_200w.jpg,74,23456,https://cpt.tcgcsv.com/h_p6,2024-05-17T04:03:26.67,1,0.99,2.75,12.98,2.75,,Foil,Uncommon,187,"[Class Bonus] Fast Activation<br>
Ambush <em>(This ally may retaliate against attackers while not defending.)</em><br>
On Champion Hit: Look at that opponent’s memory. You may discard up to two cards from it. If you do, they draw that many cards into their memory.",Ally,Assassin;Human,Umbra,Assassin,,,,,2,,2,
549964,Siphoning Fractal,Siphoning Fractal,https://tcgplayer-cdn.tcgplayer.com/product/549964_200w.jpg,74,23456,https://cpt.tcgcsv.com/j_p6,2024-05-17T04:03:26.67,1,0.08,0.2,1.35,0.18,,Normal,Uncommon,188,"Whenever an ally dies, deal 1 damage to target champion you don’t control and recover 1.<br>
Reservable <em>(While paying for a reserve cost, you may rest this object to pay for 1 of that cost.)</em>",Phantasia,Cleric;Fractal,Umbra,Cleric,,,,<em>“Souls are a zero-sum game.”</em>,,,2,
549964,Siphoning Fractal,Siphoning Fractal,https://tcgplayer-cdn.tcgplayer.com/product/549964_200w.jpg,74,23456,https://cpt.tcgcsv.com/j_p6,2024-05-17T04:03:26.67,1,5.56,13.99,19.99,6.0,,Foil,Uncommon,188,"Whenever an ally dies, deal 1 damage to target champion you don’t control and recover 1.<br>
Reservable <em>(While paying for a reserve cost, you may rest this object to pay for 1 of that cost.)</em>",Phantasia,Cleric;Fractal,Umbra,Cleric,,,,<em>“Souls are a zero-sum game.”</em>,,,2,
549965,Slip Away,Slip Away,https://tcgplayer-cdn.tcgplayer.com/product/549965_200w.jpg,74,23456,https://cpt.tcgcsv.com/k_p6,2024-05-17T04:03:26.67,1,0.1,0.2,1.37,0.18,,Normal,Uncommon,189,"Imbue 2 <em>(You may reserve all cards revealed as you activate this card. If at least two of them are umbra element, this card becomes imbued.)</em><br>
Target unit becomes distant. If Slip Away is imbued, that unit also gains stealth and spellshroud until end of turn.",Action,Ranger;Skill;Reaction,Umbra,Ranger,,,,,,,2,Fast
549965,Slip Away,Slip Away,https://tcgplayer-cdn.tcgplayer.com/product/549965_200w.jpg,74,23456,https://cpt.tcgcsv.com/k_p6,2024-05-17T04:03:26.67,1,0.95,1.94,5.99,1.78,,Foil,Uncommon,189,"Imbue 2 <em>(You may reserve all cards revealed as you activate this card. If at least two of them are umbra element, this card becomes imbued.)</em><br>
Target unit becomes distant. If Slip Away is imbued, that unit also gains stealth and spellshroud until end of turn.",Action,Ranger;Skill;Reaction,Umbra,Ranger,,,,,,,2,Fast
549966,Suffocating Miasma,Suffocating Miasma,https://tcgplayer-cdn.tcgplayer.com/product/549966_200w.jpg,74,23456,https://cpt.tcgcsv.com/l_p6,2024-05-17T04:03:26.67,1,0.08,0.24,2.99,0.15,,Normal,Rare,190,"Imbue 2 On Enter: If Suffocating Miasma is imbued, you may put three debuff counters on target ally.<br>
At the beginning of each opponent’s recollection phase, that player puts a debuff counter on an ally they control. If they don’t, deal 2 unpreventable damage to their champion.",Phantasia,Assassin;Spell,Umbra,Assassin,,,,,,,2,
549966,Suffocating Miasma,Suffocating Miasma,https://tcgplayer-cdn.tcgplayer.com/product/549966_200w.jpg,74,23456,https://cpt.tcgcsv.com/l_p6,2024-05-17T04:03:26.67,1,1.44,1.48,5.0,1.47,,Foil,Rare,190,"Imbue 2 On Enter: If Suffocating Miasma is imbued, you may put three debuff counters on target ally.<br>
At the beginning of each opponent’s recollection phase, that player puts a debuff counter on an ally they control. If they don’t, deal 2 unpreventable damage to their champion.",Phantasia,Assassin;Spell,Umbra,Assassin,,,,,,,2,
549967,Vampiric Slime,Vampiric Slime,https://tcgplayer-cdn.tcgplayer.com/product/549967_200w.jpg,74,23456,https://cpt.tcgcsv.com/m_p6,2024-05-17T04:03:26.67,1,20.0,30.6,69.0,27.65,,Foil,Ultra Rare,191,"Pride 3<br>
[Class Bonus] On Hit: Recover X, where X is the amount of damage dealt by this hit.",Ally,Tamer;Beast;Slime,Umbra,Tamer,,,,"<em>The underbelly of Gloamspire nurtures malevolent mana, leeching into the ambient crystals and beasts.</em>",2,,2,
549967,Vampiric Slime,Vampiric Slime,https://tcgplayer-cdn.tcgplayer.com/product/549967_200w.jpg,74,23456,https://cpt.tcgcsv.com/m_p6,2024-05-17T04:03:26.67,1,4.5,9.99,29.99,5.05,,Normal,Ultra Rare,191,"Pride 3<br>
[Class Bonus] On Hit: Recover X, where X is the amount of damage dealt by this hit.",Ally,Tamer;Beast;Slime,Umbra,Tamer,,,,"<em>The underbelly of Gloamspire nurtures malevolent mana, leeching into the ambient crystals and beasts.</em>",2,,2,
